Symbol,Fund,Type,DLP MPID,DLP Firm,DLP Type,Bucket Label,Investment Strategy Group
AAAP,Pacer Barings CLO Market Flex ETF,ETF,RBCD,"RBC Capital Markets, LLC",Designated Liquidity Provider,Derivatives Strategy - Other tha,B
AADR,AdvisorShares Dorsey Wright ADR ETF,ETF,VIRT,Virtu Americas LLC,Designated Liquidity Provider,Equity - Blended Development,C
AAEQ,Alpha Architect US Equity 2 ETF,ETF,RBCD,"RBC Capital Markets, LLC",Designated Liquidity Provider,Equity - Developed Markets,A
AALG,Leverage Shares 2X Long AAL Daily ETF,ETF (Single Stock),IMCC,"IMC-Chicago, LLC",Designated Liquidity Provider,Derivatives Strategy - Developed,B
AAPB,GraniteShares 2x Long AAPL Daily ETF,ETF (Single Stock),VIRT,Virtu Americas LLC,Designated Liquidity Provider,Derivatives Strategy - Developed,B
AAPB,GraniteShares 2x Long AAPL Daily ETF,ETF (Single Stock),IMCC,"IMC-Chicago, LLC",Market Quality Supporter,Derivatives Strategy - Developed,B
AAPD,Direxion Daily AAPL Bear 1X ETF,ETF (Single Stock),SSUS,"Susquehanna Securities, LLC",Designated Liquidity Provider,Derivatives Strategy - Developed,High Volume ETP
AAPU,Direxion Daily AAPL Bull 2X ETF,ETF (Single Stock),SSUS,"Susquehanna Securities, LLC",Designated Liquidity Provider,Derivatives Strategy - Developed,High Volume ETP
AAUS,Alpha Architect US Equity ETF,ETF,RBCD,"RBC Capital Markets, LLC",Designated Liquidity Provider,Equity - Developed Markets,A
AAVM,Alpha Architect Global Factor Equity ETF,ETF,RBCD,"RBC Capital Markets, LLC",Designated Liquidity Provider,Equity - Blended Development,C
AAXJ,iShares MSCI All Country Asia ex Japan ETF,ETF,OLDM,Old Mission Capital LLC,Designated Liquidity Provider,Equity - Blended Development,C
AAXJ,iShares MSCI All Country Asia ex Japan ETF,ETF,CTDN,Citadel Securities LLC,Market Quality Supporter,Equity - Blended Development,C
ABCS,Alpha Blue Capital US Small-Mid Cap Dynamic ETF,ETF,GTSZ,"GTS Securities, LLC",Designated Liquidity Provider,Equity - Developed Micro to Smal,B
ABI,VictoryShares Pioneer Asset-Based Income ETF,ETF,JSCA,"Jane Street Capital, LLC",Designated Liquidity Provider,Derivatives Strategy - Other tha,B
ABIG,Argent Large Cap ETF,ETF,GTSZ,"GTS Securities, LLC",Designated Liquidity Provider,Equity - Developed Markets,A
ABNG,Leverage Shares 2x Long ABNB Daily ETF,ETF (Single Stock),GTSZ,"GTS Securities, LLC",Designated Liquidity Provider,Derivatives Strategy - Developed,B
ACEP,ARS Core Equity Portfolio ETF,ETF,GTSZ,"GTS Securities, LLC",Designated Liquidity Provider,Equity - Developed Markets,A
ACWI,iShares MSCI ACWI ETF,ETF,SSUS,"Susquehanna Securities, LLC",Designated Liquidity Provider,Equity - Blended Development,High Volume ETP
ACWX,iShares MSCI ACWI ex U.S. ETF,ETF,RBCD,"RBC Capital Markets, LLC",Designated Liquidity Provider,Equity - Blended Development,High Volume ETP
ADBG,Leverage Shares 2X Long ADBE Daily ETF,ETF (Single Stock),IMCC,"IMC-Chicago, LLC",Designated Liquidity Provider,Derivatives Strategy - Developed,High Volume ETP
AFOS,ARS Focused Opportunity Strategy ETF,ETF,GTSZ,"GTS Securities, LLC",Designated Liquidity Provider,Equity - Blended Development,C
AFSC,abrdn Focused U.S. Small Cap Active ETF,ETF,GTSZ,"GTS Securities, LLC",Designated Liquidity Provider,Equity - Developed Micro to Smal,B
AGEM,abrdn Emerging Markets Dividend Active ETF,ETF,GTSZ,"GTS Securities, LLC",Designated Liquidity Provider,Equity - Emerging and Frontier M,C
AGGA,EA Astoria Beacon Dynamic Core US Fixed Income ETF,ETF,MIRA,MIRAE ASSET SECURITIES (USA) INC.,Designated Liquidity Provider,Fixed Income - North America or,A
AGIX,KraneShares Public-Private AI & Technology ETF,ETF,VIRT,Virtu Americas LLC,Designated Liquidity Provider,Derivatives Strategy - Other tha,B
AGMI,Themes Silver Miners ETF,ETF,OLDM,Old Mission Capital LLC,Designated Liquidity Provider,Equity - Blended Development,C
AGNG,Global X Aging Population ETF,ETF,SSUS,"Susquehanna Securities, LLC",Designated Liquidity Provider,Equity - Developed Markets,A
AGZD,WisdomTree Interest Rate Hedged U.S. Aggregate Bond Fund,ETF,FLTU,Flow Traders U.S. LLC,Designated Liquidity Provider,Derivatives Strategy - Other tha,B
AGZD,WisdomTree Interest Rate Hedged U.S. Aggregate Bond Fund,ETF,PUND,Pundion LLC,Market Quality Supporter,Derivatives Strategy - Other tha,B
AHD,GraniteShares Autocallable HOOD ETF,ETF (Single Stock),JSCA,"Jane Street Capital, LLC",Designated Liquidity Provider,Derivatives Strategy - Developed,B
AIA,iShares Asia 50 ETF,ETF,JSCA,"Jane Street Capital, LLC",Designated Liquidity Provider,Equity - Blended Development,C
AIA,iShares Asia 50 ETF,ETF,SSUS,"Susquehanna Securities, LLC",Market Quality Supporter,Equity - Blended Development,C
AIFD,TCW Artificial Intelligence ETF,ETF,SSUS,"Susquehanna Securities, LLC",Designated Liquidity Provider,Equity - Blended Development,C
AIMS,Acuitas Small Cap Active ETF,ETF,VIRT,Virtu Americas LLC,Designated Liquidity Provider,Equity - Developed Micro to Smal,B
AIPI,REX AI Equity Premium Income ETF,ETF,OLDM,Old Mission Capital LLC,Designated Liquidity Provider,Derivatives Strategy - Developed,B
AIPO,Defiance AI & Power Infrastructure ETF,ETF,MIRA,MIRAE ASSET SECURITIES (USA) INC.,Designated Liquidity Provider,Equity - Blended Development,High Volume ETP
AIQ,Global X Artificial Intelligence & Technology ETF,ETF,SSUS,"Susquehanna Securities, LLC",Designated Liquidity Provider,Equity - Developed Markets,High Volume ETP
AIRR,First Trust RBA American Industrial Renaissance ETF,ETF,RBCD,"RBC Capital Markets, LLC",Designated Liquidity Provider,Equity - Developed Markets,A
AIRR,First Trust RBA American Industrial Renaissance ETF,ETF,OLDM,Old Mission Capital LLC,Market Quality Supporter,Equity - Developed Markets,A
AIX,Defiance US 100 Tech AI Moat ETF,ETF,GTSZ,"GTS Securities, LLC",Designated Liquidity Provider,Equity - Blended Development,C
ALBG,Leverage Shares 2X Long ALB Daily ETF,ETF (Single Stock),GTSZ,"GTS Securities, LLC",Designated Liquidity Provider,Derivatives Strategy - Developed,B
ALIL,Argent Focused Small Cap ETF,ETF,GTSZ,"GTS Securities, LLC",Designated Liquidity Provider,Equity - Developed Micro to Smal,B
ALLW,State Street Bridgewater All Weather ETF,ETF,CTDL,Citadel Securities LLC,Designated Liquidity Provider,Derivatives Strategy - Other tha,B
ALTY,Global X Alternative Income ETF,ETF,GTSZ,"GTS Securities, LLC",Designated Liquidity Provider,Derivatives Strategy - Other tha,B
AMA,Defiance Daily Target 2X Long AMAT ETF,ETF (Single Stock),GTSZ,"GTS Securities, LLC",Designated Liquidity Provider,Derivatives Strategy - Developed,B
AMDD,Direxion Daily AMD Bear 1X ETF,ETF (Single Stock),SSUS,"Susquehanna Securities, LLC",Designated Liquidity Provider,Derivatives Strategy - Developed,High Volume ETP
AMDG,Leverage Shares 2X Long AMD Daily ETF,ETF (Single Stock),IMCC,"IMC-Chicago, LLC",Designated Liquidity Provider,Derivatives Strategy - Developed,B
AMDL,GraniteShares 2x Long AMD Daily ETF,ETF (Single Stock),IMCC,"IMC-Chicago, LLC",Designated Liquidity Provider,Derivatives Strategy - Developed,High Volume ETP
AMEI,Amana Equity Income ETF,ETF,GTSZ,"GTS Securities, LLC",Designated Liquidity Provider,,
AMEM,Amana Developing World ETF,ETF,GTSZ,"GTS Securities, LLC",Designated Liquidity Provider,,
AMGR,Amana Growth ETF,ETF,GTSZ,"GTS Securities, LLC",Designated Liquidity Provider,,
AMID,Argent Mid Cap ETF,ETF,GTSZ,"GTS Securities, LLC",Designated Liquidity Provider,Equity - Developed Markets,A
AMUN,abrdn Ultra Short Municipal Income Active ETF,ETF,JSCA,"Jane Street Capital, LLC",Designated Liquidity Provider,Fixed Income - North America or,A
AMUU,Direxion Daily AMD Bull 2X ETF,ETF (Single Stock),SSUS,"Susquehanna Securities, LLC",Designated Liquidity Provider,Derivatives Strategy - Developed,B
AMUU,Direxion Daily AMD Bull 2X ETF,ETF (Single Stock),DVES,DV Equities,Market Quality Supporter,Derivatives Strategy - Developed,B
AMYY,GraniteShares YieldBOOST AMD ETF,ETF (Single Stock),JSCA,"Jane Street Capital, LLC",Designated Liquidity Provider,Derivatives Strategy - Developed,B
AMZD,Direxion Daily AMZN Bear 1X ETF,ETF (Single Stock),SSUS,"Susquehanna Securities, LLC",Designated Liquidity Provider,Derivatives Strategy - Developed,High Volume ETP
AMZU,Direxion Daily AMZN Bull 2X ETF,ETF (Single Stock),SSUS,"Susquehanna Securities, LLC",Designated Liquidity Provider,Derivatives Strategy - Developed,High Volume ETP
AMZZ,GraniteShares 2x Long AMZN Daily ETF,ETF (Single Stock),IMCC,"IMC-Chicago, LLC",Designated Liquidity Provider,Derivatives Strategy - Developed,B
ANEL,Defiance Daily Target 2x Long ANET ETF,ETF (Single Stock),IMCC,"IMC-Chicago, LLC",Designated Liquidity Provider,Derivatives Strategy - Developed,B
ANGL,VanEck Fallen Angel High Yield Bond ETF,ETF,JSCA,"Jane Street Capital, LLC",Designated Liquidity Provider,Fixed Income - North America or,A
ANV,GraniteShares Autocallable NVDA ETF,ETF (Single Stock),JSCA,"Jane Street Capital, LLC",Designated Liquidity Provider,Derivatives Strategy - Developed,B
AOHY,Angel Oak High Yield Opportunities ETF,ETF,VIRT,Virtu Americas LLC,Designated Liquidity Provider,Derivatives Strategy - Other tha,B
AOTG,AOT Growth and Innovation ETF,ETF,GTSZ,"GTS Securities, LLC",Designated Liquidity Provider,Equity - Developed Markets,A
APPX,Tradr 2X Long APP Daily ETF,ETF (Single Stock),OLDM,Old Mission Capital LLC,Designated Liquidity Provider,Derivatives Strategy - Developed,B
AQLG,HCM Large Cap Growth ETF,ETF,GTSZ,"GTS Securities, LLC",Designated Liquidity Provider,Equity - Developed Markets,A
AQWA,Global X Clean Water ETF,ETF,SSUS,"Susquehanna Securities, LLC",Designated Liquidity Provider,Equity - Blended Development,C
ARMG,Leverage Shares 2X Long ARM Daily ETF,ETF (Single Stock),IMCC,"IMC-Chicago, LLC",Designated Liquidity Provider,Derivatives Strategy - Developed,High Volume ETP
ARMY,Tema International Defense ETF,ETF,OLDM,Old Mission Capital LLC,Designated Liquidity Provider,Equity - Blended Development,C
ARVR,First Trust Indxx Metaverse ETF,ETF,CTDN,Citadel Securities LLC,Designated Liquidity Provider,Equity - Blended Development,C
ASCI,abrdn International Small Cap Active ETF,ETF,CTDN,Citadel Securities LLC,Designated Liquidity Provider,Equity - Developed Micro to Smal,B
ASD,Defiance Autism Impact ETF,ETF,SSUS,"Susquehanna Securities, LLC",Designated Liquidity Provider,Equity - Blended Development,C
ASEC,American Century Securitized Credit ETF,ETF,VIRT,Virtu Americas LLC,Designated Liquidity Provider,Derivatives Strategy - Other tha,B
ASMG,Leverage Shares 2X Long ASML Daily ETF,ETF (Single Stock),IMCC,"IMC-Chicago, LLC",Designated Liquidity Provider,Derivatives Strategy - Developed,B
ASMU,Direxion Daily ASML Bull 2X ETF,ETF (Single Stock),SSUS,"Susquehanna Securities, LLC",Designated Liquidity Provider,Derivatives Strategy - Developed,B
ATC,GraniteShares Autocallable COIN ETF,ETF (Single Stock),JSCA,"Jane Street Capital, LLC",Designated Liquidity Provider,Derivatives Strategy - Developed,B
AUMI,Themes Gold Miners ETF,ETF,VIRT,Virtu Americas LLC,Designated Liquidity Provider,Equity - Blended Development,C
AVGB,Avantis Credit ETF,ETF,JSCA,"Jane Street Capital, LLC",Designated Liquidity Provider,Derivatives Strategy - Other tha,B
AVGB,Avantis Credit ETF,ETF,CTDL,Citadel Securities LLC,Market Quality Supporter,Derivatives Strategy - Other tha,B
AVGG,Leverage Shares 2X Long AVGO Daily ETF,ETF (Single Stock),IMCC,"IMC-Chicago, LLC",Designated Liquidity Provider,Derivatives Strategy - Developed,B
AVGU,GraniteShares 2x Long AVGO Daily ETF,ETF (Single Stock),GTSZ,"GTS Securities, LLC",Designated Liquidity Provider,Derivatives Strategy - Developed,B
AVGX,Defiance Daily Target 2X Long AVGO ETF,ETF (Single Stock),IMCC,"IMC-Chicago, LLC",Designated Liquidity Provider,Derivatives Strategy - Developed,High Volume ETP
AVL,Direxion Daily AVGO Bull 2X ETF,ETF (Single Stock),SSUS,"Susquehanna Securities, LLC",Designated Liquidity Provider,Derivatives Strategy - Developed,High Volume ETP
AVL,Direxion Daily AVGO Bull 2X ETF,ETF (Single Stock),DVES,DV Equities,Market Quality Supporter,Derivatives Strategy - Developed,High Volume ETP
AVOS,Avos Global Equities ETF,ETF,GTSZ,"GTS Securities, LLC",Designated Liquidity Provider,Equity - Blended Development,C
AVS,Direxion Daily AVGO Bear 1X ETF,ETF (Single Stock),SSUS,"Susquehanna Securities, LLC",Designated Liquidity Provider,Derivatives Strategy - Developed,High Volume ETP
AVS,Direxion Daily AVGO Bear 1X ETF,ETF (Single Stock),DVES,DV Equities,Market Quality Supporter,Derivatives Strategy - Developed,High Volume ETP
AVUQ,Avantis U.S. Quality ETF,ETF,CTDL,Citadel Securities LLC,Designated Liquidity Provider,Equity - Developed Markets,A
AVUQ,Avantis U.S. Quality ETF,ETF,SSUS,"Susquehanna Securities, LLC",Market Quality Supporter,Equity - Developed Markets,A
AVUQ,Avantis U.S. Quality ETF,ETF,DVES,DV Equities,Market Quality Supporter,Equity - Developed Markets,A
AVXC,Avantis Emerging Markets ex-China Equity ETF,ETF,CTDN,Citadel Securities LLC,Designated Liquidity Provider,Equity - Emerging and Frontier M,C
AVXC,Avantis Emerging Markets ex-China Equity ETF,ETF,DVES,DV Equities,Market Quality Supporter,Equity - Emerging and Frontier M,C
AVXC,Avantis Emerging Markets ex-China Equity ETF,ETF,OLDM,Old Mission Capital LLC,Market Quality Supporter,Equity - Emerging and Frontier M,C
AVXC,Avantis Emerging Markets ex-China Equity ETF,ETF,SSUS,"Susquehanna Securities, LLC",Market Quality Supporter,Equity - Emerging and Frontier M,C
AVXX,Defiance Daily Target 2x Long AVAV ETF,ETF (Single Stock),GTSZ,"GTS Securities, LLC",Designated Liquidity Provider,Derivatives Strategy - Developed,B
AXPG,Leverage Shares 2x Long AXP Daily ETF,ETF (Single Stock),GTSZ,"GTS Securities, LLC",Designated Liquidity Provider,Derivatives Strategy - Developed,B
AZYY,GraniteShares YieldBoost AMZN ETF,ETF (Single Stock),JSCA,"Jane Street Capital, LLC",Designated Liquidity Provider,Derivatives Strategy - Developed,B
BABU,Direxion Daily BABA Bull 2X ETF,ETF (Single Stock),GTSZ,"GTS Securities, LLC",Designated Liquidity Provider,Derivatives Strategy - Developed,B
BABX,GraniteShares 2x Long BABA Daily ETF,ETF (Single Stock),IMCC,"IMC-Chicago, LLC",Designated Liquidity Provider,Derivatives Strategy - Developed,B
BAFE,Brown Advisory Flexible Equity ETF,ETF,VIRT,Virtu Americas LLC,Designated Liquidity Provider,Equity - Blended Development,C
BAIG,Leverage Shares 2X Long BBAI Daily ETF,ETF (Single Stock),IMCC,"IMC-Chicago, LLC",Designated Liquidity Provider,Derivatives Strategy - Developed,B
BAIV,Brown Advisory International Value Select ETF,ETF,VIRT,Virtu Americas LLC,Designated Liquidity Provider,Equity - Blended Development,C
BALQ,iShares Nasdaq Premium Income Active ETF,ETF,SSUS,"Susquehanna Securities, LLC",Designated Liquidity Provider,Derivatives Strategy - Developed,B
BASG,Brown Advisory Sustainable Growth ETF,ETF,VIRT,Virtu Americas LLC,Designated Liquidity Provider,Equity - Developed Markets,A
BASV,Brown Advisory Sustainable Value ETF,ETF,VIRT,Virtu Americas LLC,Designated Liquidity Provider,Derivatives Strategy - Other tha,B
BBB,CYBER HORNET S&P 500 and Bitcoin 75/25 Strategy ETF,ETF,WTLP,"Wolverine Trading, LLC",Designated Liquidity Provider,Derivatives Strategy - Other tha,B
BBH,VanEck Biotech ETF,ETF,VIRT,Virtu Americas LLC,Designated Liquidity Provider,Equity - Developed Markets,A
BBH,VanEck Biotech ETF,ETF,XGWD,Latour Trading LLC,Market Quality Supporter,Equity - Developed Markets,A
BBH,VanEck Biotech ETF,ETF,DVES,DV Equities,Market Quality Supporter,Equity - Developed Markets,A
BBUL,GraniteShares 2x Long BB Daily ETF,ETF (Single Stock),IMCC,"IMC-Chicago, LLC",Designated Liquidity Provider,ERROR - Not Assigned,C
BBYY,GraniteShares YieldBOOST BABA ETF,ETF (Single Stock),JSCA,"Jane Street Capital, LLC",Designated Liquidity Provider,Derivatives Strategy - Developed,B
BCFN,Baron Financials ETF,ETF,SSUS,"Susquehanna Securities, LLC",Designated Liquidity Provider,Equity - Blended Development,C
BCLO,iShares BBB-B CLO Active ETF,ETF,RBCD,"RBC Capital Markets, LLC",Designated Liquidity Provider,Derivatives Strategy - Other tha,B
BCTK,Baron Technology ETF,ETF,SSUS,"Susquehanna Securities, LLC",Designated Liquidity Provider,Equity - Blended Development,C
BDGS,Bridges Capital Tactical ETF,ETF,GTSZ,"GTS Securities, LLC",Designated Liquidity Provider,Equity - Developed Markets,A
BDVL,iShares Disciplined Volatility Equity Active ETF,ETF,CTDN,Citadel Securities LLC,Designated Liquidity Provider,Derivatives Strategy - Other tha,B
BDYN,iShares Dynamic Equity Active ETF,ETF,RBCD,"RBC Capital Markets, LLC",Designated Liquidity Provider,Derivatives Strategy - Other tha,B
BEDY,BNY Mellon Enhanced Dividend and Income ETF,ETF,GTSZ,"GTS Securities, LLC",Designated Liquidity Provider,Derivatives Strategy - Developed,B
BEDY,BNY Mellon Enhanced Dividend and Income ETF,ETF,DVES,DV Equities,Market Quality Supporter,Derivatives Strategy - Developed,B
BEEX,The Beehive ETF,ETF,MIRA,MIRAE ASSET SECURITIES (USA) INC.,Designated Liquidity Provider,Equity - Developed Markets,A
BEEZ,Honeytree U.S. Equity ETF,ETF,GTSZ,"GTS Securities, LLC",Designated Liquidity Provider,Equity - Developed Markets,A
BEG,Leverage Shares 2x Long BE Daily ETF,ETF (Single Stock),IMCC,"IMC-Chicago, LLC",Designated Liquidity Provider,Derivatives Strategy - Developed,B
BELT,iShares U.S. Select Equity Active ETF,ETF,VIRT,Virtu Americas LLC,Designated Liquidity Provider,Derivatives Strategy - Developed,B
BELT,iShares U.S. Select Equity Active ETF,ETF,OLDM,Old Mission Capital LLC,Market Quality Supporter,Derivatives Strategy - Developed,B
BESO,GSR Crypto Core3 ETF,ETF,JSCA,"Jane Street Capital, LLC",Designated Liquidity Provider,Currency - Cryptocurrency,A
BFLX,iShares Flexible Equity Active ETF,ETF,JSCA,"Jane Street Capital, LLC",Designated Liquidity Provider,Derivatives Strategy - Other tha,High Volume ETP
BGCG,Baillie Gifford International Concentrated Growth ETF,ETF,CTDN,Citadel Securities LLC,Designated Liquidity Provider,Equity - Blended Development,C
BGEG,Baillie Gifford Emerging Markets ETF,ETF,JSCA,"Jane Street Capital, LLC",Designated Liquidity Provider,Equity - Emerging and Frontier M,C
BGGG,Baillie Gifford Long Term Global Growth ETF,ETF,JSCA,"Jane Street Capital, LLC",Designated Liquidity Provider,Equity - Blended Development,C
BGIA,Baillie Gifford International Alpha ETF,ETF,CTDN,Citadel Securities LLC,Designated Liquidity Provider,Equity - Blended Development,C
BGRN,iShares USD Green Bond ETF,ETF,JSCA,"Jane Street Capital, LLC",Designated Liquidity Provider,Fixed Income - International,B
BGRN,iShares USD Green Bond ETF,ETF,SSUS,"Susquehanna Securities, LLC",Market Quality Supporter,Fixed Income - International,B
BGRO,iShares Large Cap Growth Active ETF,ETF,VIRT,Virtu Americas LLC,Designated Liquidity Provider,Equity - Blended Development,C
BGRO,iShares Large Cap Growth Active ETF,ETF,OLDM,Old Mission Capital LLC,Market Quality Supporter,Equity - Blended Development,C
BHDG,Nicholas Bitcoin Tail ETF,ETF,JSCA,"Jane Street Capital, LLC",Designated Liquidity Provider,Derivatives Strategy - Other tha,B
BIB,ProShares Ultra Nasdaq Biotechnology,ETF,VIRT,Virtu Americas LLC,Designated Liquidity Provider,Derivatives Strategy - Developed,B
BIB,ProShares Ultra Nasdaq Biotechnology,ETF,XGWD,Latour Trading LLC,Market Quality Supporter,Derivatives Strategy - Developed,B
BIDG,Leverage Shares 2X Long BIDU Daily ETF,ETF (Single Stock),GTSZ,"GTS Securities, LLC",Designated Liquidity Provider,Derivatives Strategy - Developed,B
BIOY,GraniteShares YieldBOOST Biotech ETF,ETF,JSCA,"Jane Street Capital, LLC",Designated Liquidity Provider,Derivatives Strategy - Developed,B
BIS,ProShares UltraShort Nasdaq Biotechnology,ETF,VIRT,Virtu Americas LLC,Designated Liquidity Provider,Derivatives Strategy - Developed,B
BIS,ProShares UltraShort Nasdaq Biotechnology,ETF,XGWD,Latour Trading LLC,Market Quality Supporter,Derivatives Strategy - Developed,B
BITA,iShares Bitcoin Premium Income ETF,SUBCODE: CB,SSUS,"Susquehanna Securities, LLC",Designated Liquidity Provider,Derivatives Strategy - Other tha,B
BITS,Global X Blockchain & Bitcoin Strategy ETF,ETF,SSUS,"Susquehanna Securities, LLC",Designated Liquidity Provider,Derivatives Strategy - Other tha,B
BKCH,Global X Blockchain ETF,ETF,SSUS,"Susquehanna Securities, LLC",Designated Liquidity Provider,Equity - Blended Development,C
BKMI,BNY Mellon Municipal Intermediate ETF,ETF,OLDM,Old Mission Capital LLC,Designated Liquidity Provider,Derivatives Strategy - Other tha,B
BKMS,BNY Mellon Municipal Short Duration ETF,ETF,OLDM,Old Mission Capital LLC,Designated Liquidity Provider,Derivatives Strategy - Other tha,B
BLCN,Siren NexGen Economy ETF,ETF,GTSZ,"GTS Securities, LLC",Designated Liquidity Provider,Equity - Blended Development,C
BLCR,iShares Large Cap Core Active ETF,ETF,OLDM,Old Mission Capital LLC,Designated Liquidity Provider,Derivatives Strategy - Developed,B
BLCR,iShares Large Cap Core Active ETF,ETF,CTDL,Citadel Securities LLC,Market Quality Supporter,Derivatives Strategy - Developed,B
BLSG,Leverage Shares 2X Long BLSH Daily ETF,ETF (Single Stock),GTSZ,"GTS Securities, LLC",Designated Liquidity Provider,Derivatives Strategy - Developed,B
BMNG,Leverage Shares 2X Long BMNR Daily ETF,ETF (Single Stock),IMCC,"IMC-Chicago, LLC",Designated Liquidity Provider,Derivatives Strategy - Developed,B
BMOP,BNY Mellon Municipal Opportunities ETF,ETF,OLDM,Old Mission Capital LLC,Designated Liquidity Provider,Derivatives Strategy - Other tha,B
BND,Vanguard Total Bond Market ETF,ETF,JSCA,"Jane Street Capital, LLC",Designated Liquidity Provider,Fixed Income - North America or,High Volume ETP
BNDP,Vanguard Core-Plus Bond Index ETF,ETF,JSCA,"Jane Street Capital, LLC",Designated Liquidity Provider,Fixed Income - North America or,A
BNDW,Vanguard Total World Bond ETF,ETF,JSCA,"Jane Street Capital, LLC",Designated Liquidity Provider,Fixed Income - North America or,A
BNDW,Vanguard Total World Bond ETF,ETF,SSUS,"Susquehanna Securities, LLC",Market Quality Supporter,Fixed Income - North America or,A
BNDX,Vanguard Total International Bond ETF,ETF,JSCA,"Jane Street Capital, LLC",Designated Liquidity Provider,Fixed Income - North America or,High Volume ETP
BOEG,Leverage Shares 2X Long BA Daily ETF,ETF (Single Stock),IMCC,"IMC-Chicago, LLC",Designated Liquidity Provider,Derivatives Strategy - Developed,B
BOEU,Direxion Daily BA Bull 2X ETF,ETF (Single Stock),GTSZ,"GTS Securities, LLC",Designated Liquidity Provider,Derivatives Strategy - Developed,B
BOEU,Direxion Daily BA Bull 2X ETF,ETF (Single Stock),DVES,DV Equities,Market Quality Supporter,Derivatives Strategy - Developed,B
BOTT,Themes Humanoid Robotics ETF,ETF,OLDM,Old Mission Capital LLC,Designated Liquidity Provider,Equity - Developed Markets,A
BOTZ,Global X Robotics & Artificial Intelligence ETF,ETF,SSUS,"Susquehanna Securities, LLC",Designated Liquidity Provider,Equity - Developed Markets,High Volume ETP
BREM,iShares Emerging Markets Bond Active ETF,ETF,RBCD,"RBC Capital Markets, LLC",Designated Liquidity Provider,Derivatives Strategy - Other tha,B
BRES,Burney U.S. Equity Select ETF,ETF,GTSZ,"GTS Securities, LLC",Designated Liquidity Provider,Equity - Developed Markets,A
BRHY,iShares High Yield Active ETF,ETF,JSCA,"Jane Street Capital, LLC",Designated Liquidity Provider,Derivatives Strategy - Other tha,B
BRHY,iShares High Yield Active ETF,ETF,FLTG,Flow Traders U.S. LLC,Market Quality Supporter,Derivatives Strategy - Other tha,B
BRKU,Direxion Daily BRKB Bull 2X ETF,ETF (Single Stock),SSUS,"Susquehanna Securities, LLC",Designated Liquidity Provider,Derivatives Strategy - Developed,B
BRKU,Direxion Daily BRKB Bull 2X ETF,ETF (Single Stock),DVES,DV Equities,Market Quality Supporter,Derivatives Strategy - Developed,B
BRNY,Burney U.S. Factor Rotation ETF,ETF,GTSZ,"GTS Securities, LLC",Designated Liquidity Provider,Equity - Developed Markets,A
BRRR,Coinshares Bitcoin ETF,ETF,FLTG,Flow Traders U.S. LLC,Designated Liquidity Provider,Currency - Cryptocurrency,A
BRTR,iShares Total Return Active ETF,ETF,JSCA,"Jane Street Capital, LLC",Designated Liquidity Provider,Derivatives Strategy - Other tha,B
BRTR,iShares Total Return Active ETF,ETF,FLTU,Flow Traders U.S. LLC,Market Quality Supporter,Derivatives Strategy - Other tha,B
BSCA,Invesco BulletShares 2036 Corporate Bond ETF,ETF,JSCA,"Jane Street Capital, LLC",Designated Liquidity Provider,Fixed Income - North America or,A
BSCQ,Invesco BulletShares 2026 Corporate Bond ETF,ETF,JSCA,"Jane Street Capital, LLC",Designated Liquidity Provider,Fixed Income - North America or,A
BSCR,Invesco BulletShares 2027 Corporate Bond ETF,ETF,JSCA,"Jane Street Capital, LLC",Designated Liquidity Provider,Fixed Income - North America or,A
BSCR,Invesco BulletShares 2027 Corporate Bond ETF,ETF,OLDM,Old Mission Capital LLC,Market Quality Supporter,Fixed Income - North America or,A
BSCS,Invesco BulletShares 2028 Corporate Bond ETF,ETF,JSCA,"Jane Street Capital, LLC",Designated Liquidity Provider,Fixed Income - North America or,A
BSCS,Invesco BulletShares 2028 Corporate Bond ETF,ETF,OLDM,Old Mission Capital LLC,Market Quality Supporter,Fixed Income - North America or,A
BSCT,Invesco BulletShares 2029 Corporate Bond ETF,ETF,JSCA,"Jane Street Capital, LLC",Designated Liquidity Provider,Fixed Income - North America or,A
BSCT,Invesco BulletShares 2029 Corporate Bond ETF,ETF,OLDM,Old Mission Capital LLC,Market Quality Supporter,Fixed Income - North America or,A
BSCU,Invesco BulletShares 2030 Corporate Bond ETF,ETF,CTDL,Citadel Securities LLC,Designated Liquidity Provider,Fixed Income - North America or,A
BSCU,Invesco BulletShares 2030 Corporate Bond ETF,ETF,OLDM,Old Mission Capital LLC,Market Quality Supporter,Fixed Income - North America or,A
BSCV,Invesco BulletShares 2031 Corporate Bond ETF,ETF,SSUS,"Susquehanna Securities, LLC",Designated Liquidity Provider,Fixed Income - North America or,A
BSCV,Invesco BulletShares 2031 Corporate Bond ETF,ETF,OLDM,Old Mission Capital LLC,Market Quality Supporter,Fixed Income - North America or,A
BSCW,Invesco BulletShares 2032 Corporate Bond ETF,ETF,SSUS,"Susquehanna Securities, LLC",Designated Liquidity Provider,Fixed Income - North America or,A
BSCW,Invesco BulletShares 2032 Corporate Bond ETF,ETF,OLDM,Old Mission Capital LLC,Market Quality Supporter,Fixed Income - North America or,A
BSCX,Invesco BulletShares 2033 Corporate Bond ETF,ETF,FLTU,Flow Traders U.S. LLC,Designated Liquidity Provider,Fixed Income - North America or,A
BSCX,Invesco BulletShares 2033 Corporate Bond ETF,ETF,OLDM,Old Mission Capital LLC,Market Quality Supporter,Fixed Income - North America or,A
BSCY,Invesco BulletShares 2034 Corporate Bond ETF,ETF,JSCA,"Jane Street Capital, LLC",Designated Liquidity Provider,Fixed Income - North America or,A
BSCZ,Invesco BulletShares 2035 Corporate Bond ETF,ETF,JSCA,"Jane Street Capital, LLC",Designated Liquidity Provider,Fixed Income - North America or,A
BSGR,Invesco BulletShares 2027 Treasury Bond ETF,ETF,JSCA,"Jane Street Capital, LLC",Designated Liquidity Provider,Fixed Income - US Government,A
BSGT,Invesco BulletShares 2029 Treasury Bond ETF,ETF,JSCA,"Jane Street Capital, LLC",Designated Liquidity Provider,Fixed Income - US Government,A
BSJQ,Invesco BulletShares 2026 High Yield Corporate Bond ETF,ETF,JSCA,"Jane Street Capital, LLC",Designated Liquidity Provider,Fixed Income - North America or,A
BSJQ,Invesco BulletShares 2026 High Yield Corporate Bond ETF,ETF,OLDM,Old Mission Capital LLC,Market Quality Supporter,Fixed Income - North America or,A
BSJR,Invesco BulletShares 2027 High Yield Corporate Bond ETF,ETF,JSCA,"Jane Street Capital, LLC",Designated Liquidity Provider,Fixed Income - North America or,A
BSJR,Invesco BulletShares 2027 High Yield Corporate Bond ETF,ETF,OLDM,Old Mission Capital LLC,Market Quality Supporter,Fixed Income - North America or,A
BSJS,Invesco BulletShares 2028 High Yield Corporate Bond ETF,ETF,CTDL,Citadel Securities LLC,Designated Liquidity Provider,Fixed Income - North America or,A
BSJS,Invesco BulletShares 2028 High Yield Corporate Bond ETF,ETF,OLDM,Old Mission Capital LLC,Market Quality Supporter,Fixed Income - North America or,A
BSJT,Invesco BulletShares 2029 High Yield Corporate Bond ETF,ETF,CTDL,Citadel Securities LLC,Designated Liquidity Provider,Fixed Income - North America or,A
BSJU,Invesco BulletShares 2030 High Yield Corporate Bond ETF,ETF,JSCA,"Jane Street Capital, LLC",Designated Liquidity Provider,Fixed Income - North America or,A
BSJV,Invesco BulletShares 2031 High Yield Corporate Bond ETF,ETF,FLTU,Flow Traders U.S. LLC,Designated Liquidity Provider,Fixed Income - North America or,A
BSJW,Invesco BulletShares 2032 High Yield Corporate Bond ETF,ETF,JSCA,"Jane Street Capital, LLC",Designated Liquidity Provider,Fixed Income - North America or,A
BSJX,Invesco BulletShares 2033 High Yield Corporate Bond ETF,ETF,JSCA,"Jane Street Capital, LLC",Designated Liquidity Provider,Fixed Income - North America or,A
BSJY,Invesco BulletShares 2034 High Yield Corporate Bond ETF,ETF,JSCA,"Jane Street Capital, LLC",Designated Liquidity Provider,Fixed Income - North America or,A
BSMQ,Invesco BulletShares 2026 Municipal Bond ETF,ETF,JSCA,"Jane Street Capital, LLC",Designated Liquidity Provider,Fixed Income - North America or,A
BSMQ,Invesco BulletShares 2026 Municipal Bond ETF,ETF,OLDM,Old Mission Capital LLC,Market Quality Supporter,Fixed Income - North America or,A
BSMR,Invesco BulletShares 2027 Municipal Bond ETF,ETF,JSCA,"Jane Street Capital, LLC",Designated Liquidity Provider,Fixed Income - North America or,A
BSMS,Invesco BulletShares 2028 Municipal Bond ETF,ETF,JSCA,"Jane Street Capital, LLC",Designated Liquidity Provider,Fixed Income - North America or,A
BSMT,Invesco BulletShares 2029 Municipal Bond ETF,ETF,JSCA,"Jane Street Capital, LLC",Designated Liquidity Provider,Fixed Income - North America or,A
BSMT,Invesco BulletShares 2029 Municipal Bond ETF,ETF,OLDM,Old Mission Capital LLC,Market Quality Supporter,Fixed Income - North America or,A
BSMU,Invesco BulletShares 2030 Municipal Bond ETF,ETF,JSCA,"Jane Street Capital, LLC",Designated Liquidity Provider,Fixed Income - North America or,A
BSMV,Invesco BulletShares 2031 Municipal Bond ETF,ETF,JSCA,"Jane Street Capital, LLC",Designated Liquidity Provider,Fixed Income - North America or,A
BSMW,Invesco BulletShares 2032 Municipal Bond ETF,ETF,OLDM,Old Mission Capital LLC,Designated Liquidity Provider,Fixed Income - North America or,A
BSMY,Invesco BulletShares 2034 Municipal Bond ETF,ETF,JSCA,"Jane Street Capital, LLC",Designated Liquidity Provider,Fixed Income - North America or,A
BSMZ,Invesco BulletShares 2035 Municipal Bond ETF,ETF,JSCA,"Jane Street Capital, LLC",Designated Liquidity Provider,Fixed Income - North America or,A
BSSX,Invesco BulletShares 2033 Municipal Bond ETF,ETF,FLTU,Flow Traders U.S. LLC,Designated Liquidity Provider,Fixed Income - North America or,A
BSTS,Invesco BulletShares 2028 Treasury Bond ETF,ETF,JSCA,"Jane Street Capital, LLC",Designated Liquidity Provider,Fixed Income - US Government,A
BSTU,Invesco BulletShares 2030 Treasury Bond ETF,ETF,JSCA,"Jane Street Capital, LLC",Designated Liquidity Provider,Fixed Income - US Government,A
BSTV,Invesco BulletShares 2031 Treasury Bond ETF,ETF,JSCA,"Jane Street Capital, LLC",Designated Liquidity Provider,Fixed Income - US Government,A
BSVO,EA Bridgeway Omni Small-Cap Value ETF,ETF,RBCD,"RBC Capital Markets, LLC",Designated Liquidity Provider,Equity - Developed Micro to Smal,B
BTF,CoinShares Bitcoin and Ether ETF,ETF,WINR,"Jump Trading, LLC",Designated Liquidity Provider,Derivatives Strategy - Other tha,B
BTGD,STKd 100% Bitcoin & 100% Gold ETF,ETF,VIRT,Virtu Americas LLC,Designated Liquidity Provider,Derivatives Strategy - Other tha,B
BUFC,AB Conservative Buffer ETF,ETF,SSUS,"Susquehanna Securities, LLC",Designated Liquidity Provider,Derivatives Strategy - Developed,B
BUFI,AB International Buffer ETF,ETF,SSUS,"Susquehanna Securities, LLC",Designated Liquidity Provider,Derivatives Strategy - Developed,B
BUFM,AB Moderate Buffer ETF,ETF,SSUS,"Susquehanna Securities, LLC",Designated Liquidity Provider,Derivatives Strategy - Developed,B
BUG,Global X Cybersecurity ETF,ETF,GTSZ,"GTS Securities, LLC",Designated Liquidity Provider,Equity - Blended Development,High Volume ETP
BULD,Pacer BlueStar Engineering the Future ETF,ETF,VIRT,Virtu Americas LLC,Designated Liquidity Provider,Equity - Developed Markets,A
BULG,Leverage Shares 2X Long BULL Daily ETF,ETF (Single Stock),IMCC,"IMC-Chicago, LLC",Designated Liquidity Provider,Derivatives Strategy - Developed,B
CAFG,Pacer US Small Cap Cash Cows Growth Leaders ETF,ETF,RBCD,"RBC Capital Markets, LLC",Designated Liquidity Provider,Equity - Developed Micro to Smal,B
CAIQ,Calamos Nasdaq Autocallable Income ETF,ETF,JSCA,"Jane Street Capital, LLC",Designated Liquidity Provider,Derivatives Strategy - Developed,B
CALI,iShares Short-Term California Muni Active ETF,ETF,JSCA,"Jane Street Capital, LLC",Designated Liquidity Provider,Fixed Income - North America or,A
CALI,iShares Short-Term California Muni Active ETF,ETF,OLDM,Old Mission Capital LLC,Market Quality Supporter,Fixed Income - North America or,A
CANC,Tema Oncology ETF,ETF,VIRT,Virtu Americas LLC,Designated Liquidity Provider,Equity - Developed Markets,A
CANQ,Calamos Nasdaq Equity & Income ETF,ETF,WTLP,"Wolverine Trading, LLC",Designated Liquidity Provider,Derivatives Strategy - Other tha,B
CARY,Angel Oak Income ETF,ETF,VIRT,Virtu Americas LLC,Designated Liquidity Provider,Fixed Income - Loans and Convert,B
CARZ,First Trust S-Network Future Vehicles & Technology ETF,ETF,SSUS,"Susquehanna Securities, LLC",Designated Liquidity Provider,Equity - Blended Development,C
CATH,Global X S&P 500 Catholic Values ETF,ETF,SSUS,"Susquehanna Securities, LLC",Designated Liquidity Provider,Equity - Developed Markets,A
CATH,Global X S&P 500 Catholic Values ETF,ETF,XGWD,Latour Trading LLC,Market Quality Supporter,Equity - Developed Markets,A
CCFE,Concourse Capital Focused Equity ETF,ETF,MIRA,MIRAE ASSET SECURITIES (USA) INC.,Designated Liquidity Provider,Equity - Developed Markets,A
CCNR,ALPS/CoreCommodity Natural Resources ETF,ETF,OLDM,Old Mission Capital LLC,Designated Liquidity Provider,Equity - Blended Development,C
CCSB,Carbon Collective Short Duration Green Bond ETF,ETF,SSUS,"Susquehanna Securities, LLC",Designated Liquidity Provider,Fixed Income - International,B
CCSO,Carbon Collective Climate Solutions U.S. Equity ETF,ETF,GTSZ,"GTS Securities, LLC",Designated Liquidity Provider,Equity - Blended Development,C
CDC,VictoryShares US EQ Income Enhanced Volatility Wtd ETF,ETF,RBCD,"RBC Capital Markets, LLC",Designated Liquidity Provider,Equity - Developed Markets,A
CDC,VictoryShares US EQ Income Enhanced Volatility Wtd ETF,ETF,OLDM,Old Mission Capital LLC,Market Quality Supporter,Equity - Developed Markets,A
CDIG,City Different Investments Global Equity ETF,ETF,GTSZ,"GTS Securities, LLC",Designated Liquidity Provider,Equity - Blended Development,C
CDL,VictoryShares US Large Cap High Div Volatility Wtd ETF,ETF,SSUS,"Susquehanna Securities, LLC",Designated Liquidity Provider,Equity - Developed Markets,A
CDL,VictoryShares US Large Cap High Div Volatility Wtd ETF,ETF,CTDL,Citadel Securities LLC,Market Quality Supporter,Equity - Developed Markets,A
CEFA,Global X S&P Catholic Values Developed ex-U.S. ETF,ETF,GTSZ,"GTS Securities, LLC",Designated Liquidity Provider,Equity - Developed Markets,A
CEPI,REX Crypto Equity Premium Income ETF,ETF,OLDM,Old Mission Capital LLC,Designated Liquidity Provider,Derivatives Strategy - Other tha,B
CFA,VictoryShares US 500 Volatility Wtd ETF,ETF,RBCD,"RBC Capital Markets, LLC",Designated Liquidity Provider,Equity - Developed Markets,A
CFA,VictoryShares US 500 Volatility Wtd ETF,ETF,OLDM,Old Mission Capital LLC,Market Quality Supporter,Equity - Developed Markets,A
CFO,VictoryShares US 500 Enhanced Volatility Wtd ETF,ETF,RBCD,"RBC Capital Markets, LLC",Designated Liquidity Provider,Equity - Developed Markets,A
CFO,VictoryShares US 500 Enhanced Volatility Wtd ETF,ETF,OLDM,Old Mission Capital LLC,Market Quality Supporter,Equity - Developed Markets,A
CHGX,Stance Sustainable Beta ETF,ETF,MIRA,MIRAE ASSET SECURITIES (USA) INC.,Designated Liquidity Provider,Equity - Developed Markets,A
CHPS,Xtrackers Semiconductor Select Equity ETF,ETF,VIRT,Virtu Americas LLC,Designated Liquidity Provider,Equity - Developed Markets,A
CHPX,Global X AI Semiconductor & Quantum ETF,ETF,VIRT,Virtu Americas LLC,Designated Liquidity Provider,Equity - Blended Development,C
CHRI,Global X S&P 500 Christian Values ETF,ETF,VIRT,Virtu Americas LLC,Designated Liquidity Provider,Equity - Developed Markets,A
CIBR,First Trust NASDAQ Cybersecurity ETF,ETF,GTSZ,"GTS Securities, LLC",Designated Liquidity Provider,Equity - Blended Development,High Volume ETP
CIFG,Leverage Shares 2X Long CIFR Daily ETF,ETF (Single Stock),IMCC,"IMC-Chicago, LLC",Designated Liquidity Provider,Derivatives Strategy - Developed,B
CLOA,iShares AAA CLO Active ETF,ETF,JSCA,"Jane Street Capital, LLC",Designated Liquidity Provider,Fixed Income - Loans and Convert,B
CLOA,iShares AAA CLO Active ETF,ETF,FLTU,Flow Traders U.S. LLC,Market Quality Supporter,Fixed Income - Loans and Convert,B
CLOD,Themes Cloud Computing ETF,ETF,GTSZ,"GTS Securities, LLC",Designated Liquidity Provider,Equity - Blended Development,C
CLOU,Global X Cloud Computing ETF,ETF,SSUS,"Susquehanna Securities, LLC",Designated Liquidity Provider,Equity - Blended Development,C
CLSM,ETC Cabana Target Leading Sector Moderate ETF,ETF,VIRT,Virtu Americas LLC,Designated Liquidity Provider,Multi Asset Strategy,B
CLSM,ETC Cabana Target Leading Sector Moderate ETF,ETF,OLDM,Old Mission Capital LLC,Market Quality Supporter,Multi Asset Strategy,B
CMBO,Wayfinder Dynamic U.S. Interest Rate ETF,ETF,OLDM,Old Mission Capital LLC,Designated Liquidity Provider,Derivatives Strategy - Other tha,B
CMGG,Leverage Shares 2X Long CMG Daily ETF,ETF (Single Stock),GTSZ,"GTS Securities, LLC",Designated Liquidity Provider,Derivatives Strategy - Developed,B
CNCG,Leverage Shares 2X Long CNC Daily ETF,ETF (Single Stock),GTSZ,"GTS Securities, LLC",Designated Liquidity Provider,Derivatives Strategy - Developed,B
CNQQ,Rayliant-ChinaAMC Transformative China Tech ETF,ETF,DVES,DV Equities,Designated Liquidity Provider,Derivatives Strategy - Other tha,B
CNQQ,Rayliant-ChinaAMC Transformative China Tech ETF,ETF,SSUS,"Susquehanna Securities, LLC",Market Quality Supporter,Derivatives Strategy - Other tha,B
CNQQ,Rayliant-ChinaAMC Transformative China Tech ETF,ETF,DVES,DV Equities,Market Quality Supporter,Derivatives Strategy - Other tha,B
COIG,Leverage Shares 2X Long COIN Daily ETF,ETF (Single Stock),IMCC,"IMC-Chicago, LLC",Designated Liquidity Provider,Derivatives Strategy - Developed,B
COMT,iShares GSCI Commodity Dynamic Roll Strategy ETF,ETF,SSUS,"Susquehanna Securities, LLC",Designated Liquidity Provider,Derivatives Strategy - Other tha,B
CONI,GraniteShares 2x Short COIN Daily ETF,ETF (Single Stock),IMCC,"IMC-Chicago, LLC",Designated Liquidity Provider,Derivatives Strategy - Developed,B
CONL,GraniteShares 2x Long COIN Daily ETF,ETF (Single Stock),VIRT,Virtu Americas LLC,Designated Liquidity Provider,Derivatives Strategy - Developed,High Volume ETP
CONX,Direxion Daily COIN Bull 2X ETF,ETF (Single Stock),SSUS,"Susquehanna Securities, LLC",Designated Liquidity Provider,Derivatives Strategy - Developed,B
CONX,Direxion Daily COIN Bull 2X ETF,ETF (Single Stock),DVES,DV Equities,Market Quality Supporter,Derivatives Strategy - Developed,B
COPJ,Sprott Junior Copper Miners ETF,ETF,VIRT,Virtu Americas LLC,Designated Liquidity Provider,Derivatives Strategy - Other tha,B
COPP,Sprott Copper Miners ETF,ETF,VIRT,Virtu Americas LLC,Designated Liquidity Provider,Equity - Blended Development,C
CORO,iShares International Country Rotation Active ETF,ETF,SSUS,"Susquehanna Securities, LLC",Designated Liquidity Provider,Derivatives Strategy - Other tha,High Volume ETP
CORO,iShares International Country Rotation Active ETF,ETF,OLDM,Old Mission Capital LLC,Market Quality Supporter,Derivatives Strategy - Other tha,High Volume ETP
COTG,Leverage Shares 2X Long COST Daily ETF,ETF (Single Stock),IMCC,"IMC-Chicago, LLC",Designated Liquidity Provider,Derivatives Strategy - Developed,B
COWG,Pacer US Large Cap Cash Cows Growth Leaders ETF,ETF,CTDL,Citadel Securities LLC,Designated Liquidity Provider,Equity - Developed Markets,A
COWS,Amplify Cash Flow Dividend Leaders ETF,ETF,CTDL,Citadel Securities LLC,Designated Liquidity Provider,Equity - Developed Markets,A
COYY,GraniteShares YieldBOOST COIN ETF,ETF,JSCA,"Jane Street Capital, LLC",Designated Liquidity Provider,Derivatives Strategy - Developed,B
CPAG,F/m Compoundr U.S. Aggregate Bond ETF,ETF,SSUS,"Susquehanna Securities, LLC",Designated Liquidity Provider,Fixed Income - North America or,A
CPHY,F/m Compoundr High Yield Bond ETF,ETF,VIRT,Virtu Americas LLC,Designated Liquidity Provider,Fixed Income - North America or,A
CPLS,AB Core Plus Bond ETF,ETF,JSCA,"Jane Street Capital, LLC",Designated Liquidity Provider,Derivatives Strategy - Other tha,B
CPLS,AB Core Plus Bond ETF,ETF,CTDL,Citadel Securities LLC,Market Quality Supporter,Derivatives Strategy - Other tha,B
CRCG,Leverage Shares 2X Long CRCL Daily ETF,ETF (Single Stock),IMCC,"IMC-Chicago, LLC",Designated Liquidity Provider,Derivatives Strategy - Developed,High Volume ETP
CRMG,Leverage Shares 2X Long CRM Daily ETF,ETF (Single Stock),IMCC,"IMC-Chicago, LLC",Designated Liquidity Provider,Derivatives Strategy - Developed,High Volume ETP
CRMU,Leverage Shares 2x Long CRML Daily ETF,ETF (Single Stock),OLDM,Old Mission Capital LLC,Designated Liquidity Provider,Derivatives Strategy - Developed,B
CRWG,Leverage Shares 2X Long CRWV Daily ETF,ETF (Single Stock),IMCC,"IMC-Chicago, LLC",Designated Liquidity Provider,Derivatives Strategy - Developed,High Volume ETP
CRWL,GraniteShares 2x Long CRWD Daily ETF,ETF (Single Stock),IMCC,"IMC-Chicago, LLC",Designated Liquidity Provider,Derivatives Strategy - Developed,B
CRY,GraniteShares YieldBOOST CRCL ETF,ETF (Single Stock),JSCA,"Jane Street Capital, LLC",Designated Liquidity Provider,Derivatives Strategy - Developed,B
CSB,VictoryShares US Small Cap High Div Volatility Wtd ETF,ETF,SSUS,"Susquehanna Securities, LLC",Designated Liquidity Provider,Equity - Developed Micro to Smal,B
CSB,VictoryShares US Small Cap High Div Volatility Wtd ETF,ETF,CTDL,Citadel Securities LLC,Market Quality Supporter,Equity - Developed Micro to Smal,B
CSCL,Direxion Daily CSCO Bull 2X ETF,ETF (Single Stock),SSUS,"Susquehanna Securities, LLC",Designated Liquidity Provider,Derivatives Strategy - Developed,B
CSCL,Direxion Daily CSCO Bull 2X ETF,ETF (Single Stock),DVES,DV Equities,Market Quality Supporter,Derivatives Strategy - Developed,B
CSCS,Direxion Daily CSCO Bear 1X ETF,ETF (Single Stock),SSUS,"Susquehanna Securities, LLC",Designated Liquidity Provider,Derivatives Strategy - Developed,B
CSCS,Direxion Daily CSCO Bear 1X ETF,ETF (Single Stock),DVES,DV Equities,Market Quality Supporter,Derivatives Strategy - Developed,B
CSEN,Cohen & Steers Future of Energy Active ETF,ETF,CTDN,Citadel Securities LLC,Designated Liquidity Provider,Equity - Blended Development,C
CTEC,Global X ClimateTech ETF,ETF,GTSZ,"GTS Securities, LLC",Designated Liquidity Provider,Equity - Blended Development,C
CUSD,CrossingBridge Ultra-Short Duration ETF,ETF,XGWD,Latour Trading LLC,Designated Liquidity Provider,Fixed Income - North America or,A
CWY,GraniteShares YieldBOOST CRWV ETF,ETF (Single Stock),JSCA,"Jane Street Capital, LLC",Designated Liquidity Provider,Derivatives Strategy - Developed,B
CXSE,WisdomTree China ex-State-Owned Enterprises Fund,ETF,JSCA,"Jane Street Capital, LLC",Designated Liquidity Provider,Equity - Emerging and Frontier M,C
CXSE,WisdomTree China ex-State-Owned Enterprises Fund,ETF,PUND,Pundion LLC,Market Quality Supporter,Equity - Emerging and Frontier M,C
CZAR,Themes Natural Monopoly ETF,ETF,VIRT,Virtu Americas LLC,Designated Liquidity Provider,Equity - Developed Markets,A
DADS,Digital Asset Debt Strategy ETF,ETF,JSCA,"Jane Street Capital, LLC",Designated Liquidity Provider,Fixed Income - International,B
DAK,Dakota Active Equity ETF,ETF,GTSZ,"GTS Securities, LLC",Designated Liquidity Provider,Equity - Developed Markets,A
DALI,First Trust Dorsey Wright DALI Equity ETF,ETF,CTDL,Citadel Securities LLC,Designated Liquidity Provider,Equity - Blended Development,C
DALI,First Trust Dorsey Wright DALI Equity ETF,ETF,OLDM,Old Mission Capital LLC,Market Quality Supporter,Equity - Blended Development,C
DAPP,VanEck Digital Transformation ETF,ETF,FLTG,Flow Traders U.S. LLC,Designated Liquidity Provider,Equity - Blended Development,C
DAPP,VanEck Digital Transformation ETF,ETF,CTDN,Citadel Securities LLC,Market Quality Supporter,Equity - Blended Development,C
DAPP,VanEck Digital Transformation ETF,ETF,DVES,DV Equities,Market Quality Supporter,Equity - Blended Development,C
DAX,Global X DAX Germany ETF,ETF,VIRT,Virtu Americas LLC,Designated Liquidity Provider,Equity - Developed Markets,A
DDIV,First Trust Dorsey Wright Momentum & Dividend ETF,ETF,CTDL,Citadel Securities LLC,Designated Liquidity Provider,Equity - Developed Markets,A
DDIV,First Trust Dorsey Wright Momentum & Dividend ETF,ETF,OLDM,Old Mission Capital LLC,Market Quality Supporter,Equity - Developed Markets,A
DECO,State Street Galaxy Digital Asset Ecosystem ETF,ETF,SSUS,"Susquehanna Securities, LLC",Designated Liquidity Provider,Derivatives Strategy - Other tha,B
DEMZ,Democratic Large Cap Core ETF,ETF,VIRT,Virtu Americas LLC,Designated Liquidity Provider,Equity - Developed Markets,A
DFGP,Dimensional Global Core Plus Fixed Income ETF,ETF,JSCA,"Jane Street Capital, LLC",Designated Liquidity Provider,Fixed Income - International,B
DFGX,Dimensional International Core Fixed Income ETF,ETF,JSCA,"Jane Street Capital, LLC",Designated Liquidity Provider,Fixed Income - International,B
DGCB,Dimensional Global Credit ETF,ETF,JSCA,"Jane Street Capital, LLC",Designated Liquidity Provider,Fixed Income - International,B
DGLO,First Trust RBA Deglobalization ETF,ETF,VIRT,Virtu Americas LLC,Designated Liquidity Provider,Equity - Developed Markets,A
DGRE,WisdomTree Emerging Markets Quality Dividend Growth Fund,ETF,SSUS,"Susquehanna Securities, LLC",Designated Liquidity Provider,Equity - Emerging and Frontier M,C
DGRE,WisdomTree Emerging Markets Quality Dividend Growth Fund,ETF,PUND,Pundion LLC,Market Quality Supporter,Equity - Emerging and Frontier M,C
DGRS,WisdomTree U.S. SmallCap Quality Dividend Growth Fund,ETF,SSUS,"Susquehanna Securities, LLC",Designated Liquidity Provider,Equity - Developed Markets,A
DGRW,WisdomTree U.S. Quality Dividend Growth Fund,ETF,SSUS,"Susquehanna Securities, LLC",Designated Liquidity Provider,Equity - Developed Markets,A
DGRW,WisdomTree U.S. Quality Dividend Growth Fund,ETF,XGWD,Latour Trading LLC,Market Quality Supporter,Equity - Developed Markets,A
DIME,CoinShares Altcoins ETF,ETF,FLTG,Flow Traders U.S. LLC,Designated Liquidity Provider,Currency - Cryptocurrency,A
DINE,Simplify Tax Aware Diversified Income Strategy ETF,ETF,JSCA,"Jane Street Capital, LLC",Designated Liquidity Provider,Derivatives Strategy - Other tha,B
DIVD,Altrius Global Dividend ETF,ETF,RBCD,"RBC Capital Markets, LLC",Designated Liquidity Provider,Equity - Blended Development,C
DKNX,Defiance Daily Target 2X Long DKNG ETF,ETF (Single Stock),SSUS,"Susquehanna Securities, LLC",Designated Liquidity Provider,Derivatives Strategy - Developed,B
DLLL,GraniteShares 2x Long DELL Daily ETF,ETF (Single Stock),IMCC,"IMC-Chicago, LLC",Designated Liquidity Provider,Derivatives Strategy - Developed,B
DMXF,iShares ESG Advanced MSCI EAFE ETF,ETF,FLTG,Flow Traders U.S. LLC,Designated Liquidity Provider,Equity - Developed Markets,A
DNNG,Leverage Shares 2x Long DNN Daily ETF,ETF (Single Stock),GTSZ,"GTS Securities, LLC",Designated Liquidity Provider,Derivatives Strategy - Developed,B
DRIV,Global X Autonomous & Electric Vehicles ETF,ETF,SSUS,"Susquehanna Securities, LLC",Designated Liquidity Provider,Equity - Blended Development,C
DRNZ,REX Drone ETF,ETF,CTDN,Citadel Securities LLC,Designated Liquidity Provider,Equity - Blended Development,C
DTCR,Global X Data Center & Digital Infrastructure ETF,ETF,GTSZ,"GTS Securities, LLC",Designated Liquidity Provider,Equity - Blended Development,High Volume ETP
DUKH,Ocean Park High Income ETF,ETF,VIRT,Virtu Americas LLC,Designated Liquidity Provider,Fixed Income - International,B
DUKX,Ocean Park International ETF,ETF,VIRT,Virtu Americas LLC,Designated Liquidity Provider,Equity - Blended Development,C
DUOG,Leverage Shares 2X Long DUOL Daily ETF,ETF (Single Stock),GTSZ,"GTS Securities, LLC",Designated Liquidity Provider,Derivatives Strategy - Developed,B
DUSG,U.S. Small Cap Growth Portfolio: ETF Class Shares,ETF,GSCO,Goldman Sachs & Co. LLC,Designated Liquidity Provider,Derivatives Strategy - Developed,B
DVAL,BrandywineGLOBAL-Dynamic US Large Cap Value ETF,ETF,CTDL,Citadel Securities LLC,Designated Liquidity Provider,Equity - Developed Markets,A
DVGR,DAC 3D Dividend Growth ETF,ETF,RBCD,"RBC Capital Markets, LLC",Designated Liquidity Provider,Equity - Developed Markets,A
DVIN,WEBs Industrials XLI Defined Volatility ETF,ETF,RBCD,"RBC Capital Markets, LLC",Designated Liquidity Provider,Derivatives Strategy - Developed,B
DVLU,First Trust Dorsey Wright Momentum & Value ETF,ETF,CTDL,Citadel Securities LLC,Designated Liquidity Provider,Equity - Developed Markets,A
DVLU,First Trust Dorsey Wright Momentum & Value ETF,ETF,OLDM,Old Mission Capital LLC,Market Quality Supporter,Equity - Developed Markets,A
DVOL,First Trust Dorsey Wright Momentum & Low Volatility ETF,ETF,CTDL,Citadel Securities LLC,Designated Liquidity Provider,Equity - Developed Markets,A
DVOL,First Trust Dorsey Wright Momentum & Low Volatility ETF,ETF,OLDM,Old Mission Capital LLC,Market Quality Supporter,Equity - Developed Markets,A
DVQQ,WEBs QQQ Defined Volatility ETF,ETF,GTSZ,"GTS Securities, LLC",Designated Liquidity Provider,Derivatives Strategy - Developed,B
DVRE,WEBs Real Estate XLRE Defined Volatility ETF,ETF,RBCD,"RBC Capital Markets, LLC",Designated Liquidity Provider,Derivatives Strategy - Developed,B
DVSP,WEBs SPY Defined Volatility ETF,ETF,GTSZ,"GTS Securities, LLC",Designated Liquidity Provider,Derivatives Strategy - Developed,B
DVUT,WEBs Utilities XLU Defined Volatility ETF,ETF,RBCD,"RBC Capital Markets, LLC",Designated Liquidity Provider,Derivatives Strategy - Developed,B
DVXB,WEBs Materials XLB Defined Volatility ETF,ETF,RBCD,"RBC Capital Markets, LLC",Designated Liquidity Provider,Derivatives Strategy - Developed,B
DVXC,WEBs Communication Services XLC Defined Volatility ETF,ETF,RBCD,"RBC Capital Markets, LLC",Designated Liquidity Provider,Derivatives Strategy - Developed,B
DVXE,WEBs Energy XLE Defined Volatility ETF,ETF,RBCD,"RBC Capital Markets, LLC",Designated Liquidity Provider,Derivatives Strategy - Developed,B
DVXF,WEBs Financial XLF Defined Volatility ETF,ETF,RBCD,"RBC Capital Markets, LLC",Designated Liquidity Provider,Derivatives Strategy - Developed,B
DVXK,WEBs Technology XLK Defined Volatility ETF,ETF,RBCD,"RBC Capital Markets, LLC",Designated Liquidity Provider,Derivatives Strategy - Developed,B
DVXP,WEBs Consumer Staples XLP Defined Volatility ETF,ETF,RBCD,"RBC Capital Markets, LLC",Designated Liquidity Provider,Derivatives Strategy - Developed,B
DVXV,WEBs Health Care XLV Defined Volatility ETF,ETF,RBCD,"RBC Capital Markets, LLC",Designated Liquidity Provider,Derivatives Strategy - Developed,B
DVXY,WEBs Consumer Discretionary XLY Defined Volatility ETF,ETF,RBCD,"RBC Capital Markets, LLC",Designated Liquidity Provider,Derivatives Strategy - Developed,B
DVY,iShares Select Dividend ETF,ETF,VIRT,Virtu Americas LLC,Designated Liquidity Provider,Equity - Developed Markets,A
DVY,iShares Select Dividend ETF,ETF,SSUS,"Susquehanna Securities, LLC",Market Quality Supporter,Equity - Developed Markets,A
DWAS,Invesco Dorsey Wright SmallCap Momentum ETF,ETF,SSUS,"Susquehanna Securities, LLC",Designated Liquidity Provider,Equity - Developed Micro to Smal,B
DWAS,Invesco Dorsey Wright SmallCap Momentum ETF,ETF,XGWD,Latour Trading LLC,Market Quality Supporter,Equity - Developed Micro to Smal,B
DWAS,Invesco Dorsey Wright SmallCap Momentum ETF,ETF,OLDM,Old Mission Capital LLC,Market Quality Supporter,Equity - Developed Micro to Smal,B
DWAS,Invesco Dorsey Wright SmallCap Momentum ETF,ETF,DVES,DV Equities,Market Quality Supporter,Equity - Developed Micro to Smal,B
DWAW,AdvisorShares Dorsey Wright FSM All Cap World ETF,ETF,VIRT,Virtu Americas LLC,Designated Liquidity Provider,Equity - Blended Development,C
DWAW,AdvisorShares Dorsey Wright FSM All Cap World ETF,ETF,OLDM,Old Mission Capital LLC,Market Quality Supporter,Equity - Blended Development,C
DWSH,AdvisorShares Dorsey Wright Short ETF,ETF,VIRT,Virtu Americas LLC,Designated Liquidity Provider,Equity - Developed Markets,A
DWUS,AdvisorShares Dorsey Wright FSM US Core ETF,ETF,VIRT,Virtu Americas LLC,Designated Liquidity Provider,Equity - Developed Markets,A
DWUS,AdvisorShares Dorsey Wright FSM US Core ETF,ETF,OLDM,Old Mission Capital LLC,Market Quality Supporter,Equity - Developed Markets,A
DYFI,IDX Dynamic Fixed Income ETF,ETF,GTSZ,"GTS Securities, LLC",Designated Liquidity Provider,Derivatives Strategy - Other tha,B
DYNB,Hartford Dynamic Bond ETF,ETF,CTDL,Citadel Securities LLC,Designated Liquidity Provider,Derivatives Strategy - Other tha,B
DYTA,SGI Dynamic Tactical ETF,ETF,GTSZ,"GTS Securities, LLC",Designated Liquidity Provider,Multi Asset Strategy,B
EART,Global X Rare Earth & Critical Materials ETF,ETF,SSUS,"Susquehanna Securities, LLC",Designated Liquidity Provider,Equity - Blended Development,C
EASY,Liberty One Defensive Dividend Growth ETF,ETF,GTSZ,"GTS Securities, LLC",Designated Liquidity Provider,Equity - Developed Markets,A
EBI,Longview Advantage ETF,ETF,GTSZ,"GTS Securities, LLC",Designated Liquidity Provider,Derivatives Strategy - Developed,B
EBIZ,Global X E-commerce ETF,ETF,SSUS,"Susquehanna Securities, LLC",Designated Liquidity Provider,Equity - Blended Development,C
ECHX,Leverage Shares 2X Long ECHO Daily ETF,ETF (Single Stock),IMCC,"IMC-Chicago, LLC",Designated Liquidity Provider,Derivatives Strategy - Developed,B
ECOW,Pacer Emerging Markets Cash Cows 100 ETF,ETF,JSCA,"Jane Street Capital, LLC",Designated Liquidity Provider,Equity - Emerging and Frontier M,C
EEE,CYBER HORNET S&P 500 and Ethereum 75/25 Strategy ETF,ETF,WTLP,"Wolverine Trading, LLC",Designated Liquidity Provider,Derivatives Strategy - Other tha,B
EEMA,iShares MSCI Emerging Markets Asia ETF,ETF,CTDN,Citadel Securities LLC,Designated Liquidity Provider,Equity - Emerging and Frontier M,C
EFAS,Global X MSCI SuperDividend EAFE ETF,ETF,SSUS,"Susquehanna Securities, LLC",Designated Liquidity Provider,Equity - Developed Markets,A
EFRA,iShares Environmental Infrastructure and Industrials ETF,ETF,RBCD,"RBC Capital Markets, LLC",Designated Liquidity Provider,Derivatives Strategy - Other tha,B
EFRA,iShares Environmental Infrastructure and Industrials ETF,ETF,OLDM,Old Mission Capital LLC,Market Quality Supporter,Derivatives Strategy - Other tha,B
EGGQ,NestYield Visionary ETF,ETF,SSUS,"Susquehanna Securities, LLC",Designated Liquidity Provider,Derivatives Strategy - Developed,B
EHLS,Even Herd Long Short ETF,ETF,VIRT,Virtu Americas LLC,Designated Liquidity Provider,Equity - Developed Long/Short,A
EKG,First Trust Nasdaq Lux Digital Health Solutions ETF,ETF,JSCA,"Jane Street Capital, LLC",Designated Liquidity Provider,Equity - Blended Development,C
ELFY,ALPS Electrification Infrastructure ETF,ETF,OLDM,Old Mission Capital LLC,Designated Liquidity Provider,Equity - Blended Development,C
ELIL,Direxion Daily LLY Bull 2X ETF,ETF (Single Stock),SSUS,"Susquehanna Securities, LLC",Designated Liquidity Provider,Derivatives Strategy - Developed,B
ELIL,Direxion Daily LLY Bull 2X ETF,ETF (Single Stock),DVES,DV Equities,Market Quality Supporter,Derivatives Strategy - Developed,B
EMB,iShares J.P. Morgan USD Emerging Markets Bond ETF,ETF,SSUS,"Susquehanna Securities, LLC",Designated Liquidity Provider,Fixed Income - Government Emergi,High Volume ETP
EMCB,WisdomTree Emerging Markets Corporate Bond Fund,ETF,FLTU,Flow Traders U.S. LLC,Designated Liquidity Provider,Fixed Income - Emerging Markets,C
EMEM,Sophus Capital Emerging Market ETF,ETF,GTSZ,"GTS Securities, LLC",Designated Liquidity Provider,Equity - Emerging and Frontier M,C
EMEQ,Nomura Focused Emerging Markets Equity ETF,ETF,CTDN,Citadel Securities LLC,Designated Liquidity Provider,Equity - Emerging and Frontier M,C
EMIF,iShares Emerging Markets Infrastructure ETF,ETF,OLDM,Old Mission Capital LLC,Designated Liquidity Provider,Equity - Emerging and Frontier M,C
EMSC,Sophus Capital Emerging Market Small Cap ETF,ETF,GTSZ,"GTS Securities, LLC",Designated Liquidity Provider,Equity - Emerging and Frontier M,C
EMXC,iShares MSCI Emerging Markets ex China ETF,ETF,JSCA,"Jane Street Capital, LLC",Designated Liquidity Provider,Equity - Emerging and Frontier M,High Volume ETP
EMXF,iShares ESG Advanced MSCI EM ETF,ETF,RBCD,"RBC Capital Markets, LLC",Designated Liquidity Provider,Equity - Emerging and Frontier M,C
EMXF,iShares ESG Advanced MSCI EM ETF,ETF,OLDM,Old Mission Capital LLC,Market Quality Supporter,Equity - Emerging and Frontier M,C
ENDW,Cambria Endowment Style ETF,ETF,GTSZ,"GTS Securities, LLC",Designated Liquidity Provider,Derivatives Strategy - Other tha,B
ENHI,iShares Enhanced International Active ETF,ETF,VIRT,Virtu Americas LLC,Designated Liquidity Provider,Derivatives Strategy - Developed,B
ENHU,iShares Enhanced Large Cap Core Active ETF,ETF,GSCO,Goldman Sachs & Co. LLC,Designated Liquidity Provider,Derivatives Strategy - Developed,B
ENHU,iShares Enhanced Large Cap Core Active ETF,ETF,XGWD,Latour Trading LLC,Market Quality Supporter,Derivatives Strategy - Developed,B
ENZL,iShares MSCI New Zealand ETF,ETF,VIRT,Virtu Americas LLC,Designated Liquidity Provider,Derivatives Strategy - Developed,B
ENZL,iShares MSCI New Zealand ETF,ETF,SSUS,"Susquehanna Securities, LLC",Market Quality Supporter,Derivatives Strategy - Developed,B
EQRR,ProShares Equities for Rising Rates ETF,ETF,SGAS,"SG Americas Securities, LLC",Designated Liquidity Provider,Equity - Developed Markets,A
ERET,iShares Environmentally Aware Real Estate ETF,ETF,SSUS,"Susquehanna Securities, LLC",Designated Liquidity Provider,Equity - Developed Markets,A
ESGD,iShares ESG Aware MSCI EAFE ETF,ETF,JSCA,"Jane Street Capital, LLC",Designated Liquidity Provider,Equity - Developed Markets,A
ESGE,iShares ESG Aware MSCI EM ETF,ETF,JSCA,"Jane Street Capital, LLC",Designated Liquidity Provider,Equity - Emerging and Frontier M,High Volume ETP
ESGU,iShares ESG Aware MSCI USA ETF,ETF,JSCA,"Jane Street Capital, LLC",Designated Liquidity Provider,Equity - Developed Markets,A
ESMV,iShares ESG Optimized MSCI USA Min Vol Factor ETF,ETF,XGWD,Latour Trading LLC,Designated Liquidity Provider,Derivatives Strategy - Developed,B
ESMV,iShares ESG Optimized MSCI USA Min Vol Factor ETF,ETF,OLDM,Old Mission Capital LLC,Market Quality Supporter,Derivatives Strategy - Developed,B
ESN,Essential 40 Stock ETF,ETF,GTSZ,"GTS Securities, LLC",Designated Liquidity Provider,Derivatives Strategy - Developed,B
ESPO,VanEck Video Gaming and eSports ETF,ETF,RBCD,"RBC Capital Markets, LLC",Designated Liquidity Provider,Equity - Blended Development,C
ESPO,VanEck Video Gaming and eSports ETF,ETF,DVES,DV Equities,Market Quality Supporter,Equity - Blended Development,C
ETEC,iShares Breakthrough Environmental Solutions ETF,ETF,SSUS,"Susquehanna Securities, LLC",Designated Liquidity Provider,Equity - Blended Development,C
ETEC,iShares Breakthrough Environmental Solutions ETF,ETF,OLDM,Old Mission Capital LLC,Market Quality Supporter,Equity - Blended Development,C
ETHA,iShares Ethereum Trust ETF,SUBCODE: CB,JSCA,"Jane Street Capital, LLC",Designated Liquidity Provider,Currency - Cryptocurrency,High Volume ETP
ETHB,iShares Staked Ethereum Trust ETF,SUBCODE: CB,VIRT,Virtu Americas LLC,Designated Liquidity Provider,Currency - Cryptocurrency,A
ETHB,iShares Staked Ethereum Trust ETF,SUBCODE: CB,FLTG,Flow Traders U.S. LLC,Market Quality Supporter,Currency - Cryptocurrency,A
EUFN,iShares MSCI Europe Financials ETF,ETF,RBCD,"RBC Capital Markets, LLC",Designated Liquidity Provider,Derivatives Strategy - Developed,High Volume ETP
EVMT,Invesco Electric Vehicle Metals Commodity Strategy No K-1 ETF,ETF,JSCA,"Jane Street Capital, LLC",Designated Liquidity Provider,Derivatives Strategy - Developed,B
EVMT,Invesco Electric Vehicle Metals Commodity Strategy No K-1 ETF,ETF,DVES,DV Equities,Market Quality Supporter,Derivatives Strategy - Developed,B
EVPF,Eaton Vance Preferred Securities and Income ETF,ETF,CTDL,Citadel Securities LLC,Designated Liquidity Provider,Equity - Blended Development,C
EVSD,Eaton Vance Short Duration Income ETF,ETF,JSCA,"Jane Street Capital, LLC",Designated Liquidity Provider,Derivatives Strategy - Other tha,B
EVYM,Eaton Vance High Income Municipal ETF,ETF,RBCD,"RBC Capital Markets, LLC",Designated Liquidity Provider,Derivatives Strategy - Other tha,B
EWJV,iShares MSCI Japan Value ETF,ETF,CTDN,Citadel Securities LLC,Designated Liquidity Provider,Equity - Developed Markets,A
EWJV,iShares MSCI Japan Value ETF,ETF,OLDM,Old Mission Capital LLC,Market Quality Supporter,Equity - Developed Markets,A
EWZS,iShares MSCI Brazil Small-Cap ETF,ETF,CTDN,Citadel Securities LLC,Designated Liquidity Provider,Equity - Emerging and Frontier M,C
EWZS,iShares MSCI Brazil Small-Cap ETF,ETF,SSUS,"Susquehanna Securities, LLC",Market Quality Supporter,Equity - Emerging and Frontier M,C
EXUS,Nomura Focused International Core ETF,ETF,VIRT,Virtu Americas LLC,Designated Liquidity Provider,Derivatives Strategy - Other tha,B
EYEG,AB Corporate Bond ETF,ETF,JSCA,"Jane Street Capital, LLC",Designated Liquidity Provider,Derivatives Strategy - Other tha,B
EYEG,AB Corporate Bond ETF,ETF,CTDL,Citadel Securities LLC,Market Quality Supporter,Derivatives Strategy - Other tha,B
EZMO,AlphaDroid Broad Markets Momentum ETF,ETF,GTSZ,"GTS Securities, LLC",Designated Liquidity Provider,Equity - Blended Development,C
EZRO,AlphaDroid Defensive Sector Rotation ETF,ETF,GTSZ,"GTS Securities, LLC",Designated Liquidity Provider,Equity - Developed Markets,A
FAAA,Fidelity AAA CLO ETF,ETF,RBCD,"RBC Capital Markets, LLC",Designated Liquidity Provider,Derivatives Strategy - Other tha,B
FAAR,First Trust Alternative Absolute Return Strategy ETF,ETF,JSCA,"Jane Street Capital, LLC",Designated Liquidity Provider,Commodities Strategy,C
FAB,First Trust Multi Cap Value AlphaDEX Fund,ETF,SSUS,"Susquehanna Securities, LLC",Designated Liquidity Provider,Equity - Developed Markets,A
FAB,First Trust Multi Cap Value AlphaDEX Fund,ETF,OLDM,Old Mission Capital LLC,Market Quality Supporter,Equity - Developed Markets,A
FAD,First Trust Multi Cap Growth AlphaDEX Fund,ETF,SSUS,"Susquehanna Securities, LLC",Designated Liquidity Provider,Equity - Developed Markets,A
FAD,First Trust Multi Cap Growth AlphaDEX Fund,ETF,OLDM,Old Mission Capital LLC,Market Quality Supporter,Equity - Developed Markets,A
FALN,iShares Fallen Angels USD Bond ETF,ETF,JSCA,"Jane Street Capital, LLC",Designated Liquidity Provider,Fixed Income - North America or,High Volume ETP
FBL,GraniteShares 2x Long META Daily ETF,ETF (Single Stock),IMCC,"IMC-Chicago, LLC",Designated Liquidity Provider,Derivatives Strategy - Developed,High Volume ETP
FBOT,Fidelity Disruptive Automation ETF,ETF,JSCA,"Jane Street Capital, LLC",Designated Liquidity Provider,Equity - Blended Development,C
FBOT,Fidelity Disruptive Automation ETF,ETF,DVES,DV Equities,Market Quality Supporter,Equity - Blended Development,C
FBYY,GraniteShares YieldBOOST META ETF,ETF (Single Stock),JSCA,"Jane Street Capital, LLC",Designated Liquidity Provider,Derivatives Strategy - Developed,B
FCA,First Trust China AlphaDEX Fund,ETF,SSUS,"Susquehanna Securities, LLC",Designated Liquidity Provider,Equity - Emerging and Frontier M,C
FCAL,First Trust California Municipal High income ETF,ETF,OLDM,Old Mission Capital LLC,Designated Liquidity Provider,Fixed Income - North America or,A
FCEF,First Trust Income Opportunities ETF,ETF,SSUS,"Susquehanna Securities, LLC",Designated Liquidity Provider,Multi Asset Strategy,B
FCLO,Fidelity CLO ETF,ETF,RBCD,"RBC Capital Markets, LLC",Designated Liquidity Provider,Derivatives Strategy - Other tha,B
FCTE,SMI 3Fourteen Full-Cycle Trend ETF,ETF,GTSZ,"GTS Securities, LLC",Designated Liquidity Provider,Equity - Developed Markets,A
FCVT,First Trust SSI Strategic Convertible Securities ETF,ETF,RBCD,"RBC Capital Markets, LLC",Designated Liquidity Provider,Derivatives Strategy - Other tha,B
FCXG,Leverage Shares 2x Long FCX Daily ETF,ETF (Single Stock),IMCC,"IMC-Chicago, LLC",Designated Liquidity Provider,Derivatives Strategy - Developed,B
FDCF,Fidelity Disruptive Communications ETF,ETF,JSCA,"Jane Street Capital, LLC",Designated Liquidity Provider,Equity - Blended Development,C
FDCF,Fidelity Disruptive Communications ETF,ETF,DVES,DV Equities,Market Quality Supporter,Equity - Blended Development,C
FDFF,Fidelity Disruptive Finance ETF,ETF,JSCA,"Jane Street Capital, LLC",Designated Liquidity Provider,Equity - Blended Development,C
FDFF,Fidelity Disruptive Finance ETF,ETF,DVES,DV Equities,Market Quality Supporter,Equity - Blended Development,C
FDIF,Fidelity Disruptors ETF,ETF,JSCA,"Jane Street Capital, LLC",Designated Liquidity Provider,Equity - Blended Development,C
FDIF,Fidelity Disruptors ETF,ETF,DVES,DV Equities,Market Quality Supporter,Equity - Blended Development,C
FDIG,Fidelity Crypto Industry and Digital Payments ETF,ETF,CTDN,Citadel Securities LLC,Designated Liquidity Provider,Equity - Blended Development,C
FDIG,Fidelity Crypto Industry and Digital Payments ETF,ETF,DVES,DV Equities,Market Quality Supporter,Equity - Blended Development,C
FDIQ,Invesco Bloomberg Financial Data Providers ETF,ETF,SSUS,"Susquehanna Securities, LLC",Designated Liquidity Provider,Equity - Developed Markets,A
FDIQ,Invesco Bloomberg Financial Data Providers ETF,ETF,OLDM,Old Mission Capital LLC,Market Quality Supporter,Equity - Developed Markets,A
FDIV,MarketDesk Focused U.S. Dividend ETF,ETF,RBCD,"RBC Capital Markets, LLC",Designated Liquidity Provider,Equity - Developed Markets,A
FDNI,First Trust Dow Jones International Internet ETF,ETF,GTSZ,"GTS Securities, LLC",Designated Liquidity Provider,Equity - Blended Development,C
FDRS,Founder-Led ETF,ETF,GTSZ,"GTS Securities, LLC",Designated Liquidity Provider,Derivatives Strategy - Developed,B
FDRX,Founder-Led 2X Daily ETF,ETF,GTSZ,"GTS Securities, LLC",Designated Liquidity Provider,Derivatives Strategy - Developed,B
FDT,First Trust Developed Markets Ex-US AlphaDEX Fund,ETF,GTSZ,"GTS Securities, LLC",Designated Liquidity Provider,Equity - Developed Markets,A
FDT,First Trust Developed Markets Ex-US AlphaDEX Fund,ETF,OLDM,Old Mission Capital LLC,Market Quality Supporter,Equity - Developed Markets,A
FDTS,First Trust Developed Markets ex-US Small Cap AlphaDEX Fund,ETF,CTDN,Citadel Securities LLC,Designated Liquidity Provider,Equity - Developed Micro to Smal,B
FDTS,First Trust Developed Markets ex-US Small Cap AlphaDEX Fund,ETF,OLDM,Old Mission Capital LLC,Market Quality Supporter,Equity - Developed Micro to Smal,B
FDTX,Fidelity Disruptive Technology ETF,ETF,JSCA,"Jane Street Capital, LLC",Designated Liquidity Provider,Equity - Blended Development,C
FDTX,Fidelity Disruptive Technology ETF,ETF,DVES,DV Equities,Market Quality Supporter,Equity - Blended Development,C
FEM,First Trust Emerging Markets AlphaDEX Fund,ETF,JSCA,"Jane Street Capital, LLC",Designated Liquidity Provider,Equity - Emerging and Frontier M,C
FEM,First Trust Emerging Markets AlphaDEX Fund,ETF,OLDM,Old Mission Capital LLC,Market Quality Supporter,Equity - Emerging and Frontier M,C
FEMB,First Trust Emerging Markets Local Currency Bond ETF,ETF,GTSZ,"GTS Securities, LLC",Designated Liquidity Provider,Fixed Income - Emerging Markets,C
FEMS,First Trust Emerging Markets Small Cap AlphaDEX Fund,ETF,SSUS,"Susquehanna Securities, LLC",Designated Liquidity Provider,Equity - Emerging and Frontier M,C
FEMS,First Trust Emerging Markets Small Cap AlphaDEX Fund,ETF,OLDM,Old Mission Capital LLC,Market Quality Supporter,Equity - Emerging and Frontier M,C
FEP,First Trust Europe AlphaDEX Fund,ETF,SSUS,"Susquehanna Securities, LLC",Designated Liquidity Provider,Equity - Blended Development,C
FEP,First Trust Europe AlphaDEX Fund,ETF,OLDM,Old Mission Capital LLC,Market Quality Supporter,Equity - Blended Development,C
FEPI,REX FANG & Innovation Equity Premium Income ETF,ETF,OLDM,Old Mission Capital LLC,Designated Liquidity Provider,Derivatives Strategy - Developed,B
FEUZ,First Trust Eurozone AlphaDEX ETF,ETF,SSUS,"Susquehanna Securities, LLC",Designated Liquidity Provider,Equity - Developed Markets,A
FEX,First Trust Large Cap Core AlphaDEX Fund,ETF,XGWD,Latour Trading LLC,Designated Liquidity Provider,Equity - Developed Markets,A
FEX,First Trust Large Cap Core AlphaDEX Fund,ETF,OLDM,Old Mission Capital LLC,Market Quality Supporter,Equity - Developed Markets,A
FFUT,Fidelity Managed Futures ETF,ETF,VIRT,Virtu Americas LLC,Designated Liquidity Provider,Derivatives Strategy - Other tha,B
FFUT,Fidelity Managed Futures ETF,ETF,OLDM,Old Mission Capital LLC,Market Quality Supporter,Derivatives Strategy - Other tha,B
FFUT,Fidelity Managed Futures ETF,ETF,DVES,DV Equities,Market Quality Supporter,Derivatives Strategy - Other tha,B
FGM,First Trust Germany AlphaDEX Fund,ETF,GTSZ,"GTS Securities, LLC",Designated Liquidity Provider,Equity - Developed Markets,A
FGSI,FT Vest Growth Strength & Target Income ETF,ETF,SSUS,"Susquehanna Securities, LLC",Designated Liquidity Provider,Derivatives Strategy - Developed,B
FICS,First Trust International Developed Capital Strength ETF,ETF,JSCA,"Jane Street Capital, LLC",Designated Liquidity Provider,Equity - Developed Markets,A
FICS,First Trust International Developed Capital Strength ETF,ETF,OLDM,Old Mission Capital LLC,Market Quality Supporter,Equity - Developed Markets,A
FID,First Trust S&P International Dividend Aristocrats ETF,ETF,SSUS,"Susquehanna Securities, LLC",Designated Liquidity Provider,Equity - Blended Development,C
FID,First Trust S&P International Dividend Aristocrats ETF,ETF,OLDM,Old Mission Capital LLC,Market Quality Supporter,Equity - Blended Development,C
FIGG,Leverage Shares 2x Long FIG Daily ETF,ETF (Single Stock),IMCC,"IMC-Chicago, LLC",Designated Liquidity Provider,Derivatives Strategy - Developed,B
FIMU,Fidelity Intermediate Municipal Income ETF,ETF,CTDL,Citadel Securities LLC,Designated Liquidity Provider,Derivatives Strategy - Other tha,B
FINX,Global X FinTech ETF,ETF,SSUS,"Susquehanna Securities, LLC",Designated Liquidity Provider,Equity - Developed Markets,A
FINY,GraniteShares YieldBOOST Financials ETF,ETF,JSCA,"Jane Street Capital, LLC",Designated Liquidity Provider,Derivatives Strategy - Developed,B
FIXD,First Trust Smith Opportunistic Fixed Income ETF,ETF,GTSZ,"GTS Securities, LLC",Designated Liquidity Provider,Fixed Income - International,B
FIYY,GraniteShares YieldBOOST 20Y Treasuries ETF,ETF,JSCA,"Jane Street Capital, LLC",Designated Liquidity Provider,Derivatives Strategy - Developed,B
FJP,First Trust Japan AlphaDEX Fund,ETF,SSUS,"Susquehanna Securities, LLC",Designated Liquidity Provider,Equity - Developed Markets,A
FKU,First Trust United Kingdom AlphaDEX Fund,ETF,CTDN,Citadel Securities LLC,Designated Liquidity Provider,Equity - Developed Markets,A
FKU,First Trust United Kingdom AlphaDEX Fund,ETF,OLDM,Old Mission Capital LLC,Market Quality Supporter,Equity - Developed Markets,A
FLDB,Fidelity Low Duration Bond ETF,ETF,OLDM,Old Mission Capital LLC,Designated Liquidity Provider,Derivatives Strategy - Other tha,B
FLN,First Trust Latin America AlphaDEX Fund,ETF,GTSZ,"GTS Securities, LLC",Designated Liquidity Provider,Equity - Emerging and Frontier M,C
FLN,First Trust Latin America AlphaDEX Fund,ETF,OLDM,Old Mission Capital LLC,Market Quality Supporter,Equity - Emerging and Frontier M,C
FMB,First Trust Managed Municipal ETF,ETF,SSUS,"Susquehanna Securities, LLC",Designated Liquidity Provider,Fixed Income - North America or,A
FMB,First Trust Managed Municipal ETF,ETF,OLDM,Old Mission Capital LLC,Market Quality Supporter,Fixed Income - North America or,A
FMED,Fidelity Disruptive Medicine ETF,ETF,JSCA,"Jane Street Capital, LLC",Designated Liquidity Provider,Equity - Blended Development,C
FMED,Fidelity Disruptive Medicine ETF,ETF,DVES,DV Equities,Market Quality Supporter,Equity - Blended Development,C
FMET,Fidelity Metaverse ETF,ETF,CTDN,Citadel Securities LLC,Designated Liquidity Provider,Equity - Blended Development,C
FMET,Fidelity Metaverse ETF,ETF,DVES,DV Equities,Market Quality Supporter,Equity - Blended Development,C
FMHI,First Trust Municipal High Income ETF,ETF,RBCD,"RBC Capital Markets, LLC",Designated Liquidity Provider,Fixed Income - North America or,A
FMHI,First Trust Municipal High Income ETF,ETF,OLDM,Old Mission Capital LLC,Market Quality Supporter,Fixed Income - North America or,A
FMTM,MarketDesk Focused U.S. Momentum ETF,ETF,RBCD,"RBC Capital Markets, LLC",Designated Liquidity Provider,Equity - Developed Markets,A
FMUB,Fidelity Municipal Bond Opportunities ETF,ETF,JSCA,"Jane Street Capital, LLC",Designated Liquidity Provider,Fixed Income - North America or,A
FMUN,Fidelity Systematic Municipal Bond Index ETF,ETF,JSCA,"Jane Street Capital, LLC",Designated Liquidity Provider,Fixed Income - North America or,A
FNK,First Trust Mid Cap Value AlphaDEX Fund,ETF,XGWD,Latour Trading LLC,Designated Liquidity Provider,Equity - Developed Markets,A
FNK,First Trust Mid Cap Value AlphaDEX Fund,ETF,OLDM,Old Mission Capital LLC,Market Quality Supporter,Equity - Developed Markets,A
FNX,First Trust Mid Cap Core AlphaDEX Fund,ETF,GTSZ,"GTS Securities, LLC",Designated Liquidity Provider,Equity - Developed Markets,A
FNX,First Trust Mid Cap Core AlphaDEX Fund,ETF,OLDM,Old Mission Capital LLC,Market Quality Supporter,Equity - Developed Markets,A
FNY,First Trust Mid Cap Growth AlphaDEX Fund,ETF,XGWD,Latour Trading LLC,Designated Liquidity Provider,Equity - Developed Markets,A
FNY,First Trust Mid Cap Growth AlphaDEX Fund,ETF,OLDM,Old Mission Capital LLC,Market Quality Supporter,Equity - Developed Markets,A
FPA,First Trust Asia Pacific Ex-Japan AlphaDEX Fund,ETF,SSUS,"Susquehanna Securities, LLC",Designated Liquidity Provider,Equity - Developed Markets,A
FPXE,First Trust IPOX Europe Equity Opportunities ETF,ETF,SSUS,"Susquehanna Securities, LLC",Designated Liquidity Provider,Equity - Developed Markets,A
FPXI,First Trust International Equity Opportunities ETF,ETF,CTDN,Citadel Securities LLC,Designated Liquidity Provider,Equity - Blended Development,C
FPXI,First Trust International Equity Opportunities ETF,ETF,OLDM,Old Mission Capital LLC,Market Quality Supporter,Equity - Blended Development,C
FREI,Fidelity Real Estate Income ETF,ETF,JSCA,"Jane Street Capital, LLC",Designated Liquidity Provider,,
FRWD,Nomura Transformational Technologies ETF,ETF,GTSZ,"GTS Securities, LLC",Designated Liquidity Provider,Equity - Blended Development,C
FRWD,Nomura Transformational Technologies ETF,ETF,CTDL,Citadel Securities LLC,Market Quality Supporter,Equity - Blended Development,C
FSCS,First Trust SMID Capital Strength ETF,ETF,SSUS,"Susquehanna Securities, LLC",Designated Liquidity Provider,Equity - Developed Micro to Smal,B
FSCS,First Trust SMID Capital Strength ETF,ETF,OLDM,Old Mission Capital LLC,Market Quality Supporter,Equity - Developed Micro to Smal,B
FSGS,First Trust SMID Growth Strength ETF,ETF,SSUS,"Susquehanna Securities, LLC",Designated Liquidity Provider,Equity - Developed Micro to Smal,B
FSGS,First Trust SMID Growth Strength ETF,ETF,OLDM,Old Mission Capital LLC,Market Quality Supporter,Equity - Developed Micro to Smal,B
FSTB,Fidelity Short-Term Bond ETF,ETF,JSCA,"Jane Street Capital, LLC",Designated Liquidity Provider,Derivatives Strategy - Other tha,B
FSZ,First Trust Switzerland AlphaDEX Fund,ETF,CTDN,Citadel Securities LLC,Designated Liquidity Provider,Equity - Developed Markets,A
FSZ,First Trust Switzerland AlphaDEX Fund,ETF,OLDM,Old Mission Capital LLC,Market Quality Supporter,Equity - Developed Markets,A
FTA,First Trust Large Cap Value AlphaDEX Fund,ETF,SSUS,"Susquehanna Securities, LLC",Designated Liquidity Provider,Equity - Developed Markets,A
FTA,First Trust Large Cap Value AlphaDEX Fund,ETF,XGWD,Latour Trading LLC,Market Quality Supporter,Equity - Developed Markets,A
FTA,First Trust Large Cap Value AlphaDEX Fund,ETF,OLDM,Old Mission Capital LLC,Market Quality Supporter,Equity - Developed Markets,A
FTAG,First Trust Indxx Global Agriculture ETF,ETF,JSCA,"Jane Street Capital, LLC",Designated Liquidity Provider,Equity - Blended Development,C
FTAG,First Trust Indxx Global Agriculture ETF,ETF,OLDM,Old Mission Capital LLC,Market Quality Supporter,Equity - Blended Development,C
FTC,First Trust Large Cap Growth AlphaDEX Fund,ETF,SSUS,"Susquehanna Securities, LLC",Designated Liquidity Provider,Equity - Developed Markets,A
FTC,First Trust Large Cap Growth AlphaDEX Fund,ETF,OLDM,Old Mission Capital LLC,Market Quality Supporter,Equity - Developed Markets,A
FTCS,First Trust Capital Strength ETF,ETF,RBCD,"RBC Capital Markets, LLC",Designated Liquidity Provider,Equity - Developed Markets,A
FTDS,First Trust Dividend Strength ETF,ETF,SSUS,"Susquehanna Securities, LLC",Designated Liquidity Provider,Equity - Developed Markets,A
FTDS,First Trust Dividend Strength ETF,ETF,OLDM,Old Mission Capital LLC,Market Quality Supporter,Equity - Developed Markets,A
FTGC,First Trust Global Tactical Commodity Strategy Fund,ETF,SSUS,"Susquehanna Securities, LLC",Designated Liquidity Provider,Commodities,High Volume ETP
FTGS,First Trust Growth Strength ETF,ETF,SSUS,"Susquehanna Securities, LLC",Designated Liquidity Provider,Equity - Developed Markets,A
FTHI,First Trust BuyWrite Income ETF,ETF,RBCD,"RBC Capital Markets, LLC",Designated Liquidity Provider,Derivatives Strategy - Developed,B
FTQI,First Trust Nasdaq BuyWrite Income ETF,ETF,RBCD,"RBC Capital Markets, LLC",Designated Liquidity Provider,Derivatives Strategy - Developed,B
FTRI,First Trust Indxx Global Natural Resources Income ETF,ETF,JSCA,"Jane Street Capital, LLC",Designated Liquidity Provider,Equity - Blended Development,C
FTSL,First Trust Senior Loan Fund,ETF,SSUS,"Susquehanna Securities, LLC",Designated Liquidity Provider,Fixed Income - Loans and Convert,B
FTSM,First Trust Enhanced Short Maturity ETF,ETF,SSUS,"Susquehanna Securities, LLC",Designated Liquidity Provider,Fixed Income - North America or,A
FTXG,First Trust Nasdaq Food & Beverage ETF,ETF,GTSZ,"GTS Securities, LLC",Designated Liquidity Provider,Equity - Developed Markets,A
FTXG,First Trust Nasdaq Food & Beverage ETF,ETF,OLDM,Old Mission Capital LLC,Market Quality Supporter,Equity - Developed Markets,A
FTXH,First Trust Nasdaq Pharmaceuticals ETF,ETF,OLDM,Old Mission Capital LLC,Designated Liquidity Provider,Equity - Developed Markets,A
FTXL,First Trust Nasdaq Semiconductor ETF,ETF,OLDM,Old Mission Capital LLC,Designated Liquidity Provider,Equity - Developed Markets,A
FTXN,First Trust Nasdaq Oil & Gas ETF,ETF,XGWD,Latour Trading LLC,Designated Liquidity Provider,Equity - Developed Markets,High Volume ETP
FTXO,First Trust Nasdaq Bank ETF,ETF,XGWD,Latour Trading LLC,Designated Liquidity Provider,Equity - Developed Markets,A
FTXO,First Trust Nasdaq Bank ETF,ETF,OLDM,Old Mission Capital LLC,Market Quality Supporter,Equity - Developed Markets,A
FTXR,First Trust Nasdaq Transportation ETF,ETF,RBCD,"RBC Capital Markets, LLC",Designated Liquidity Provider,Equity - Developed Markets,A
FTXR,First Trust Nasdaq Transportation ETF,ETF,OLDM,Old Mission Capital LLC,Market Quality Supporter,Equity - Developed Markets,A
FUTG,Leverage Shares 2x Long FUTU Daily ETF,ETF (Single Stock),VIRT,Virtu Americas LLC,Designated Liquidity Provider,Derivatives Strategy - Developed,High Volume ETP
FV,First Trust Dorsey Wright Focus 5 ETF,ETF,SSUS,"Susquehanna Securities, LLC",Designated Liquidity Provider,Equity - Blended Development,C
FV,First Trust Dorsey Wright Focus 5 ETF,ETF,OLDM,Old Mission Capital LLC,Market Quality Supporter,Equity - Blended Development,C
FVC,First Trust Dorsey Wright Dynamic Focus 5 ETF,ETF,SSUS,"Susquehanna Securities, LLC",Designated Liquidity Provider,Equity - Blended Development,C
FVC,First Trust Dorsey Wright Dynamic Focus 5 ETF,ETF,OLDM,Old Mission Capital LLC,Market Quality Supporter,Equity - Blended Development,C
FYC,First Trust Small Cap Growth AlphaDEX Fund,ETF,XGWD,Latour Trading LLC,Designated Liquidity Provider,Equity - Developed Micro to Smal,B
FYC,First Trust Small Cap Growth AlphaDEX Fund,ETF,OLDM,Old Mission Capital LLC,Market Quality Supporter,Equity - Developed Micro to Smal,B
FYT,First Trust Small Cap Value AlphaDEX Fund,ETF,XGWD,Latour Trading LLC,Designated Liquidity Provider,Equity - Developed Micro to Smal,B
FYT,First Trust Small Cap Value AlphaDEX Fund,ETF,OLDM,Old Mission Capital LLC,Market Quality Supporter,Equity - Developed Micro to Smal,B
FYX,First Trust Small Cap Core AlphaDEX Fund,ETF,OLDM,Old Mission Capital LLC,Designated Liquidity Provider,Equity - Developed Micro to Smal,B
GARY,Mango Growth ETF,ETF,GTSZ,"GTS Securities, LLC",Designated Liquidity Provider,Equity - Developed Markets,A
GAVA,Grayscale Avalanche Staking ETF,SUBCODE: CB,JSCA,"Jane Street Capital, LLC",Designated Liquidity Provider,Currency - Cryptocurrency,A
GBUG,Sprott Active Gold & Silver Miners ETF,ETF,VIRT,Virtu Americas LLC,Designated Liquidity Provider,Equity - Blended Development,C
GEME,Pacific North of South EM Equity Active ETF,ETF,FLTG,Flow Traders U.S. LLC,Designated Liquidity Provider,Equity - Emerging and Frontier M,C
GEMG,Leverage Shares 2X Long GEMI Daily ETF,ETF (Single Stock),IMCC,"IMC-Chicago, LLC",Designated Liquidity Provider,Derivatives Strategy - Developed,B
GENZ,VanEck Digital Native Economy ETF,ETF,VIRT,Virtu Americas LLC,Designated Liquidity Provider,Equity - Blended Development,C
GENZ,VanEck Digital Native Economy ETF,ETF,DVES,DV Equities,Market Quality Supporter,Equity - Blended Development,C
GEQ,Cambria Global EW 2 ETF,ETF,GTSZ,"GTS Securities, LLC",Designated Liquidity Provider,Equity - Blended Development,C
GEVG,Leverage Shares 2X Long GEV Daily ETF,ETF (Single Stock),IMCC,"IMC-Chicago, LLC",Designated Liquidity Provider,Derivatives Strategy - Developed,B
GEW,Cambria Global EW ETF,ETF,GTSZ,"GTS Securities, LLC",Designated Liquidity Provider,Equity - Blended Development,C
GFGF,Guru Favorite Stocks ETF,ETF,RBCD,"RBC Capital Markets, LLC",Designated Liquidity Provider,Equity - Developed Markets,A
GFLW,VictoryShares Free Cash Flow Growth ETF,ETF,SSUS,"Susquehanna Securities, LLC",Designated Liquidity Provider,Derivatives Strategy - Developed,B
GFLW,VictoryShares Free Cash Flow Growth ETF,ETF,CTDL,Citadel Securities LLC,Market Quality Supporter,Derivatives Strategy - Developed,B
GGLL,Direxion Daily GOOGL Bull 2X ETF,ETF (Single Stock),SSUS,"Susquehanna Securities, LLC",Designated Liquidity Provider,Derivatives Strategy - Developed,High Volume ETP
GGLS,Direxion Daily GOOGL Bear 1X ETF,ETF (Single Stock),SSUS,"Susquehanna Securities, LLC",Designated Liquidity Provider,Derivatives Strategy - Developed,High Volume ETP
GIEQ,Goldman Sachs Data Enhanced International Equity ETF,ETF,CTDN,Citadel Securities LLC,Designated Liquidity Provider,Equity - Blended Development,C
GIND,Goldman Sachs India Equity ETF,ETF,JSCA,"Jane Street Capital, LLC",Designated Liquidity Provider,Derivatives Strategy - Other tha,B
GINX,SGI Enhanced Global Income ETF,ETF,GTSZ,"GTS Securities, LLC",Designated Liquidity Provider,Derivatives Strategy - Other tha,B
GKAT,Scharf Global Opportunity ETF,ETF,VIRT,Virtu Americas LLC,Designated Liquidity Provider,Equity - Blended Development,C
GKAT,Scharf Global Opportunity ETF,ETF,DVES,DV Equities,Market Quality Supporter,Equity - Blended Development,C
GLCR,GlacierShares Nasdaq Iceland ETF,ETF,SSUS,"Susquehanna Securities, LLC",Designated Liquidity Provider,Equity - Developed Markets,A
GLDB,IDX Alternative FIAT ETF,ETF,OLDM,Old Mission Capital LLC,Designated Liquidity Provider,Derivatives Strategy - Other tha,B
GLDI,"ETRACS Gold Shares Covered Call ETNs due February 2, 2033",ETN,SSUS,"Susquehanna Securities, LLC",Designated Liquidity Provider,ETN,C
GLGG,Leverage Shares 2X Long GLXY Daily ETF,ETF (Single Stock),IMCC,"IMC-Chicago, LLC",Designated Liquidity Provider,Derivatives Strategy - Developed,B
GLOW,VictoryShares WestEnd Global Equity ETF,ETF,CTDL,Citadel Securities LLC,Designated Liquidity Provider,Equity - Blended Development,C
GLWG,Leverage Shares 2X Long GLW Daily ETF,ETF (Single Stock),GTSZ,"GTS Securities, LLC",Designated Liquidity Provider,Derivatives Strategy - Developed,High Volume ETP
GNMA,iShares GNMA Bond ETF,ETF,VIRT,Virtu Americas LLC,Designated Liquidity Provider,Fixed Income - Loans and Convert,B
GNMA,iShares GNMA Bond ETF,ETF,OLDM,Old Mission Capital LLC,Market Quality Supporter,Fixed Income - Loans and Convert,B
GNOM,Global X Genomics & Biotechnology ETF,ETF,SSUS,"Susquehanna Securities, LLC",Designated Liquidity Provider,Equity - Blended Development,C
GOLI,Defiance Gold Enhanced Options Income ETF,ETF,OLDM,Old Mission Capital LLC,Designated Liquidity Provider,Commodities Strategy,C
GOU,GraniteShares 2x Long GOOGL Daily ETF,ETF (Single Stock),GTSZ,"GTS Securities, LLC",Designated Liquidity Provider,Derivatives Strategy - Developed,B
GOVI,Invesco Equal Weight 0-30 Year Treasury ETF,ETF,CTDL,Citadel Securities LLC,Designated Liquidity Provider,Fixed Income - US Government,A
GOVI,Invesco Equal Weight 0-30 Year Treasury ETF,ETF,OLDM,Old Mission Capital LLC,Market Quality Supporter,Fixed Income - US Government,A
GPIQ,Goldman Sachs Nasdaq-100 Premium Income ETF,ETF,CTDL,Citadel Securities LLC,Designated Liquidity Provider,Derivatives Strategy - Developed,High Volume ETP
GPIQ,Goldman Sachs Nasdaq-100 Premium Income ETF,ETF,OLDM,Old Mission Capital LLC,Market Quality Supporter,Derivatives Strategy - Developed,High Volume ETP
GPIX,Goldman Sachs S&P 500 Premium Income ETF,ETF,CTDL,Citadel Securities LLC,Designated Liquidity Provider,Derivatives Strategy - Developed,B
GPIX,Goldman Sachs S&P 500 Premium Income ETF,ETF,OLDM,Old Mission Capital LLC,Market Quality Supporter,Derivatives Strategy - Developed,B
GPRF,Goldman Sachs Access U.S. Preferred Stock and Hybrid Securities ETF,ETF,VIRT,Virtu Americas LLC,Designated Liquidity Provider,Equity - Developed Markets,A
GPT,Intelligent Alpha Atlas ETF,ETF,GTSZ,"GTS Securities, LLC",Designated Liquidity Provider,,
GQQQ,Astoria US Quality Growth Kings ETF,ETF,CTDL,Citadel Securities LLC,Designated Liquidity Provider,Equity - Developed Markets,A
GRAG,Leverage Shares 2X Long GRAB Daily ETF,ETF (Single Stock),GTSZ,"GTS Securities, LLC",Designated Liquidity Provider,Derivatives Strategy - Developed,B
GRID,First Trust NASDAQ Clean Edge Smart Grid Infrastructure Index Fund,ETF,JSCA,"Jane Street Capital, LLC",Designated Liquidity Provider,Equity - Blended Development,C
GRID,First Trust NASDAQ Clean Edge Smart Grid Infrastructure Index Fund,ETF,OLDM,Old Mission Capital LLC,Market Quality Supporter,Equity - Blended Development,C
GRIN,VictoryShares International Free Cash Flow Growth ETF,ETF,JSCA,"Jane Street Capital, LLC",Designated Liquidity Provider,Derivatives Strategy - Developed,B
GRIN,VictoryShares International Free Cash Flow Growth ETF,ETF,SSUS,"Susquehanna Securities, LLC",Market Quality Supporter,Derivatives Strategy - Developed,B
GRW,TCW Durable Growth ETF,ETF,SSUS,"Susquehanna Securities, LLC",Designated Liquidity Provider,Equity - Blended Development,C
GSGO,Goldman Sachs Growth Opportunities ETF,ETF,VIRT,Virtu Americas LLC,Designated Liquidity Provider,Equity - Developed Markets,A
GSIB,Themes Global Systemically Important Banks ETF,ETF,GTSZ,"GTS Securities, LLC",Designated Liquidity Provider,Equity - Blended Development,C
GTOP,Goldman Sachs Technology Opportunities ETF,ETF,VIRT,Virtu Americas LLC,Designated Liquidity Provider,Equity - Blended Development,C
GTOQ,Invesco High Yield Systematic Bond ETF,ETF,JSCA,"Jane Street Capital, LLC",Designated Liquidity Provider,Derivatives Strategy - Other tha,B
GTOQ,Invesco High Yield Systematic Bond ETF,ETF,OLDM,Old Mission Capital LLC,Market Quality Supporter,Derivatives Strategy - Other tha,B
GTPE,Goldman Sachs MSCI World Private Equity Return Tracker ETF,ETF,SSUS,"Susquehanna Securities, LLC",Designated Liquidity Provider,Derivatives Strategy - Other tha,B
GTPE,Goldman Sachs MSCI World Private Equity Return Tracker ETF,ETF,CTDN,Citadel Securities LLC,Market Quality Supporter,Derivatives Strategy - Other tha,B
GTR,WisdomTree Target Range Fund,ETF,SSUS,"Susquehanna Securities, LLC",Designated Liquidity Provider,Derivatives Strategy - Other tha,B
GUSE,Goldman Sachs Enhanced U.S. Equity ETF,ETF,VIRT,Virtu Americas LLC,Designated Liquidity Provider,Equity - Developed Markets,A
GVLE,Goldman Sachs Value Opportunities ETF,ETF,VIRT,Virtu Americas LLC,Designated Liquidity Provider,Equity - Developed Markets,A
GXDW,Global X Dorsey Wright Thematic ETF,ETF,GTSZ,"GTS Securities, LLC",Designated Liquidity Provider,Equity - Blended Development,C
HBDC,Hilton BDC Corporate Bond ETF,ETF,GTSZ,"GTS Securities, LLC",Designated Liquidity Provider,Derivatives Strategy - Other tha,B
HBR,Canary HBAR ETF,SUBCODE: CB,VIRT,Virtu Americas LLC,Designated Liquidity Provider,Currency - Cryptocurrency,A
HCOW,Amplify COWS Covered Call ETF,ETF,CTDL,Citadel Securities LLC,Designated Liquidity Provider,Derivatives Strategy - Developed,B
HEAL,Global X HealthTech ETF,ETF,SSUS,"Susquehanna Securities, LLC",Designated Liquidity Provider,Equity - Developed Markets,A
HECO,State Street Galaxy Hedged Digital Asset Ecosystem ETF,ETF,SSUS,"Susquehanna Securities, LLC",Designated Liquidity Provider,Derivatives Strategy - Other tha,B
HEQQ,JPMorgan Nasdaq Hedged Equity Laddered Overlay ETF,ETF,SSUS,"Susquehanna Securities, LLC",Designated Liquidity Provider,Derivatives Strategy - Developed,B
HERD,Pacer Cash Cows Fund of Funds ETF,ETF,JSCA,"Jane Street Capital, LLC",Designated Liquidity Provider,Equity - Blended Development,C
HERO,Global X Video Games & Esports ETF,ETF,GTSZ,"GTS Securities, LLC",Designated Liquidity Provider,Equity - Blended Development,C
HFSP,TradersAI Large Cap Equity & Cash ETF,ETF,OLDM,Old Mission Capital LLC,Designated Liquidity Provider,Derivatives Strategy - Developed,B
HIDE,Alpha Architect High Inflation and Deflation ETF,ETF,RBCD,"RBC Capital Markets, LLC",Designated Liquidity Provider,Multi Asset Strategy,B
HIMZ,Defiance Daily Target 2X Long HIMS ETF,ETF (Single Stock),FLTG,Flow Traders U.S. LLC,Designated Liquidity Provider,Derivatives Strategy - Developed,B
HIS,Humilis US Focused Opportunities ETF,ETF,RBCD,"RBC Capital Markets, LLC",Designated Liquidity Provider,Equity - Developed Markets,A
HISF,First Trust High Income Strategic Focus ETF,ETF,JSCA,"Jane Street Capital, LLC",Designated Liquidity Provider,Fixed Income - International,B
HISF,First Trust High Income Strategic Focus ETF,ETF,OLDM,Old Mission Capital LLC,Market Quality Supporter,Fixed Income - International,B
HLAL,Wahed FTSE USA Shariah ETF,ETF,XGWD,Latour Trading LLC,Designated Liquidity Provider,Equity - Developed Markets,A
HMYY,GraniteShares YieldBoost HIMS ETF,ETF (Single Stock),JSCA,"Jane Street Capital, LLC",Designated Liquidity Provider,Derivatives Strategy - Developed,B
HNDL,Strategy Shares Nasdaq 7HANDL Index ETF,ETF,GTSZ,"GTS Securities, LLC",Designated Liquidity Provider,Derivatives Strategy - Other tha,B
HODU,Direxion Daily HOOD Bull 2X ETF,ETF (Single Stock),SSUS,"Susquehanna Securities, LLC",Designated Liquidity Provider,Derivatives Strategy - Developed,B
HODU,Direxion Daily HOOD Bull 2X ETF,ETF (Single Stock),DVES,DV Equities,Market Quality Supporter,Derivatives Strategy - Developed,B
HOOG,Leverage Shares 2X Long HOOD Daily ETF,ETF (Single Stock),IMCC,"IMC-Chicago, LLC",Designated Liquidity Provider,Derivatives Strategy - Developed,B
HOOX,Defiance Daily Target 2X Long HOOD ETF,ETF (Single Stock),IMCC,"IMC-Chicago, LLC",Designated Liquidity Provider,Derivatives Strategy - Developed,B
HOYY,GraniteShares YieldBOOST HOOD ETF,ETF (Single Stock),JSCA,"Jane Street Capital, LLC",Designated Liquidity Provider,Derivatives Strategy - Developed,B
HQGO,Hartford US Quality Growth ETF,ETF,CTDL,Citadel Securities LLC,Designated Liquidity Provider,Equity - Developed Markets,A
HRTS,Tema Heart & Health ETF,ETF,VIRT,Virtu Americas LLC,Designated Liquidity Provider,Equity - Blended Development,C
HUTG,Leverage Shares 2X Long HUT Daily ETF,ETF (Single Stock),IMCC,"IMC-Chicago, LLC",Designated Liquidity Provider,Derivatives Strategy - Developed,B
HWAY,Themes US Infrastructure ETF,ETF,IMCC,"IMC-Chicago, LLC",Designated Liquidity Provider,Equity - Developed Markets,A
HWSM,Hotchkis & Wiley SMID Cap Diversified Value Fund,ETF,CTDL,Citadel Securities LLC,Designated Liquidity Provider,Equity - Developed Micro to Smal,B
HYBI,NEOS Enhanced Income Credit Select ETF,ETF,JSCA,"Jane Street Capital, LLC",Designated Liquidity Provider,Derivatives Strategy - Other tha,B
HYDR,Global X Hydrogen ETF,ETF,GTSZ,"GTS Securities, LLC",Designated Liquidity Provider,Equity - Blended Development,C
HYLS,First Trust Tactical High Yield ETF,ETF,SSUS,"Susquehanna Securities, LLC",Designated Liquidity Provider,Fixed Income - International,B
HYP,Golden Eagle Dynamic Hypergrowth ETF,ETF,GTSZ,"GTS Securities, LLC",Designated Liquidity Provider,Equity - Developed Markets,A
HYPG,Grayscale Hyperliquid Staking ETF,SUBCODE: CB,FLTG,Flow Traders U.S. LLC,Designated Liquidity Provider,,
HYXF,iShares ESG Advanced High Yield Corporate Bond ETF,ETF,FLTU,Flow Traders U.S. LLC,Designated Liquidity Provider,Fixed Income - North America or,A
HYXF,iShares ESG Advanced High Yield Corporate Bond ETF,ETF,OLDM,Old Mission Capital LLC,Market Quality Supporter,Fixed Income - North America or,A
HYZD,WisdomTree Interest Rate Hedged High Yield Bond Fund,ETF,FLTG,Flow Traders U.S. LLC,Designated Liquidity Provider,Derivatives Strategy - Other tha,B
HYZD,WisdomTree Interest Rate Hedged High Yield Bond Fund,ETF,PUND,Pundion LLC,Market Quality Supporter,Derivatives Strategy - Other tha,B
IALT,iShares Systematic Alternatives Active ETF,ETF,CTDL,Citadel Securities LLC,Designated Liquidity Provider,Derivatives Strategy - Other tha,High Volume ETP
IBAT,iShares Energy Storage & Materials ETF,ETF,OLDM,Old Mission Capital LLC,Designated Liquidity Provider,Equity - Blended Development,C
IBAT,iShares Energy Storage & Materials ETF,ETF,SSUS,"Susquehanna Securities, LLC",Market Quality Supporter,Equity - Blended Development,C
IBB,iShares Biotechnology ETF,ETF,XGWD,Latour Trading LLC,Designated Liquidity Provider,Derivatives Strategy - Developed,High Volume ETP
IBBQ,Invesco Nasdaq Biotechnology ETF,ETF,XGWD,Latour Trading LLC,Designated Liquidity Provider,Equity - Developed Markets,A
IBBQ,Invesco Nasdaq Biotechnology ETF,ETF,DVES,DV Equities,Market Quality Supporter,Equity - Developed Markets,A
IBGA,iShares iBonds Dec 2044 Term Treasury ETF,ETF,CTDL,Citadel Securities LLC,Designated Liquidity Provider,Fixed Income - US Government,A
IBGA,iShares iBonds Dec 2044 Term Treasury ETF,ETF,SSUS,"Susquehanna Securities, LLC",Market Quality Supporter,Fixed Income - US Government,A
IBGB,iShares iBonds Dec 2045 Term Treasury ETF,ETF,CTDL,Citadel Securities LLC,Designated Liquidity Provider,Fixed Income - US Government,A
IBGC,iShares iBonds Dec 2046 Term Treasury ETF,ETF,CTDL,Citadel Securities LLC,Designated Liquidity Provider,Fixed Income - US Government,A
IBGK,iShares iBonds Dec 2054 Term Treasury ETF,ETF,CTDL,Citadel Securities LLC,Designated Liquidity Provider,Fixed Income - US Government,A
IBGK,iShares iBonds Dec 2054 Term Treasury ETF,ETF,SSUS,"Susquehanna Securities, LLC",Market Quality Supporter,Fixed Income - US Government,A
IBGL,iShares iBonds Dec 2055 Term Treasury ETF,ETF,CTDL,Citadel Securities LLC,Designated Liquidity Provider,Fixed Income - US Government,A
IBGM,iShares iBonds Dec 2056 Term Treasury ETF,ETF,CTDL,Citadel Securities LLC,Designated Liquidity Provider,Fixed Income - US Government,A
IBIT,iShares Bitcoin Trust ETF,SUBCODE: CB,JSCA,"Jane Street Capital, LLC",Designated Liquidity Provider,Currency - Cryptocurrency,High Volume ETP
IBOT,VanEck Robotics ETF,ETF,CTDN,Citadel Securities LLC,Designated Liquidity Provider,Equity - Blended Development,C
IBOT,VanEck Robotics ETF,ETF,DVES,DV Equities,Market Quality Supporter,Equity - Blended Development,C
IBTG,iShares iBonds Dec 2026 Term Treasury ETF,ETF,CTDL,Citadel Securities LLC,Designated Liquidity Provider,Fixed Income - US Government,A
IBTG,iShares iBonds Dec 2026 Term Treasury ETF,ETF,FLTU,Flow Traders U.S. LLC,Market Quality Supporter,Fixed Income - US Government,A
IBTH,iShares iBonds Dec 2027 Term Treasury ETF,ETF,CTDL,Citadel Securities LLC,Designated Liquidity Provider,Fixed Income - US Government,A
IBTH,iShares iBonds Dec 2027 Term Treasury ETF,ETF,FLTU,Flow Traders U.S. LLC,Market Quality Supporter,Fixed Income - US Government,A
IBTI,iShares iBonds Dec 2028 Term Treasury ETF,ETF,CTDL,Citadel Securities LLC,Designated Liquidity Provider,Fixed Income - US Government,A
IBTI,iShares iBonds Dec 2028 Term Treasury ETF,ETF,FLTU,Flow Traders U.S. LLC,Market Quality Supporter,Fixed Income - US Government,A
IBTJ,iShares iBonds Dec 2029 Term Treasury ETF,ETF,CTDL,Citadel Securities LLC,Designated Liquidity Provider,Fixed Income - US Government,A
IBTJ,iShares iBonds Dec 2029 Term Treasury ETF,ETF,FLTU,Flow Traders U.S. LLC,Market Quality Supporter,Fixed Income - US Government,A
IBTK,iShares iBonds Dec 2030 Term Treasury ETF,ETF,CTDL,Citadel Securities LLC,Designated Liquidity Provider,Fixed Income - US Government,A
IBTK,iShares iBonds Dec 2030 Term Treasury ETF,ETF,FLTU,Flow Traders U.S. LLC,Market Quality Supporter,Fixed Income - US Government,A
IBTL,iShares iBonds Dec 2031 Term Treasury ETF,ETF,CTDL,Citadel Securities LLC,Designated Liquidity Provider,Fixed Income - US Government,A
IBTL,iShares iBonds Dec 2031 Term Treasury ETF,ETF,FLTU,Flow Traders U.S. LLC,Market Quality Supporter,Fixed Income - US Government,A
IBTM,iShares iBonds Dec 2032 Term Treasury ETF,ETF,FLTU,Flow Traders U.S. LLC,Designated Liquidity Provider,Fixed Income - US Government,A
IBTM,iShares iBonds Dec 2032 Term Treasury ETF,ETF,SSUS,"Susquehanna Securities, LLC",Market Quality Supporter,Fixed Income - US Government,A
IBTO,iShares iBonds Dec 2033 Term Treasury ETF,ETF,FLTU,Flow Traders U.S. LLC,Designated Liquidity Provider,Fixed Income - US Government,A
IBTO,iShares iBonds Dec 2033 Term Treasury ETF,ETF,SSUS,"Susquehanna Securities, LLC",Market Quality Supporter,Fixed Income - US Government,A
IBTP,iShares iBonds Dec 2034 Term Treasury ETF,ETF,CTDL,Citadel Securities LLC,Designated Liquidity Provider,Fixed Income - US Government,A
IBTP,iShares iBonds Dec 2034 Term Treasury ETF,ETF,SSUS,"Susquehanna Securities, LLC",Market Quality Supporter,Fixed Income - US Government,A
IBTQ,iShares iBonds Dec 2035 Term Treasury ETF,ETF,CTDL,Citadel Securities LLC,Designated Liquidity Provider,Fixed Income - US Government,A
IBTR,iShares iBonds Dec 2036 Term Treasury ETF,ETF,CTDL,Citadel Securities LLC,Designated Liquidity Provider,Fixed Income - US Government,A
ICLN,iShares Global Clean Energy ETF,ETF,VIRT,Virtu Americas LLC,Designated Liquidity Provider,Equity - Blended Development,High Volume ETP
ICOP,iShares Copper and Metals Mining ETF,ETF,SSUS,"Susquehanna Securities, LLC",Designated Liquidity Provider,Derivatives Strategy - Other tha,B
ICOP,iShares Copper and Metals Mining ETF,ETF,CTDN,Citadel Securities LLC,Market Quality Supporter,Derivatives Strategy - Other tha,B
IDEF,iShares Defense Industrials Active ETF,ETF,VIRT,Virtu Americas LLC,Designated Liquidity Provider,Derivatives Strategy - Other tha,B
IDVY,First Trust International Rising Dividend Achievers ETF,ETF,CTDN,Citadel Securities LLC,Designated Liquidity Provider,Equity - Developed Markets,A
IEF,iShares 7-10 Year Treasury Bond ETF,ETF,JSCA,"Jane Street Capital, LLC",Designated Liquidity Provider,Fixed Income - US Government,High Volume ETP
IEI,iShares 3-7 Year Treasury Bond ETF,ETF,JSCA,"Jane Street Capital, LLC",Designated Liquidity Provider,Fixed Income - US Government,High Volume ETP
IEUS,iShares MSCI Europe Small-Cap ETF,ETF,SSUS,"Susquehanna Securities, LLC",Designated Liquidity Provider,Equity - Developed Micro to Smal,B
IEUS,iShares MSCI Europe Small-Cap ETF,ETF,OLDM,Old Mission Capital LLC,Market Quality Supporter,Equity - Developed Micro to Smal,B
IFGL,iShares International Developed Real Estate ETF,ETF,SSUS,"Susquehanna Securities, LLC",Designated Liquidity Provider,Equity - Developed Markets,A
IFGL,iShares International Developed Real Estate ETF,ETF,OLDM,Old Mission Capital LLC,Market Quality Supporter,Equity - Developed Markets,A
IFLO,VictoryShares International Free Cash Flow ETF,ETF,JSCA,"Jane Street Capital, LLC",Designated Liquidity Provider,Derivatives Strategy - Developed,B
IFLO,VictoryShares International Free Cash Flow ETF,ETF,SSUS,"Susquehanna Securities, LLC",Market Quality Supporter,Derivatives Strategy - Developed,B
IFV,First Trust Dorsey Wright International Focus 5 ETF,ETF,CTDN,Citadel Securities LLC,Designated Liquidity Provider,Equity - Blended Development,C
IFV,First Trust Dorsey Wright International Focus 5 ETF,ETF,OLDM,Old Mission Capital LLC,Market Quality Supporter,Equity - Blended Development,C
IGF,iShares Global Infrastructure ETF,ETF,CTDN,Citadel Securities LLC,Designated Liquidity Provider,Equity - Blended Development,C
IGIB,iShares 5-10 Year Investment Grade Corporate Bond ETF,ETF,JSCA,"Jane Street Capital, LLC",Designated Liquidity Provider,Fixed Income - North America or,High Volume ETP
IGOV,iShares International Treasury Bond ETF,ETF,VIRT,Virtu Americas LLC,Designated Liquidity Provider,Derivatives Strategy - Other tha,B
IGOV,iShares International Treasury Bond ETF,ETF,FLTU,Flow Traders U.S. LLC,Market Quality Supporter,Derivatives Strategy - Other tha,B
IGSB,iShares 1-5 Year Investment Grade Corporate Bond ETF,ETF,JSCA,"Jane Street Capital, LLC",Designated Liquidity Provider,Fixed Income - North America or,High Volume ETP
IJT,iShares S&P SmallCap 600 Growth ETF,ETF,XGWD,Latour Trading LLC,Designated Liquidity Provider,Equity - Developed Micro to Smal,B
IJT,iShares S&P SmallCap 600 Growth ETF,ETF,OLDM,Old Mission Capital LLC,Market Quality Supporter,Equity - Developed Micro to Smal,B
ILIT,iShares Lithium Miners and Producers ETF,ETF,SSUS,"Susquehanna Securities, LLC",Designated Liquidity Provider,Derivatives Strategy - Other tha,B
ILIT,iShares Lithium Miners and Producers ETF,ETF,OLDM,Old Mission Capital LLC,Market Quality Supporter,Derivatives Strategy - Other tha,B
IMCV,iShares Morningstar Mid-Cap Value ETF,ETF,VIRT,Virtu Americas LLC,Designated Liquidity Provider,Equity - Developed Markets,A
IMCV,iShares Morningstar Mid-Cap Value ETF,ETF,XGWD,Latour Trading LLC,Market Quality Supporter,Equity - Developed Markets,A
IMOM,Alpha Architect International Quantitative Momentum ETF,ETF,VIRT,Virtu Americas LLC,Designated Liquidity Provider,Equity - Developed Markets,A
IND,Xtrackers Nifty 500 India ETF,ETF,FLTG,Flow Traders U.S. LLC,Designated Liquidity Provider,Derivatives Strategy - Other tha,B
INDH,WisdomTree India Hedged Equity Fund,ETF,OLDM,Old Mission Capital LLC,Designated Liquidity Provider,Equity - Emerging and Frontier M,C
INDQ,Pacer ActiveAlpha India Quality ETF,ETF,RBCD,"RBC Capital Markets, LLC",Designated Liquidity Provider,Equity - Emerging and Frontier M,C
INDY,iShares India 50 ETF,ETF,SSUS,"Susquehanna Securities, LLC",Designated Liquidity Provider,Derivatives Strategy - Other tha,B
INDY,iShares India 50 ETF,ETF,OLDM,Old Mission Capital LLC,Market Quality Supporter,Derivatives Strategy - Other tha,B
INRO,iShares U.S. Industry Rotation Active ETF,ETF,VIRT,Virtu Americas LLC,Designated Liquidity Provider,Derivatives Strategy - Developed,B
INRO,iShares U.S. Industry Rotation Active ETF,ETF,CTDL,Citadel Securities LLC,Market Quality Supporter,Derivatives Strategy - Developed,B
INRO,iShares U.S. Industry Rotation Active ETF,ETF,SSUS,"Susquehanna Securities, LLC",Market Quality Supporter,Derivatives Strategy - Developed,B
INTW,GraniteShares 2x Long INTC Daily ETF,ETF (Single Stock),IMCC,"IMC-Chicago, LLC",Designated Liquidity Provider,Derivatives Strategy - Developed,High Volume ETP
IONL,GraniteShares 2x Long IONQ Daily ETF,ETF (Single Stock),IMCC,"IMC-Chicago, LLC",Designated Liquidity Provider,Derivatives Strategy - Developed,B
IONX,Defiance Daily Target 2X Long IONQ ETF,ETF (Single Stock),IMCC,"IMC-Chicago, LLC",Designated Liquidity Provider,Derivatives Strategy - Other tha,High Volume ETP
IONZ,Defiance Daily Target 2x Short IONQ ETF,ETF (Single Stock),IMCC,"IMC-Chicago, LLC",Designated Liquidity Provider,Derivatives Strategy - Developed,High Volume ETP
IOYY,GraniteShares YieldBOOST IONQ ETF,ETF (Single Stock),JSCA,"Jane Street Capital, LLC",Designated Liquidity Provider,Derivatives Strategy - Developed,B
IPKW,Invesco International BuyBack Achievers ETF,ETF,SSUS,"Susquehanna Securities, LLC",Designated Liquidity Provider,Equity - Developed Markets,A
IPKW,Invesco International BuyBack Achievers ETF,ETF,OLDM,Old Mission Capital LLC,Market Quality Supporter,Equity - Developed Markets,A
IPKW,Invesco International BuyBack Achievers ETF,ETF,DVES,DV Equities,Market Quality Supporter,Equity - Developed Markets,A
IQQ,iShares Nasdaq 100 ETF,ETF,CTDL,Citadel Securities LLC,Designated Liquidity Provider,,
IQQ,iShares Nasdaq 100 ETF,ETF,SSUS,"Susquehanna Securities, LLC",Market Quality Supporter,,
IQQ,iShares Nasdaq 100 ETF,ETF,XGWD,Latour Trading LLC,Market Quality Supporter,,
IQQQ,ProShares Nasdaq-100 High Income ETF,ETF,SSUS,"Susquehanna Securities, LLC",Designated Liquidity Provider,Derivatives Strategy - Developed,B
IREG,Leverage Shares 2X Long IREN Daily ETF,ETF (Single Stock),IMCC,"IMC-Chicago, LLC",Designated Liquidity Provider,Derivatives Strategy - Developed,B
ISHG,iShares 1-3 Year International Treasury Bond ETF,ETF,VIRT,Virtu Americas LLC,Designated Liquidity Provider,Fixed Income - International,B
ISHG,iShares 1-3 Year International Treasury Bond ETF,ETF,OLDM,Old Mission Capital LLC,Market Quality Supporter,Fixed Income - International,B
ISHP,First Trust S-Network E-Commerce ETF,ETF,GTSZ,"GTS Securities, LLC",Designated Liquidity Provider,Equity - Blended Development,C
ISTB,iShares Core 1-5 Year USD Bond ETF,ETF,JSCA,"Jane Street Capital, LLC",Designated Liquidity Provider,Fixed Income - North America or,A
ISTB,iShares Core 1-5 Year USD Bond ETF,ETF,SSUS,"Susquehanna Securities, LLC",Market Quality Supporter,Fixed Income - North America or,A
ISTM,iShares Strategic Metals ETF,ETF,VIRT,Virtu Americas LLC,Designated Liquidity Provider,Commodities,B
ISTM,iShares Strategic Metals ETF,ETF,OLDM,Old Mission Capital LLC,Market Quality Supporter,Commodities,B
ISUL,GraniteShares 2x Long ISRG Daily ETF,ETF (Single Stock),IMCC,"IMC-Chicago, LLC",Designated Liquidity Provider,Derivatives Strategy - Developed,B
IUS,Invesco RAFI Strategic US ETF,ETF,CTDL,Citadel Securities LLC,Designated Liquidity Provider,Equity - Developed Markets,A
IUS,Invesco RAFI Strategic US ETF,ETF,DVES,DV Equities,Market Quality Supporter,Equity - Developed Markets,A
IUS,Invesco RAFI Strategic US ETF,ETF,SSUS,"Susquehanna Securities, LLC",Market Quality Supporter,Equity - Developed Markets,A
IUSB,iShares Core Universal USD Bond ETF,ETF,JSCA,"Jane Street Capital, LLC",Designated Liquidity Provider,Fixed Income - North America or,High Volume ETP
IUSG,iShares Core S&P U.S. Growth ETF,ETF,XGWD,Latour Trading LLC,Designated Liquidity Provider,Equity - Developed Markets,A
IUSV,iShares Core S&P U.S. Value ETF,ETF,JSCA,"Jane Street Capital, LLC",Designated Liquidity Provider,Equity - Developed Markets,A
IUSV,iShares Core S&P U.S. Value ETF,ETF,XGWD,Latour Trading LLC,Market Quality Supporter,Equity - Developed Markets,A
IVAL,Alpha Architect International Quantitative Value ETF,ETF,VIRT,Virtu Americas LLC,Designated Liquidity Provider,Equity - Blended Development,C
IVSI,Applied Finance IVS International Large ETF,ETF,GTSZ,"GTS Securities, LLC",Designated Liquidity Provider,Equity - Developed Markets,A
IVSS,Applied Finance IVS US SMID ETF,ETF,GTSZ,"GTS Securities, LLC",Designated Liquidity Provider,Equity - Developed Micro to Smal,B
IVSX,Applied Finance IVS International SMID ETF,ETF,GTSZ,"GTS Securities, LLC",Designated Liquidity Provider,Equity - Developed Micro to Smal,B
IXUS,iShares Core MSCI Total International Stock ETF,ETF,JSCA,"Jane Street Capital, LLC",Designated Liquidity Provider,Equity - Blended Development,High Volume ETP
JAPN,Horizon Kinetics Japan Owner Operator ETF,ETF,VIRT,Virtu Americas LLC,Designated Liquidity Provider,Equity - Developed Markets,A
JDOC,JPMorgan Healthcare Leaders ETF,ETF,JSCA,"Jane Street Capital, LLC",Designated Liquidity Provider,Derivatives Strategy - Other tha,B
JDOC,JPMorgan Healthcare Leaders ETF,ETF,CTDN,Citadel Securities LLC,Market Quality Supporter,Derivatives Strategy - Other tha,B
JEMA,JPMorgan ActiveBuilders Emerging Markets Equity ETF,ETF,OLDM,Old Mission Capital LLC,Designated Liquidity Provider,Equity - Emerging and Frontier M,C
JEPQ,JPMorgan Nasdaq Equity Premium Income ETF,ETF,SSUS,"Susquehanna Securities, LLC",Designated Liquidity Provider,Derivatives Strategy - Developed,High Volume ETP
JGLO,JPMorgan Global Select Equity ETF,ETF,CTDN,Citadel Securities LLC,Designated Liquidity Provider,Derivatives Strategy - Other tha,B
JHAI,Janus Henderson Global Artificial Intelligence ETF,ETF,CTDL,Citadel Securities LLC,Designated Liquidity Provider,Equity - Blended Development,C
JIVE,JPMorgan International Value ETF,ETF,OLDM,Old Mission Capital LLC,Designated Liquidity Provider,Derivatives Strategy - Other tha,B
JIVE,JPMorgan International Value ETF,ETF,CTDN,Citadel Securities LLC,Market Quality Supporter,Derivatives Strategy - Other tha,B
JMID,Janus Henderson Mid Cap Growth Alpha ETF,ETF,RBCD,"RBC Capital Markets, LLC",Designated Liquidity Provider,Equity - Developed Markets,A
JOYT,JPMorgan Equity and Options Total Return ETF,ETF,SSUS,"Susquehanna Securities, LLC",Designated Liquidity Provider,Derivatives Strategy - Developed,B
JPEF,JPMorgan Equity Focus ETF,ETF,XGWD,Latour Trading LLC,Designated Liquidity Provider,Equity - Developed Markets,A
JPEF,JPMorgan Equity Focus ETF,ETF,CTDL,Citadel Securities LLC,Market Quality Supporter,Equity - Developed Markets,A
JPFP,JPMorgan Managed Futures Plus ETF,ETF,SSUS,"Susquehanna Securities, LLC",Designated Liquidity Provider,Derivatives Strategy - Other tha,B
JPY,Lazard Japanese Equity ETF,ETF,SSUS,"Susquehanna Securities, LLC",Designated Liquidity Provider,Derivatives Strategy - Developed,B
JSMD,Janus Henderson Small/Mid Cap Growth Alpha ETF,ETF,VIRT,Virtu Americas LLC,Designated Liquidity Provider,Equity - Developed Micro to Smal,B
JSML,Janus Henderson Small Cap Growth Alpha ETF,ETF,VIRT,Virtu Americas LLC,Designated Liquidity Provider,Equity - Developed Micro to Smal,B
JTEK,JPMorgan U.S. Tech Leaders ETF,ETF,CTDL,Citadel Securities LLC,Designated Liquidity Provider,Derivatives Strategy - Developed,B
KAT,Scharf ETF,ETF,VIRT,Virtu Americas LLC,Designated Liquidity Provider,Equity - Blended Development,C
KAT,Scharf ETF,ETF,DVES,DV Equities,Market Quality Supporter,Equity - Blended Development,C
KBAB,KraneShares 2x Long BABA Daily ETF,ETF (Single Stock),SSUS,"Susquehanna Securities, LLC",Designated Liquidity Provider,Derivatives Strategy - Other tha,B
KBDU,KraneShares 2x Long BIDU Daily ETF,ETF (Single Stock),OLDM,Old Mission Capital LLC,Designated Liquidity Provider,Derivatives Strategy - Other tha,B
KBWB,Invesco KBW Bank ETF,ETF,JSCA,"Jane Street Capital, LLC",Designated Liquidity Provider,Equity - Developed Markets,High Volume ETP
KBWD,Invesco KBW High Dividend Yield Financial ETF,ETF,CTDL,Citadel Securities LLC,Designated Liquidity Provider,Equity - Developed Markets,A
KBWD,Invesco KBW High Dividend Yield Financial ETF,ETF,XGWD,Latour Trading LLC,Market Quality Supporter,Equity - Developed Markets,A
KBWD,Invesco KBW High Dividend Yield Financial ETF,ETF,OLDM,Old Mission Capital LLC,Market Quality Supporter,Equity - Developed Markets,A
KBWD,Invesco KBW High Dividend Yield Financial ETF,ETF,DVES,DV Equities,Market Quality Supporter,Equity - Developed Markets,A
KBWP,Invesco KBW Property & Casualty Insurance ETF,ETF,CTDL,Citadel Securities LLC,Designated Liquidity Provider,Equity - Developed Markets,A
KBWP,Invesco KBW Property & Casualty Insurance ETF,ETF,DVES,DV Equities,Market Quality Supporter,Equity - Developed Markets,A
KBWP,Invesco KBW Property & Casualty Insurance ETF,ETF,SSUS,"Susquehanna Securities, LLC",Market Quality Supporter,Equity - Developed Markets,A
KBWY,Invesco KBW Premium Yield Equity REIT ETF,ETF,CTDL,Citadel Securities LLC,Designated Liquidity Provider,Equity - Developed Markets,A
KBWY,Invesco KBW Premium Yield Equity REIT ETF,ETF,OLDM,Old Mission Capital LLC,Market Quality Supporter,Equity - Developed Markets,A
KBWY,Invesco KBW Premium Yield Equity REIT ETF,ETF,XGWD,Latour Trading LLC,Market Quality Supporter,Equity - Developed Markets,A
KBWY,Invesco KBW Premium Yield Equity REIT ETF,ETF,DVES,DV Equities,Market Quality Supporter,Equity - Developed Markets,A
KEAT,Keating Active ETF,ETF,GTSZ,"GTS Securities, LLC",Designated Liquidity Provider,Equity - Blended Development,C
KIQQ,KraneShares InspereX Nasdaq Dynamic Buffered High Income Index ETF,ETF,OLDM,Old Mission Capital LLC,Designated Liquidity Provider,Derivatives Strategy - Developed,B
KJD,KraneShares 2x Long JD Daily ETF,ETF (Single Stock),VIRT,Virtu Americas LLC,Designated Liquidity Provider,Derivatives Strategy - Other tha,B
KLAG,Leverage Shares 2x Long KLAC Daily ETF,ETF (Single Stock),GTSZ,"GTS Securities, LLC",Designated Liquidity Provider,Derivatives Strategy - Developed,B
KMLI,KraneShares 2x Long MELI Daily ETF,ETF (Single Stock),SSUS,"Susquehanna Securities, LLC",Designated Liquidity Provider,Derivatives Strategy - Other tha,B
KNGZ,First Trust S&P 500 Diversified Dividend Aristocrats ETF,ETF,SSUS,"Susquehanna Securities, LLC",Designated Liquidity Provider,Equity - Developed Markets,A
KNGZ,First Trust S&P 500 Diversified Dividend Aristocrats ETF,ETF,OLDM,Old Mission Capital LLC,Market Quality Supporter,Equity - Developed Markets,A
KOID,KraneShares Global Humanoid Robotics and Physical AI Index ETF,ETF,SSUS,"Susquehanna Securities, LLC",Designated Liquidity Provider,Derivatives Strategy - Other tha,B
KPDD,KraneShares 2x Long PDD Daily ETF,ETF (Single Stock),SSUS,"Susquehanna Securities, LLC",Designated Liquidity Provider,Derivatives Strategy - Other tha,B
KQQQ,Kurv Technology Titans Select ETF,ETF,WTLP,"Wolverine Trading, LLC",Designated Liquidity Provider,Derivatives Strategy - Other tha,B
KRMA,Global X Conscious Companies ETF,ETF,SSUS,"Susquehanna Securities, LLC",Designated Liquidity Provider,Equity - Developed Markets,A
KROP,Global X AgTech & Food Innovation ETF,ETF,GTSZ,"GTS Securities, LLC",Designated Liquidity Provider,Equity - Blended Development,C
LACG,Leverage Shares 2X Long LAC Daily ETF,ETF (Single Stock),GTSZ,"GTS Securities, LLC",Designated Liquidity Provider,Derivatives Strategy - Developed,B
LCDL,GraniteShares 2x Long LCID Daily ETF,ETF (Single Stock),GTSZ,"GTS Securities, LLC",Designated Liquidity Provider,Derivatives Strategy - Developed,B
LCDS,JPMorgan Fundamental Data Science Large Core ETF,ETF,RBCD,"RBC Capital Markets, LLC",Designated Liquidity Provider,Derivatives Strategy - Developed,B
LCDS,JPMorgan Fundamental Data Science Large Core ETF,ETF,CTDL,Citadel Securities LLC,Market Quality Supporter,Derivatives Strategy - Developed,B
LDEM,iShares ESG MSCI EM Leaders ETF,ETF,GTSZ,"GTS Securities, LLC",Designated Liquidity Provider,Equity - Emerging and Frontier M,C
LDEM,iShares ESG MSCI EM Leaders ETF,ETF,OLDM,Old Mission Capital LLC,Market Quality Supporter,Equity - Emerging and Frontier M,C
LDRX,SGI Enhanced Market Leaders ETF,ETF,GTSZ,"GTS Securities, LLC",Designated Liquidity Provider,Derivatives Strategy - Developed,B
LDSF,First Trust Low Duration Strategic Focus ETF,ETF,SSUS,"Susquehanna Securities, LLC",Designated Liquidity Provider,Fixed Income - North America or,A
LDSF,First Trust Low Duration Strategic Focus ETF,ETF,OLDM,Old Mission Capital LLC,Market Quality Supporter,Fixed Income - North America or,A
LEGR,First Trust Indxx Innovative Transaction & Process ETF,ETF,SSUS,"Susquehanna Securities, LLC",Designated Liquidity Provider,Equity - Blended Development,C
LEGR,First Trust Indxx Innovative Transaction & Process ETF,ETF,OLDM,Old Mission Capital LLC,Market Quality Supporter,Equity - Blended Development,C
LEND,SEI High Yield Bond & Alternative Credit ETF,ETF,JSCA,"Jane Street Capital, LLC",Designated Liquidity Provider,Fixed Income - International,B
LEXI,Alexis Practical Tactical ETF,ETF,VIRT,Virtu Americas LLC,Designated Liquidity Provider,Multi Asset Strategy,B
LFSC,F/m Emerald Life Sciences Innovation ETF,ETF,SSUS,"Susquehanna Securities, LLC",Designated Liquidity Provider,Equity - Developed Markets,A
LGCF,Themes US Cash Flow Champions ETF,ETF,VIRT,Virtu Americas LLC,Designated Liquidity Provider,Equity - Developed Markets,A
LGRO,Level Four Large Cap Growth Active ETF,ETF,GTSZ,"GTS Securities, LLC",Designated Liquidity Provider,Equity - Developed Markets,A
LINT,Direxion Daily INTC Bull 2X ETF,ETF (Single Stock),SSUS,"Susquehanna Securities, LLC",Designated Liquidity Provider,Derivatives Strategy - Developed,B
LINT,Direxion Daily INTC Bull 2X ETF,ETF (Single Stock),DVES,DV Equities,Market Quality Supporter,Derivatives Strategy - Developed,B
LITP,Sprott Lithium Miners ETF,ETF,VIRT,Virtu Americas LLC,Designated Liquidity Provider,Derivatives Strategy - Other tha,B
LMBS,First Trust Low Duration Opportunities ETF,ETF,GTSZ,"GTS Securities, LLC",Designated Liquidity Provider,Derivatives Strategy - Other tha,B
LMNX,Defiance Daily Target 2x Long LMND ETF,ETF (Single Stock),SSUS,"Susquehanna Securities, LLC",Designated Liquidity Provider,Derivatives Strategy - Developed,B
LMTL,Direxion Daily LMT Bull 2X ETF,ETF (Single Stock),SSUS,"Susquehanna Securities, LLC",Designated Liquidity Provider,Derivatives Strategy - Developed,B
LMTL,Direxion Daily LMT Bull 2X ETF,ETF (Single Stock),DVES,DV Equities,Market Quality Supporter,Derivatives Strategy - Developed,B
LOGO,Alpha Brands Consumption Leaders ETF,ETF,MIRA,MIRAE ASSET SECURITIES (USA) INC.,Designated Liquidity Provider,Equity - Blended Development,C
LOTI,Liberty One Tactical Income ETF,ETF,GTSZ,"GTS Securities, LLC",Designated Liquidity Provider,Derivatives Strategy - Other tha,B
LQ,Simplify Tax Aware Alternatives ETF,ETF,JSCA,"Jane Street Capital, LLC",Designated Liquidity Provider,Derivatives Strategy - Other tha,B
LRGE,ClearBridge Large Cap Growth Select ETF,ETF,SSUS,"Susquehanna Securities, LLC",Designated Liquidity Provider,Equity - Developed Markets,A
LRND,NYLI U.S. Large Cap R&D Leaders ETF,ETF,GTSZ,"GTS Securities, LLC",Designated Liquidity Provider,Equity - Developed Markets,A
LTCC,Canary Litecoin ETF,SUBCODE: CB,VIRT,Virtu Americas LLC,Designated Liquidity Provider,Currency - Cryptocurrency,A
LULG,Leverage Shares 2X Long LULU Daily ETF,ETF (Single Stock),IMCC,"IMC-Chicago, LLC",Designated Liquidity Provider,Derivatives Strategy - Developed,B
LVDS,JPMorgan Fundamental Data Science Large Value ETF,ETF,XGWD,Latour Trading LLC,Designated Liquidity Provider,Derivatives Strategy - Developed,B
LVHD,Franklin U.S. Low Volatility High Dividend Index ETF,ETF,GTSZ,"GTS Securities, LLC",Designated Liquidity Provider,Derivatives Strategy - Developed,B
LVIG,Longview Advantage Fixed Income ETF,ETF,GTSZ,"GTS Securities, LLC",Designated Liquidity Provider,Fixed Income - International,B
MAAY,GraniteShares YieldBOOST MARA ETF,ETF (Single Stock),JSCA,"Jane Street Capital, LLC",Designated Liquidity Provider,Derivatives Strategy - Developed,B
MATE,Man Active Trend Enhanced ETF,ETF,SSUS,"Susquehanna Securities, LLC",Designated Liquidity Provider,Derivatives Strategy - Other tha,B
MAXI,Simplify Bitcoin Strategy PLUS Income ETF,ETF,VIRT,Virtu Americas LLC,Designated Liquidity Provider,Derivatives Strategy - Other tha,B
MBB,iShares MBS ETF,ETF,JSCA,"Jane Street Capital, LLC",Designated Liquidity Provider,Fixed Income - Loans and Convert,High Volume ETP
MBS,Angel Oak Mortgage-Backed Securities ETF,ETF,VIRT,Virtu Americas LLC,Designated Liquidity Provider,Derivatives Strategy - Other tha,B
MCDS,JPMorgan Fundamental Data Science Mid Core ETF,ETF,RBCD,"RBC Capital Markets, LLC",Designated Liquidity Provider,Derivatives Strategy - Developed,B
MCDS,JPMorgan Fundamental Data Science Mid Core ETF,ETF,CTDL,Citadel Securities LLC,Market Quality Supporter,Derivatives Strategy - Developed,B
MCHI,iShares MSCI China ETF,ETF,JSCA,"Jane Street Capital, LLC",Designated Liquidity Provider,Derivatives Strategy - Other tha,High Volume ETP
MCHS,Matthews China Innovators Active ETF,ETF,SSUS,"Susquehanna Securities, LLC",Designated Liquidity Provider,Equity - Emerging and Frontier M,C
MDIV,Multi-Asset Diversified Income Index Fund,ETF,SSUS,"Susquehanna Securities, LLC",Designated Liquidity Provider,Multi Asset Strategy,B
MDIV,Multi-Asset Diversified Income Index Fund,ETF,OLDM,Old Mission Capital LLC,Market Quality Supporter,Multi Asset Strategy,B
MEDX,Horizon Kinetics Medical ETF,ETF,VIRT,Virtu Americas LLC,Designated Liquidity Provider,Equity - Blended Development,C
MEMA,Man Active Emerging Markets Alternative ETF,ETF,CTDN,Citadel Securities LLC,Designated Liquidity Provider,Derivatives Strategy - Other tha,B
MEMS,Matthews Emerging Markets Discovery Active ETF,ETF,JSCA,"Jane Street Capital, LLC",Designated Liquidity Provider,Equity - Emerging and Frontier M,C
METD,Direxion Daily META Bear 1X ETF,ETF (Single Stock),SSUS,"Susquehanna Securities, LLC",Designated Liquidity Provider,Derivatives Strategy - Developed,B
METD,Direxion Daily META Bear 1X ETF,ETF (Single Stock),DVES,DV Equities,Market Quality Supporter,Derivatives Strategy - Developed,B
METL,Sprott Active Metals & Miners ETF,ETF,VIRT,Virtu Americas LLC,Designated Liquidity Provider,Equity - Blended Development,C
METU,Direxion Daily META Bull 2X ETF,ETF (Single Stock),SSUS,"Susquehanna Securities, LLC",Designated Liquidity Provider,Derivatives Strategy - Developed,High Volume ETP
MFIG,Motley Fool Innovative Growth ETF,ETF,GTSZ,"GTS Securities, LLC",Designated Liquidity Provider,Equity - Developed Markets,A
MFLX,First Trust Flexible Municipal High Income ETF,ETF,SSUS,"Susquehanna Securities, LLC",Designated Liquidity Provider,Derivatives Strategy - Other tha,B
MFMO,Motley Fool Momentum Factor ETF,ETF,GTSZ,"GTS Securities, LLC",Designated Liquidity Provider,Equity - Developed Markets,A
MFVL,Motley Fool Value Factor ETF,ETF,GTSZ,"GTS Securities, LLC",Designated Liquidity Provider,Equity - Developed Markets,A
MILN,Global X Millennial Consumer ETF,ETF,SSUS,"Susquehanna Securities, LLC",Designated Liquidity Provider,Equity - Developed Markets,A
MKAM,MKAM ETF,ETF,GTSZ,"GTS Securities, LLC",Designated Liquidity Provider,Equity - Developed Markets,A
MNVT,Moonvest ETF,ETF,GTSZ,"GTS Securities, LLC",Designated Liquidity Provider,Equity - Blended Development,C
MNZL,Manzil Russell Halal USA Broad Market ETF,ETF,GTSZ,"GTS Securities, LLC",Designated Liquidity Provider,Equity - Developed Markets,A
MODL,VictoryShares WestEnd U.S. Sector ETF,ETF,JSCA,"Jane Street Capital, LLC",Designated Liquidity Provider,Equity - Developed Markets,A
MODL,VictoryShares WestEnd U.S. Sector ETF,ETF,CTDL,Citadel Securities LLC,Market Quality Supporter,Equity - Developed Markets,A
MOOD,Relative Sentiment Tactical Allocation ETF,ETF,GTSZ,"GTS Securities, LLC",Designated Liquidity Provider,Multi Asset Strategy,B
MPG,Leverage Shares 2X Long MP Daily ETF,ETF (Single Stock),IMCC,"IMC-Chicago, LLC",Designated Liquidity Provider,Derivatives Strategy - Developed,B
MQQQ,Tradr 2X Long Innovation 100 Monthly ETF,ETF (Single Stock),OLDM,Old Mission Capital LLC,Designated Liquidity Provider,Derivatives Strategy - Developed,B
MRA,GraniteShares Autocallable MARA ETF,ETF (Single Stock),JSCA,"Jane Street Capital, LLC",Designated Liquidity Provider,Derivatives Strategy - Developed,B
MRAL,GraniteShares 2x Long MARA Daily ETF,ETF (Single Stock),IMCC,"IMC-Chicago, LLC",Designated Liquidity Provider,Derivatives Strategy - Developed,B
MRVU,Direxion Daily MRVL Bull 2X ETF,ETF (Single Stock),SSUS,"Susquehanna Securities, LLC",Designated Liquidity Provider,Derivatives Strategy - Developed,B
MSFD,Direxion Daily MSFT Bear 1X ETF,ETF (Single Stock),SSUS,"Susquehanna Securities, LLC",Designated Liquidity Provider,Derivatives Strategy - Developed,High Volume ETP
MSFD,Direxion Daily MSFT Bear 1X ETF,ETF (Single Stock),DVES,DV Equities,Market Quality Supporter,Derivatives Strategy - Developed,High Volume ETP
MSFL,GraniteShares 2x Long MSFT Daily ETF,ETF (Single Stock),IMCC,"IMC-Chicago, LLC",Designated Liquidity Provider,Derivatives Strategy - Developed,High Volume ETP
MSFU,Direxion Daily MSFT Bull 2X ETF,ETF (Single Stock),SSUS,"Susquehanna Securities, LLC",Designated Liquidity Provider,Derivatives Strategy - Developed,High Volume ETP
MSFU,Direxion Daily MSFT Bull 2X ETF,ETF (Single Stock),DVES,DV Equities,Market Quality Supporter,Derivatives Strategy - Developed,High Volume ETP
MSR,GraniteShares Autocallable MSTR ETF,ETF (Single Stock),JSCA,"Jane Street Capital, LLC",Designated Liquidity Provider,Derivatives Strategy - Developed,B
MST,Defiance Leveraged Long + Income MSTR ETF,ETF (Single Stock),OLDM,Old Mission Capital LLC,Designated Liquidity Provider,Derivatives Strategy - Developed,B
MSTP,GraniteShares 2x Long MSTR Daily ETF,ETF (Single Stock),GTSZ,"GTS Securities, LLC",Designated Liquidity Provider,Derivatives Strategy - Developed,B
MSTX,Defiance Daily Target 2x Long MSTR ETF,ETF (Single Stock),SSUS,"Susquehanna Securities, LLC",Designated Liquidity Provider,Derivatives Strategy - Developed,High Volume ETP
MTYY,GraniteShares YieldBOOST MSTR ETF,ETF (Single Stock),JSCA,"Jane Street Capital, LLC",Designated Liquidity Provider,Derivatives Strategy - Developed,B
MUD,Direxion Daily MU Bear 1X ETF,ETF (Single Stock),SSUS,"Susquehanna Securities, LLC",Designated Liquidity Provider,Derivatives Strategy - Developed,High Volume ETP
MULL,GraniteShares 2x Long MU Daily ETF,ETF (Single Stock),IMCC,"IMC-Chicago, LLC",Designated Liquidity Provider,Derivatives Strategy - Developed,High Volume ETP
MULT,Franklin Multisector Income ETF,ETF,RBCD,"RBC Capital Markets, LLC",Designated Liquidity Provider,Fixed Income - International,B
MUU,Direxion Daily MU Bull 2X ETF,ETF (Single Stock),SSUS,"Susquehanna Securities, LLC",Designated Liquidity Provider,Derivatives Strategy - Developed,High Volume ETP
MUU,Direxion Daily MU Bull 2X ETF,ETF (Single Stock),DVES,DV Equities,Market Quality Supporter,Derivatives Strategy - Developed,High Volume ETP
MUYY,GraniteShares YieldBOOST MU ETF,ETF (Single Stock),JSCA,"Jane Street Capital, LLC",Designated Liquidity Provider,Derivatives Strategy - Developed,B
MVLL,GraniteShares 2x Long MRVL Daily ETF,ETF (Single Stock),IMCC,"IMC-Chicago, LLC",Designated Liquidity Provider,Derivatives Strategy - Developed,High Volume ETP
MYCF,State Street My2026 Corporate Bond ETF,ETF,SSUS,"Susquehanna Securities, LLC",Designated Liquidity Provider,Fixed Income - North America or,A
MYCG,State Street My2027 Corporate Bond ETF,ETF,SSUS,"Susquehanna Securities, LLC",Designated Liquidity Provider,Fixed Income - North America or,A
MYCG,State Street My2027 Corporate Bond ETF,ETF,OLDM,Old Mission Capital LLC,Market Quality Supporter,Fixed Income - North America or,A
MYCG,State Street My2027 Corporate Bond ETF,ETF,FLTU,Flow Traders U.S. LLC,Market Quality Supporter,Fixed Income - North America or,A
MYCH,State Street My2028 Corporate Bond ETF,ETF,JSCA,"Jane Street Capital, LLC",Designated Liquidity Provider,Fixed Income - North America or,A
MYCI,State Street My2029 Corporate Bond ETF,ETF,JSCA,"Jane Street Capital, LLC",Designated Liquidity Provider,Fixed Income - North America or,A
MYCI,State Street My2029 Corporate Bond ETF,ETF,OLDM,Old Mission Capital LLC,Market Quality Supporter,Fixed Income - North America or,A
MYCI,State Street My2029 Corporate Bond ETF,ETF,FLTU,Flow Traders U.S. LLC,Market Quality Supporter,Fixed Income - North America or,A
MYCJ,State Street My2030 Corporate Bond ETF,ETF,JSCA,"Jane Street Capital, LLC",Designated Liquidity Provider,Fixed Income - North America or,A
MYCJ,State Street My2030 Corporate Bond ETF,ETF,FLTU,Flow Traders U.S. LLC,Market Quality Supporter,Fixed Income - North America or,A
MYCJ,State Street My2030 Corporate Bond ETF,ETF,OLDM,Old Mission Capital LLC,Market Quality Supporter,Fixed Income - North America or,A
MYCK,State Street My2031 Corporate Bond ETF,ETF,CTDL,Citadel Securities LLC,Designated Liquidity Provider,Fixed Income - North America or,A
MYCK,State Street My2031 Corporate Bond ETF,ETF,OLDM,Old Mission Capital LLC,Market Quality Supporter,Fixed Income - North America or,A
MYCK,State Street My2031 Corporate Bond ETF,ETF,FLTU,Flow Traders U.S. LLC,Market Quality Supporter,Fixed Income - North America or,A
MYCL,State Street My2032 Corporate Bond ETF,ETF,CTDL,Citadel Securities LLC,Designated Liquidity Provider,Fixed Income - North America or,A
MYCL,State Street My2032 Corporate Bond ETF,ETF,FLTU,Flow Traders U.S. LLC,Market Quality Supporter,Fixed Income - North America or,A
MYCL,State Street My2032 Corporate Bond ETF,ETF,OLDM,Old Mission Capital LLC,Market Quality Supporter,Fixed Income - North America or,A
MYCM,State Street My2033 Corporate Bond ETF,ETF,CTDL,Citadel Securities LLC,Designated Liquidity Provider,Fixed Income - North America or,A
MYCM,State Street My2033 Corporate Bond ETF,ETF,OLDM,Old Mission Capital LLC,Market Quality Supporter,Fixed Income - North America or,A
MYCM,State Street My2033 Corporate Bond ETF,ETF,FLTU,Flow Traders U.S. LLC,Market Quality Supporter,Fixed Income - North America or,A
MYCN,State Street My2034 Corporate Bond ETF,ETF,CTDL,Citadel Securities LLC,Designated Liquidity Provider,Fixed Income - North America or,A
MYCN,State Street My2034 Corporate Bond ETF,ETF,FLTU,Flow Traders U.S. LLC,Market Quality Supporter,Fixed Income - North America or,A
MYCN,State Street My2034 Corporate Bond ETF,ETF,OLDM,Old Mission Capital LLC,Market Quality Supporter,Fixed Income - North America or,A
MYCO,State Street My2035 Corporate Bond ETF,ETF,CTDL,Citadel Securities LLC,Designated Liquidity Provider,Fixed Income - North America or,A
MYCO,State Street My2035 Corporate Bond ETF,ETF,OLDM,Old Mission Capital LLC,Market Quality Supporter,Fixed Income - North America or,A
MYCO,State Street My2035 Corporate Bond ETF,ETF,FLTU,Flow Traders U.S. LLC,Market Quality Supporter,Fixed Income - North America or,A
MYHA,State Street My2027 High Yield Corporate Bond ETF,ETF,CTDL,Citadel Securities LLC,Designated Liquidity Provider,Derivatives Strategy - Other tha,B
MYHA,State Street My2027 High Yield Corporate Bond ETF,ETF,OLDM,Old Mission Capital LLC,Market Quality Supporter,Derivatives Strategy - Other tha,B
MYHB,State Street My2028 High Yield Corporate Bond ETF,ETF,CTDL,Citadel Securities LLC,Designated Liquidity Provider,Derivatives Strategy - Other tha,B
MYHB,State Street My2028 High Yield Corporate Bond ETF,ETF,OLDM,Old Mission Capital LLC,Market Quality Supporter,Derivatives Strategy - Other tha,B
MYHC,State Street My2029 High Yield Corporate Bond ETF,ETF,CTDL,Citadel Securities LLC,Designated Liquidity Provider,Derivatives Strategy - Other tha,B
MYHC,State Street My2029 High Yield Corporate Bond ETF,ETF,OLDM,Old Mission Capital LLC,Market Quality Supporter,Derivatives Strategy - Other tha,B
MYHD,State Street My2030 High Yield Corporate Bond ETF,ETF,VIRT,Virtu Americas LLC,Designated Liquidity Provider,Derivatives Strategy - Other tha,B
MYHD,State Street My2030 High Yield Corporate Bond ETF,ETF,OLDM,Old Mission Capital LLC,Market Quality Supporter,Derivatives Strategy - Other tha,B
MYHE,State Street My2031 High Yield Corporate Bond ETF,ETF,VIRT,Virtu Americas LLC,Designated Liquidity Provider,Derivatives Strategy - Other tha,B
MYHE,State Street My2031 High Yield Corporate Bond ETF,ETF,OLDM,Old Mission Capital LLC,Market Quality Supporter,Derivatives Strategy - Other tha,B
MYMF,State Street My2026 Municipal Bond ETF,ETF,JSCA,"Jane Street Capital, LLC",Designated Liquidity Provider,Fixed Income - North America or,A
MYMG,State Street My2027 Municipal Bond ETF,ETF,JSCA,"Jane Street Capital, LLC",Designated Liquidity Provider,Fixed Income - North America or,A
MYMH,State Street My2028 Municipal Bond ETF,ETF,JSCA,"Jane Street Capital, LLC",Designated Liquidity Provider,Fixed Income - North America or,A
MYMI,State Street My2029 Municipal Bond ETF,ETF,JSCA,"Jane Street Capital, LLC",Designated Liquidity Provider,Fixed Income - North America or,A
MYMJ,State Street My2030 Municipal Bond ETF,ETF,JSCA,"Jane Street Capital, LLC",Designated Liquidity Provider,Fixed Income - North America or,A
MYMK,State Street My2031 Municipal Bond ETF,ETF,VIRT,Virtu Americas LLC,Designated Liquidity Provider,Fixed Income - North America or,A
NATO,Themes Transatlantic Defense ETF,ETF,VIRT,Virtu Americas LLC,Designated Liquidity Provider,Equity - Developed Markets,A
NBIG,Leverage Shares 2X Long NBIS Daily ETF,ETF (Single Stock),IMCC,"IMC-Chicago, LLC",Designated Liquidity Provider,Derivatives Strategy - Developed,High Volume ETP
NBIL,GraniteShares 2x Long NBIS Daily ETF,ETF (Single Stock),IMCC,"IMC-Chicago, LLC",Designated Liquidity Provider,Derivatives Strategy - Developed,High Volume ETP
NCIQ,Hashdex Nasdaq CME Crypto Index ETF,SUBCODE: CB,FLTG,Flow Traders U.S. LLC,Designated Liquidity Provider,Currency - Cryptocurrency,A
NCPB,Nuveen Core Plus Bond ETF,ETF,JSCA,"Jane Street Capital, LLC",Designated Liquidity Provider,Derivatives Strategy - Other tha,B
NDAA,Ned Davis Research 360 Dynamic Allocation ETF,ETF,GTSZ,"GTS Securities, LLC",Designated Liquidity Provider,Multi Asset Strategy,B
NEMG,Leverage Shares 2x Long NEM Daily ETF,ETF (Single Stock),GTSZ,"GTS Securities, LLC",Designated Liquidity Provider,Derivatives Strategy - Developed,B
NETG,Leverage Shares 2X Long NET Daily ETF,ETF (Single Stock),OLDM,Old Mission Capital LLC,Designated Liquidity Provider,Derivatives Strategy - Developed,B
NEWZ,StockSnips AI-Powered Sentiment US All Cap ETF,ETF,GTSZ,"GTS Securities, LLC",Designated Liquidity Provider,Equity - Developed Markets,A
NFRX,Harrison Street Infrastructure Active ETF,ETF,GTSZ,"GTS Securities, LLC",Designated Liquidity Provider,Equity - Blended Development,C
NFTY,First Trust India Nifty 50 Equal Weight ETF,ETF,SSUS,"Susquehanna Securities, LLC",Designated Liquidity Provider,Equity - Emerging and Frontier M,C
NFXL,Direxion Daily NFLX Bull 2X ETF,ETF (Single Stock),SSUS,"Susquehanna Securities, LLC",Designated Liquidity Provider,Derivatives Strategy - Developed,High Volume ETP
NFXL,Direxion Daily NFLX Bull 2X ETF,ETF (Single Stock),DVES,DV Equities,Market Quality Supporter,Derivatives Strategy - Developed,High Volume ETP
NFXS,Direxion Daily NFLX Bear 1X ETF,ETF (Single Stock),SSUS,"Susquehanna Securities, LLC",Designated Liquidity Provider,Derivatives Strategy - Developed,B
NFXS,Direxion Daily NFLX Bear 1X ETF,ETF (Single Stock),DVES,DV Equities,Market Quality Supporter,Derivatives Strategy - Developed,B
NGHT,Nicholas Bitcoin and Treasuries AfterDark ETF,ETF,IMCC,"IMC-Chicago, LLC",Designated Liquidity Provider,Derivatives Strategy - Other tha,B
NGHT,Nicholas Bitcoin and Treasuries AfterDark ETF,ETF,DVES,DV Equities,Market Quality Supporter,Derivatives Strategy - Other tha,B
NIKL,Sprott Nickel Miners ETF,ETF,VIRT,Virtu Americas LLC,Designated Liquidity Provider,Derivatives Strategy - Other tha,B
NIOG,Leverage Shares 2X Long NIO Daily ETF,ETF (Single Stock),GTSZ,"GTS Securities, LLC",Designated Liquidity Provider,Derivatives Strategy - Developed,B
NIXT,Research Affiliates Deletions ETF,ETF,GTSZ,"GTS Securities, LLC",Designated Liquidity Provider,Equity - Developed Micro to Smal,B
NOWL,GraniteShares 2x Long NOW Daily ETF,ETF (Single Stock),GTSZ,"GTS Securities, LLC",Designated Liquidity Provider,Derivatives Strategy - Developed,High Volume ETP
NPFI,Nuveen Preferred and Income ETF,ETF,JSCA,"Jane Street Capital, LLC",Designated Liquidity Provider,Equity - Blended Development,C
NRES,Xtrackers RREEF Global Natural Resources ETF,ETF,SSUS,"Susquehanna Securities, LLC",Designated Liquidity Provider,Equity - Blended Development,C
NSI,National Security Emerging Markets Index ETF,ETF,RBCD,"RBC Capital Markets, LLC",Designated Liquidity Provider,Equity - Blended Development,C
NUG,Leverage Shares 2X Long NU Daily ETF,ETF (Single Stock),OLDM,Old Mission Capital LLC,Designated Liquidity Provider,Derivatives Strategy - Developed,B
NUGY,GraniteShares YieldBOOST Gold Miners ETF,ETF,JSCA,"Jane Street Capital, LLC",Designated Liquidity Provider,Derivatives Strategy - Developed,B
NUIF,Nuveen US Infrastructure ETF,ETF,CTDL,Citadel Securities LLC,Designated Liquidity Provider,Derivatives Strategy - Developed,B
NUSB,Nuveen Ultra Short Income ETF,ETF,CTDL,Citadel Securities LLC,Designated Liquidity Provider,Fixed Income - North America or,A
NVD,GraniteShares 2x Short NVDA Daily ETF,ETF (Single Stock),IMCC,"IMC-Chicago, LLC",Designated Liquidity Provider,Derivatives Strategy - Developed,High Volume ETP
NVDD,Direxion Daily NVDA Bear 1X ETF,ETF (Single Stock),SSUS,"Susquehanna Securities, LLC",Designated Liquidity Provider,Derivatives Strategy - Developed,B
NVDD,Direxion Daily NVDA Bear 1X ETF,ETF (Single Stock),DVES,DV Equities,Market Quality Supporter,Derivatives Strategy - Developed,B
NVDG,Leverage Shares 2X Long NVDA Daily ETF,ETF (Single Stock),IMCC,"IMC-Chicago, LLC",Designated Liquidity Provider,Derivatives Strategy - Developed,B
NVDL,GraniteShares 2x Long NVDA Daily ETF,ETF (Single Stock),IMCC,"IMC-Chicago, LLC",Designated Liquidity Provider,Derivatives Strategy - Developed,High Volume ETP
NVDS,Tradr 1.5X Short NVDA Daily ETF,ETF (Single Stock),OLDM,Old Mission Capital LLC,Designated Liquidity Provider,Derivatives Strategy - Developed,B
NVDU,Direxion Daily NVDA Bull 2X ETF,ETF (Single Stock),SSUS,"Susquehanna Securities, LLC",Designated Liquidity Provider,Derivatives Strategy - Developed,B
NVDU,Direxion Daily NVDA Bull 2X ETF,ETF (Single Stock),DVES,DV Equities,Market Quality Supporter,Derivatives Strategy - Developed,B
NVPS,PurePlay Nvidia Ecosystem Picks & Shovels Index ETF,ETF,GTSZ,"GTS Securities, LLC",Designated Liquidity Provider,Equity - Blended Development,C
NVYY,GraniteShares YieldBOOST NVDA ETF,ETF (Single Stock),JSCA,"Jane Street Capital, LLC",Designated Liquidity Provider,Derivatives Strategy - Developed,B
NXTG,First Trust Indxx NextG ETF,ETF,RBCD,"RBC Capital Markets, LLC",Designated Liquidity Provider,Equity - Blended Development,C
NXTG,First Trust Indxx NextG ETF,ETF,OLDM,Old Mission Capital LLC,Market Quality Supporter,Equity - Blended Development,C
NZAC,State Street SPDR MSCI ACWI Climate Paris Aligned ETF,ETF,CTDN,Citadel Securities LLC,Designated Liquidity Provider,Equity - Blended Development,C
OBIL,US Treasury 12 Month Bill ETF,ETF,JSCA,"Jane Street Capital, LLC",Designated Liquidity Provider,Fixed Income - US Government,A
OBIL,US Treasury 12 Month Bill ETF,ETF,OLDM,Old Mission Capital LLC,Market Quality Supporter,Fixed Income - US Government,A
OBTC,Osprey Bitcoin Trust,SUBCODE: CB,JSCA,"Jane Street Capital, LLC",Designated Liquidity Provider,Currency - Cryptocurrency,A
ODDS,Pacer BlueStar Digital Entertainment ETF,ETF,VIRT,Virtu Americas LLC,Designated Liquidity Provider,Equity - Developed Markets,A
ODTE,VegaShares SPX NDX RTY Premium Income ETF,ETF,JSCA,"Jane Street Capital, LLC",Designated Liquidity Provider,Derivatives Strategy - Developed,B
OKLL,Defiance Daily Target 2x Long OKLO ETF,ETF (Single Stock),SSUS,"Susquehanna Securities, LLC",Designated Liquidity Provider,Derivatives Strategy - Developed,High Volume ETP
OKTG,Leverage Shares 2X Long OKTA Daily ETF,ETF (Single Stock),OLDM,Old Mission Capital LLC,Designated Liquidity Provider,Derivatives Strategy - Developed,B
ONDG,Leverage Shares 2X Long ONDS Daily ETF,ETF (Single Stock),IMCC,"IMC-Chicago, LLC",Designated Liquidity Provider,Derivatives Strategy - Developed,High Volume ETP
ONEQ,Fidelity Nasdaq Composite Index ETF,ETF,VIRT,Virtu Americas LLC,Designated Liquidity Provider,Equity - Developed Markets,A
ONEQ,Fidelity Nasdaq Composite Index ETF,ETF,DVES,DV Equities,Market Quality Supporter,Equity - Developed Markets,A
OPEG,Leverage Shares 2X Long OPEN Daily ETF,ETF (Single Stock),OLDM,Old Mission Capital LLC,Designated Liquidity Provider,Derivatives Strategy - Developed,B
OPPJ,WisdomTree Japan Opportunities Fund,ETF,SSUS,"Susquehanna Securities, LLC",Designated Liquidity Provider,Derivatives Strategy - Developed,B
OPTZ,Optimize Strategy Index ETF,ETF,WTLP,"Wolverine Trading, LLC",Designated Liquidity Provider,Equity - Developed Markets,A
ORBX,Global X Space Tech ETF,ETF,SSUS,"Susquehanna Securities, LLC",Designated Liquidity Provider,Equity - Blended Development,C
ORCS,Direxion Daily ORCL Bear 1X ETF,ETF (Single Stock),SSUS,"Susquehanna Securities, LLC",Designated Liquidity Provider,Derivatives Strategy - Developed,B
ORCS,Direxion Daily ORCL Bear 1X ETF,ETF (Single Stock),DVES,DV Equities,Market Quality Supporter,Derivatives Strategy - Developed,B
ORCU,Direxion Daily ORCL Bull 2X ETF,ETF (Single Stock),SSUS,"Susquehanna Securities, LLC",Designated Liquidity Provider,Derivatives Strategy - Developed,High Volume ETP
ORCU,Direxion Daily ORCL Bull 2X ETF,ETF (Single Stock),DVES,DV Equities,Market Quality Supporter,Derivatives Strategy - Developed,High Volume ETP
ORCX,Defiance Daily Target 2X Long ORCL ETF,ETF (Single Stock),FLTG,Flow Traders U.S. LLC,Designated Liquidity Provider,Derivatives Strategy - Developed,High Volume ETP
ORLG,Leverage Shares 2X Long ORLY Daily ETF,ETF (Single Stock),GTSZ,"GTS Securities, LLC",Designated Liquidity Provider,Derivatives Strategy - Developed,B
ORR,Militia Long/Short Equity ETF,ETF,GTSZ,"GTS Securities, LLC",Designated Liquidity Provider,Equity - Developed Long/Short,A
OSCG,Leverage Shares 2X Long OSCR Daily ETF,ETF (Single Stock),IMCC,"IMC-Chicago, LLC",Designated Liquidity Provider,Derivatives Strategy - Developed,B
OSCX,Defiance Daily Target 2x Long OSCR ETF,ETF (Single Stock),SSUS,"Susquehanna Securities, LLC",Designated Liquidity Provider,Derivatives Strategy - Developed,B
OTGL,OTG Latin America ETF,ETF,GTSZ,"GTS Securities, LLC",Designated Liquidity Provider,Equity - Emerging and Frontier M,C
OZEM,Roundhill GLP-1 & Weight Loss ETF,ETF,OLDM,Old Mission Capital LLC,Designated Liquidity Provider,Equity - Blended Development,C
PABD,iShares Paris-Aligned Climate Optimized MSCI World ex USA ETF,ETF,CTDN,Citadel Securities LLC,Designated Liquidity Provider,Derivatives Strategy - Developed,B
PABD,iShares Paris-Aligned Climate Optimized MSCI World ex USA ETF,ETF,OLDM,Old Mission Capital LLC,Market Quality Supporter,Derivatives Strategy - Developed,B
PABU,iShares Paris-Aligned Climate Optimized MSCI USA ETF,ETF,XGWD,Latour Trading LLC,Designated Liquidity Provider,Derivatives Strategy - Developed,B
PABU,iShares Paris-Aligned Climate Optimized MSCI USA ETF,ETF,OLDM,Old Mission Capital LLC,Market Quality Supporter,Derivatives Strategy - Developed,B
PALD,Direxion Daily PANW Bear 1X ETF,ETF (Single Stock),SSUS,"Susquehanna Securities, LLC",Designated Liquidity Provider,Derivatives Strategy - Developed,B
PALD,Direxion Daily PANW Bear 1X ETF,ETF (Single Stock),DVES,DV Equities,Market Quality Supporter,Derivatives Strategy - Developed,B
PALU,Direxion Daily PANW Bull 2X ETF,ETF (Single Stock),SSUS,"Susquehanna Securities, LLC",Designated Liquidity Provider,Derivatives Strategy - Developed,B
PALU,Direxion Daily PANW Bull 2X ETF,ETF (Single Stock),DVES,DV Equities,Market Quality Supporter,Derivatives Strategy - Developed,B
PANG,Leverage Shares 2X Long PANW Daily ETF,ETF (Single Stock),IMCC,"IMC-Chicago, LLC",Designated Liquidity Provider,Derivatives Strategy - Developed,B
PATN,Pacer Nasdaq International Patent Leaders ETF,ETF,VIRT,Virtu Americas LLC,Designated Liquidity Provider,Equity - Blended Development,C
PBEU,Portfolio Building Block European Banks Index ETF,ETF,CTDN,Citadel Securities LLC,Designated Liquidity Provider,Equity - Developed Markets,A
PBOG,Portfolio Building Block Integrated Oil and Gas and Exploration and Production Index ETF,ETF,CTDN,Citadel Securities LLC,Designated Liquidity Provider,Equity - Developed Markets,A
PBPH,Portfolio Building Block World Pharma and Biotech Index ETF,ETF,CTDN,Citadel Securities LLC,Designated Liquidity Provider,Equity - Developed Markets,A
PBQQ,PGIM Laddered Nasdaq-100 Buffer 12 ETF,ETF,CTDL,Citadel Securities LLC,Designated Liquidity Provider,Equity - Developed Markets,A
PBRG,Leverage Shares 2X Long PBR Daily ETF,ETF (Single Stock),GTSZ,"GTS Securities, LLC",Designated Liquidity Provider,Derivatives Strategy - Developed,B
PBSC,Pacer Barings Secured Credit Flex ETF,ETF,RBCD,"RBC Capital Markets, LLC",Designated Liquidity Provider,Derivatives Strategy - Other tha,B
PCMM,BondBloxx Private Credit CLO ETF,ETF,VIRT,Virtu Americas LLC,Designated Liquidity Provider,Fixed Income - Loans and Convert,B
PCPI,PIMCO Inflation PLUS Active Exchange-Traded Fund,ETF,SSUS,"Susquehanna Securities, LLC",Designated Liquidity Provider,,
PDBA,Invesco Agriculture Commodity Strategy No K-1 ETF,ETF,SSUS,"Susquehanna Securities, LLC",Designated Liquidity Provider,Commodities,B
PDBA,Invesco Agriculture Commodity Strategy No K-1 ETF,ETF,DVES,DV Equities,Market Quality Supporter,Commodities,B
PDBC,Invesco Optimum Yield Diversified Commodity Strategy No K-1 ETF,ETF,SSUS,"Susquehanna Securities, LLC",Designated Liquidity Provider,Commodities,High Volume ETP
PDDL,GraniteShares 2x Long PDD Daily ETF,ETF (Single Stock),GTSZ,"GTS Securities, LLC",Designated Liquidity Provider,Derivatives Strategy - Developed,B
PDP,Invesco Dorsey Wright Momentum ETF,ETF,VIRT,Virtu Americas LLC,Designated Liquidity Provider,Equity - Developed Markets,A
PDP,Invesco Dorsey Wright Momentum ETF,ETF,XGWD,Latour Trading LLC,Market Quality Supporter,Equity - Developed Markets,A
PDP,Invesco Dorsey Wright Momentum ETF,ETF,DVES,DV Equities,Market Quality Supporter,Equity - Developed Markets,A
PDP,Invesco Dorsey Wright Momentum ETF,ETF,OLDM,Old Mission Capital LLC,Market Quality Supporter,Equity - Developed Markets,A
PEPS,Parametric Equity Plus ETF,ETF,SSUS,"Susquehanna Securities, LLC",Designated Liquidity Provider,Derivatives Strategy - Developed,B
PEY,Invesco High Yield Equity Dividend Achievers ETF,ETF,SSUS,"Susquehanna Securities, LLC",Designated Liquidity Provider,Equity - Developed Markets,A
PEY,Invesco High Yield Equity Dividend Achievers ETF,ETF,XGWD,Latour Trading LLC,Market Quality Supporter,Equity - Developed Markets,A
PEY,Invesco High Yield Equity Dividend Achievers ETF,ETF,DVES,DV Equities,Market Quality Supporter,Equity - Developed Markets,A
PEZ,Invesco Dorsey Wright Consumer Cyclicals Momentum ETF,ETF,VIRT,Virtu Americas LLC,Designated Liquidity Provider,Equity - Developed Markets,A
PEZ,Invesco Dorsey Wright Consumer Cyclicals Momentum ETF,ETF,SSUS,"Susquehanna Securities, LLC",Market Quality Supporter,Equity - Developed Markets,A
PEZ,Invesco Dorsey Wright Consumer Cyclicals Momentum ETF,ETF,DVES,DV Equities,Market Quality Supporter,Equity - Developed Markets,A
PFDE,Pathfinder Disciplined US Equity ETF,ETF,WTLP,"Wolverine Trading, LLC",Designated Liquidity Provider,Equity - Developed Markets,A
PFF,iShares Preferred and Income Securities ETF,ETF,CTDL,Citadel Securities LLC,Designated Liquidity Provider,Equity - Developed Markets,High Volume ETP
PFI,Invesco Dorsey Wright Financial Momentum ETF,ETF,VIRT,Virtu Americas LLC,Designated Liquidity Provider,Equity - Developed Markets,A
PFI,Invesco Dorsey Wright Financial Momentum ETF,ETF,DVES,DV Equities,Market Quality Supporter,Equity - Developed Markets,A
PFM,Invesco Dividend Achievers ETF,ETF,CTDL,Citadel Securities LLC,Designated Liquidity Provider,Equity - Developed Markets,A
PFM,Invesco Dividend Achievers ETF,ETF,OLDM,Old Mission Capital LLC,Market Quality Supporter,Equity - Developed Markets,A
PFM,Invesco Dividend Achievers ETF,ETF,XGWD,Latour Trading LLC,Market Quality Supporter,Equity - Developed Markets,A
PFM,Invesco Dividend Achievers ETF,ETF,DVES,DV Equities,Market Quality Supporter,Equity - Developed Markets,A
PFOE,Pathfinder Focused Opportunities ETF,ETF,WTLP,"Wolverine Trading, LLC",Designated Liquidity Provider,Equity - Developed Markets,A
PGJ,Invesco Golden Dragon China ETF,ETF,VIRT,Virtu Americas LLC,Designated Liquidity Provider,Equity - Emerging and Frontier M,C
PGJ,Invesco Golden Dragon China ETF,ETF,DVES,DV Equities,Market Quality Supporter,Equity - Emerging and Frontier M,C
PGJ,Invesco Golden Dragon China ETF,ETF,XGWD,Latour Trading LLC,Market Quality Supporter,Equity - Emerging and Frontier M,C
PHO,Invesco Water Resources ETF,ETF,CTDL,Citadel Securities LLC,Designated Liquidity Provider,Equity - Blended Development,C
PHO,Invesco Water Resources ETF,ETF,OLDM,Old Mission Capital LLC,Market Quality Supporter,Equity - Blended Development,C
PHO,Invesco Water Resources ETF,ETF,DVES,DV Equities,Market Quality Supporter,Equity - Blended Development,C
PID,Invesco International Dividend Achievers ETF,ETF,CTDN,Citadel Securities LLC,Designated Liquidity Provider,Equity - Developed Markets,A
PID,Invesco International Dividend Achievers ETF,ETF,OLDM,Old Mission Capital LLC,Market Quality Supporter,Equity - Developed Markets,A
PID,Invesco International Dividend Achievers ETF,ETF,DVES,DV Equities,Market Quality Supporter,Equity - Developed Markets,A
PIE,Invesco Dorsey Wright Emerging Markets Momentum ETF,ETF,VIRT,Virtu Americas LLC,Designated Liquidity Provider,Equity - Emerging and Frontier M,C
PIE,Invesco Dorsey Wright Emerging Markets Momentum ETF,ETF,DVES,DV Equities,Market Quality Supporter,Equity - Emerging and Frontier M,C
PIE,Invesco Dorsey Wright Emerging Markets Momentum ETF,ETF,OLDM,Old Mission Capital LLC,Market Quality Supporter,Equity - Emerging and Frontier M,C
PIO,Invesco Global Water ETF,ETF,CTDN,Citadel Securities LLC,Designated Liquidity Provider,Equity - Blended Development,C
PIO,Invesco Global Water ETF,ETF,OLDM,Old Mission Capital LLC,Market Quality Supporter,Equity - Blended Development,C
PIO,Invesco Global Water ETF,ETF,DVES,DV Equities,Market Quality Supporter,Equity - Blended Development,C
PIZ,Invesco Dorsey Wright Developed Markets Momentum ETF,ETF,SSUS,"Susquehanna Securities, LLC",Designated Liquidity Provider,Equity - Developed Markets,A
PIZ,Invesco Dorsey Wright Developed Markets Momentum ETF,ETF,DVES,DV Equities,Market Quality Supporter,Equity - Developed Markets,A
PIZ,Invesco Dorsey Wright Developed Markets Momentum ETF,ETF,OLDM,Old Mission Capital LLC,Market Quality Supporter,Equity - Developed Markets,A
PKW,Invesco BuyBack Achievers ETF,ETF,XGWD,Latour Trading LLC,Designated Liquidity Provider,Equity - Developed Markets,A
PKW,Invesco BuyBack Achievers ETF,ETF,OLDM,Old Mission Capital LLC,Market Quality Supporter,Equity - Developed Markets,A
PKW,Invesco BuyBack Achievers ETF,ETF,DVES,DV Equities,Market Quality Supporter,Equity - Developed Markets,A
PLA,GraniteShares Autocallable PLTR ETF,ETF (Single Stock),JSCA,"Jane Street Capital, LLC",Designated Liquidity Provider,Derivatives Strategy - Developed,B
PLTD,Direxion Daily PLTR Bear 1X ETF,ETF (Single Stock),SSUS,"Susquehanna Securities, LLC",Designated Liquidity Provider,Derivatives Strategy - Developed,High Volume ETP
PLTG,Leverage Shares 2X Long PLTR Daily ETF,ETF (Single Stock),IMCC,"IMC-Chicago, LLC",Designated Liquidity Provider,Derivatives Strategy - Developed,B
PLTU,Direxion Daily PLTR Bull 2X ETF,ETF (Single Stock),SSUS,"Susquehanna Securities, LLC",Designated Liquidity Provider,Derivatives Strategy - Developed,High Volume ETP
PLTZ,Defiance Daily Target 2x Short PLTR ETF,ETF (Single Stock),GTSZ,"GTS Securities, LLC",Designated Liquidity Provider,Derivatives Strategy - Developed,B
PLUL,Leverage Shares 2X Long PLUG Daily ETF,ETF (Single Stock),OLDM,Old Mission Capital LLC,Designated Liquidity Provider,Derivatives Strategy - Developed,B
PLYY,GraniteShares YieldBOOST PLTR ETF,ETF (Single Stock),JSCA,"Jane Street Capital, LLC",Designated Liquidity Provider,Derivatives Strategy - Developed,B
PMBS,PIMCO Mortgage-Backed Securities Active Exchange-Traded Fund,ETF,CTDL,Citadel Securities LLC,Designated Liquidity Provider,Derivatives Strategy - Other tha,B
PNQI,Invesco Nasdaq Internet ETF,ETF,SSUS,"Susquehanna Securities, LLC",Designated Liquidity Provider,Equity - Developed Markets,A
PNQI,Invesco Nasdaq Internet ETF,ETF,XGWD,Latour Trading LLC,Market Quality Supporter,Equity - Developed Markets,A
PNQI,Invesco Nasdaq Internet ETF,ETF,DVES,DV Equities,Market Quality Supporter,Equity - Developed Markets,A
PPH,VanEck Pharmaceutical ETF,ETF,IMCC,"IMC-Chicago, LLC",Designated Liquidity Provider,Equity - Developed Markets,A
PPH,VanEck Pharmaceutical ETF,ETF,XGWD,Latour Trading LLC,Market Quality Supporter,Equity - Developed Markets,A
PPH,VanEck Pharmaceutical ETF,ETF,DVES,DV Equities,Market Quality Supporter,Equity - Developed Markets,A
PPI,Astoria Real Assets ETF,ETF,CTDN,Citadel Securities LLC,Designated Liquidity Provider,Multi Asset Strategy,B
PQAP,PGIM Nasdaq-100 Buffer 12 ETF - April,ETF,CTDL,Citadel Securities LLC,Designated Liquidity Provider,Derivatives Strategy - Developed,B
PQJA,PGIM Nasdaq-100 Buffer 12 ETF - January,ETF,CTDL,Citadel Securities LLC,Designated Liquidity Provider,Derivatives Strategy - Developed,B
PQJL,PGIM Nasdaq-100 Buffer 12 ETF - July,ETF,CTDL,Citadel Securities LLC,Designated Liquidity Provider,Derivatives Strategy - Developed,B
PQOC,PGIM Nasdaq-100 Buffer 12 ETF - October,ETF,CTDL,Citadel Securities LLC,Designated Liquidity Provider,Derivatives Strategy - Developed,B
PRFZ,Invesco RAFI US 1500 Small-Mid ETF,ETF,VIRT,Virtu Americas LLC,Designated Liquidity Provider,Equity - Developed Markets,A
PRFZ,Invesco RAFI US 1500 Small-Mid ETF,ETF,OLDM,Old Mission Capital LLC,Market Quality Supporter,Equity - Developed Markets,A
PRFZ,Invesco RAFI US 1500 Small-Mid ETF,ETF,XGWD,Latour Trading LLC,Market Quality Supporter,Equity - Developed Markets,A
PRMR,PeakShares RMR Prime Equity ETF,ETF,GTSZ,"GTS Securities, LLC",Designated Liquidity Provider,Equity - Developed Markets,A
PRN,Invesco Dorsey Wright Industrials Momentum ETF,ETF,VIRT,Virtu Americas LLC,Designated Liquidity Provider,Equity - Developed Markets,A
PRN,Invesco Dorsey Wright Industrials Momentum ETF,ETF,SSUS,"Susquehanna Securities, LLC",Market Quality Supporter,Equity - Developed Markets,A
PRN,Invesco Dorsey Wright Industrials Momentum ETF,ETF,DVES,DV Equities,Market Quality Supporter,Equity - Developed Markets,A
PSC,Principal U.S. Small-Cap ETF,ETF,VIRT,Virtu Americas LLC,Designated Liquidity Provider,Equity - Developed Micro to Smal,B
PSCC,Invesco S&P SmallCap Consumer Staples ETF,ETF,VIRT,Virtu Americas LLC,Designated Liquidity Provider,Equity - Developed Markets,A
PSCC,Invesco S&P SmallCap Consumer Staples ETF,ETF,XGWD,Latour Trading LLC,Market Quality Supporter,Equity - Developed Markets,A
PSCC,Invesco S&P SmallCap Consumer Staples ETF,ETF,DVES,DV Equities,Market Quality Supporter,Equity - Developed Markets,A
PSCD,Invesco S&P SmallCap Consumer Discretionary ETF,ETF,VIRT,Virtu Americas LLC,Designated Liquidity Provider,Equity - Developed Markets,A
PSCD,Invesco S&P SmallCap Consumer Discretionary ETF,ETF,DVES,DV Equities,Market Quality Supporter,Equity - Developed Markets,A
PSCD,Invesco S&P SmallCap Consumer Discretionary ETF,ETF,XGWD,Latour Trading LLC,Market Quality Supporter,Equity - Developed Markets,A
PSCE,Invesco S&P SmallCap Energy ETF,ETF,VIRT,Virtu Americas LLC,Designated Liquidity Provider,Equity - Developed Markets,A
PSCE,Invesco S&P SmallCap Energy ETF,ETF,XGWD,Latour Trading LLC,Market Quality Supporter,Equity - Developed Markets,A
PSCE,Invesco S&P SmallCap Energy ETF,ETF,DVES,DV Equities,Market Quality Supporter,Equity - Developed Markets,A
PSCF,Invesco S&P SmallCap Financials ETF,ETF,VIRT,Virtu Americas LLC,Designated Liquidity Provider,Equity - Developed Markets,A
PSCF,Invesco S&P SmallCap Financials ETF,ETF,DVES,DV Equities,Market Quality Supporter,Equity - Developed Markets,A
PSCF,Invesco S&P SmallCap Financials ETF,ETF,XGWD,Latour Trading LLC,Market Quality Supporter,Equity - Developed Markets,A
PSCH,Invesco S&P SmallCap Health Care ETF,ETF,VIRT,Virtu Americas LLC,Designated Liquidity Provider,Equity - Developed Markets,A
PSCH,Invesco S&P SmallCap Health Care ETF,ETF,XGWD,Latour Trading LLC,Market Quality Supporter,Equity - Developed Markets,A
PSCH,Invesco S&P SmallCap Health Care ETF,ETF,DVES,DV Equities,Market Quality Supporter,Equity - Developed Markets,A
PSCI,Invesco S&P SmallCap Industrials ETF,ETF,VIRT,Virtu Americas LLC,Designated Liquidity Provider,Equity - Developed Markets,A
PSCI,Invesco S&P SmallCap Industrials ETF,ETF,DVES,DV Equities,Market Quality Supporter,Equity - Developed Markets,A
PSCI,Invesco S&P SmallCap Industrials ETF,ETF,XGWD,Latour Trading LLC,Market Quality Supporter,Equity - Developed Markets,A
PSCM,Invesco S&P SmallCap Materials ETF,ETF,VIRT,Virtu Americas LLC,Designated Liquidity Provider,Equity - Developed Markets,A
PSCM,Invesco S&P SmallCap Materials ETF,ETF,XGWD,Latour Trading LLC,Market Quality Supporter,Equity - Developed Markets,A
PSCM,Invesco S&P SmallCap Materials ETF,ETF,DVES,DV Equities,Market Quality Supporter,Equity - Developed Markets,A
PSCT,Invesco S&P SmallCap Information Technology ETF,ETF,XGWD,Latour Trading LLC,Designated Liquidity Provider,Equity - Developed Markets,A
PSCT,Invesco S&P SmallCap Information Technology ETF,ETF,DVES,DV Equities,Market Quality Supporter,Equity - Developed Markets,A
PSCU,Invesco S&P SmallCap Utilities & Communication Services ETF,ETF,VIRT,Virtu Americas LLC,Designated Liquidity Provider,Equity - Developed Markets,A
PSCU,Invesco S&P SmallCap Utilities & Communication Services ETF,ETF,DVES,DV Equities,Market Quality Supporter,Equity - Developed Markets,A
PSCU,Invesco S&P SmallCap Utilities & Communication Services ETF,ETF,XGWD,Latour Trading LLC,Market Quality Supporter,Equity - Developed Markets,A
PSET,Principal Quality ETF,ETF,VIRT,Virtu Americas LLC,Designated Liquidity Provider,Equity - Developed Markets,A
PSL,Invesco Dorsey Wright Consumer Staples Momentum ETF,ETF,XGWD,Latour Trading LLC,Designated Liquidity Provider,Equity - Developed Markets,A
PSL,Invesco Dorsey Wright Consumer Staples Momentum ETF,ETF,DVES,DV Equities,Market Quality Supporter,Equity - Developed Markets,A
PSTR,PeakShares Sector Rotation ETF,ETF,GTSZ,"GTS Securities, LLC",Designated Liquidity Provider,Derivatives Strategy - Developed,B
PSWD,Xtrackers Cybersecurity Select Equity ETF,ETF,SSUS,"Susquehanna Securities, LLC",Designated Liquidity Provider,Equity - Blended Development,C
PTF,Invesco Dorsey Wright Technology Momentum ETF,ETF,VIRT,Virtu Americas LLC,Designated Liquidity Provider,Equity - Developed Markets,A
PTF,Invesco Dorsey Wright Technology Momentum ETF,ETF,DVES,DV Equities,Market Quality Supporter,Equity - Developed Markets,A
PTH,Invesco Dorsey Wright Healthcare Momentum ETF,ETF,XGWD,Latour Trading LLC,Designated Liquidity Provider,Equity - Developed Markets,A
PTH,Invesco Dorsey Wright Healthcare Momentum ETF,ETF,DVES,DV Equities,Market Quality Supporter,Equity - Developed Markets,A
PTH,Invesco Dorsey Wright Healthcare Momentum ETF,ETF,OLDM,Old Mission Capital LLC,Market Quality Supporter,Equity - Developed Markets,A
PTIR,GraniteShares 2x Long PLTR Daily ETF,ETF (Single Stock),IMCC,"IMC-Chicago, LLC",Designated Liquidity Provider,Derivatives Strategy - Developed,High Volume ETP
PTNQ,Pacer Trendpilot 100 ETF,ETF,RBCD,"RBC Capital Markets, LLC",Designated Liquidity Provider,Equity - Developed Markets,A
PUI,Invesco Dorsey Wright Utilities Momentum ETF,ETF,VIRT,Virtu Americas LLC,Designated Liquidity Provider,Equity - Developed Markets,A
PUI,Invesco Dorsey Wright Utilities Momentum ETF,ETF,DVES,DV Equities,Market Quality Supporter,Equity - Developed Markets,A
PUL,GraniteShares 2x Long P Daily ETF,ETF (Single Stock),IMCC,"IMC-Chicago, LLC",Designated Liquidity Provider,ERROR - Not Assigned,C
PUR,Defiance Daily Target 2X Long PURR ETF,ETF (Single Stock),SSUS,"Susquehanna Securities, LLC",Designated Liquidity Provider,Derivatives Strategy - Developed,B
PWRD,TCW Transform Systems ETF,ETF,SSUS,"Susquehanna Securities, LLC",Designated Liquidity Provider,Equity - Blended Development,C
PXI,Invesco Dorsey Wright Energy Momentum ETF,ETF,XGWD,Latour Trading LLC,Designated Liquidity Provider,Equity - Developed Markets,A
PXI,Invesco Dorsey Wright Energy Momentum ETF,ETF,DVES,DV Equities,Market Quality Supporter,Equity - Developed Markets,A
PXI,Invesco Dorsey Wright Energy Momentum ETF,ETF,SSUS,"Susquehanna Securities, LLC",Market Quality Supporter,Equity - Developed Markets,A
PY,Principal Value ETF,ETF,GTSZ,"GTS Securities, LLC",Designated Liquidity Provider,Equity - Developed Markets,A
PYPG,Leverage Shares 2X Long PYPL Daily ETF,ETF (Single Stock),IMCC,"IMC-Chicago, LLC",Designated Liquidity Provider,Derivatives Strategy - Developed,B
PYZ,Invesco Dorsey Wright Basic Materials Momentum ETF,ETF,VIRT,Virtu Americas LLC,Designated Liquidity Provider,Equity - Developed Markets,A
PYZ,Invesco Dorsey Wright Basic Materials Momentum ETF,ETF,DVES,DV Equities,Market Quality Supporter,Equity - Developed Markets,A
PYZ,Invesco Dorsey Wright Basic Materials Momentum ETF,ETF,XGWD,Latour Trading LLC,Market Quality Supporter,Equity - Developed Markets,A
QABA,First Trust NASDAQ ABA Community Bank Index Fund,ETF,RBCD,"RBC Capital Markets, LLC",Designated Liquidity Provider,Equity - Developed Markets,A
QABA,First Trust NASDAQ ABA Community Bank Index Fund,ETF,OLDM,Old Mission Capital LLC,Market Quality Supporter,Equity - Developed Markets,A
QALT,SEI DBi Multi-Strategy Alternative ETF,ETF,VIRT,Virtu Americas LLC,Designated Liquidity Provider,Derivatives Strategy - Other tha,B
QAT,iShares MSCI Qatar ETF,ETF,CTDN,Citadel Securities LLC,Designated Liquidity Provider,Derivatives Strategy - Other tha,B
QAT,iShares MSCI Qatar ETF,ETF,OLDM,Old Mission Capital LLC,Market Quality Supporter,Derivatives Strategy - Other tha,B
QB,ProShares Nasdaq-100 Dynamic Buffer ETF,ETF,SSUS,"Susquehanna Securities, LLC",Designated Liquidity Provider,Derivatives Strategy - Developed,B
QBIG,Invesco Top QQQ ETF,ETF,VIRT,Virtu Americas LLC,Designated Liquidity Provider,Derivatives Strategy - Other tha,B
QBIG,Invesco Top QQQ ETF,ETF,DVES,DV Equities,Market Quality Supporter,Derivatives Strategy - Other tha,B
QBTZ,Defiance Daily Target 2x Short QBTS ETF,ETF (Single Stock),GTSZ,"GTS Securities, LLC",Designated Liquidity Provider,Derivatives Strategy - Developed,High Volume ETP
QBUF,Innovator Nasdaq-100 10 Buffer ETF Quarterly,ETF,WTLP,"Wolverine Trading, LLC",Designated Liquidity Provider,Derivatives Strategy - Developed,B
QBUF,Innovator Nasdaq-100 10 Buffer ETF Quarterly,ETF,CTDL,Citadel Securities LLC,Market Quality Supporter,Derivatives Strategy - Developed,B
QBY,GraniteShares YieldBoost QBTS ETF,ETF (Single Stock),JSCA,"Jane Street Capital, LLC",Designated Liquidity Provider,Derivatives Strategy - Developed,B
QCLN,First Trust NASDAQ Clean Edge Green Energy Index Fund,ETF,RBCD,"RBC Capital Markets, LLC",Designated Liquidity Provider,Equity - Blended Development,C
QCLN,First Trust NASDAQ Clean Edge Green Energy Index Fund,ETF,XGWD,Latour Trading LLC,Market Quality Supporter,Equity - Blended Development,C
QCLR,Global X NASDAQ 100 Collar 95-110 ETF,ETF,SSUS,"Susquehanna Securities, LLC",Designated Liquidity Provider,Derivatives Strategy - Developed,B
QCMD,Direxion Daily QCOM Bear 1X ETF,ETF (Single Stock),SSUS,"Susquehanna Securities, LLC",Designated Liquidity Provider,Derivatives Strategy - Developed,B
QCMD,Direxion Daily QCOM Bear 1X ETF,ETF (Single Stock),DVES,DV Equities,Market Quality Supporter,Derivatives Strategy - Developed,B
QCML,GraniteShares 2x Long QCOM Daily ETF,ETF (Single Stock),IMCC,"IMC-Chicago, LLC",Designated Liquidity Provider,Derivatives Strategy - Developed,High Volume ETP
QCMU,Direxion Daily QCOM Bull 2X ETF,ETF (Single Stock),SSUS,"Susquehanna Securities, LLC",Designated Liquidity Provider,Derivatives Strategy - Developed,B
QCMU,Direxion Daily QCOM Bull 2X ETF,ETF (Single Stock),DVES,DV Equities,Market Quality Supporter,Derivatives Strategy - Developed,B
QDTY,YieldMax Nasdaq 100 0DTE Covered Call Strategy ETF,ETF,OLDM,Old Mission Capital LLC,Designated Liquidity Provider,Derivatives Strategy - Developed,B
QEW,Invesco QQQ Equal Weight ETF,ETF,GSCO,Goldman Sachs & Co. LLC,Designated Liquidity Provider,Equity - Blended Development,C
QGRD,Horizon Nasdaq-100 Defined Risk ETF,ETF,GTSZ,"GTS Securities, LLC",Designated Liquidity Provider,Derivatives Strategy - Developed,B
QHDG,Innovator Hedged Nasdaq-100 ETF,ETF,SSUS,"Susquehanna Securities, LLC",Designated Liquidity Provider,Derivatives Strategy - Developed,B
QLDY,Defiance Nasdaq 100 LightningSpread Income ETF,ETF,JSCA,"Jane Street Capital, LLC",Designated Liquidity Provider,Derivatives Strategy - Developed,B
QMID,WisdomTree U.S. MidCap Quality Growth Fund,ETF,CTDL,Citadel Securities LLC,Designated Liquidity Provider,Equity - Developed Markets,A
QMOM,Alpha Architect U.S. Quantitative Momentum ETF,ETF,RBCD,"RBC Capital Markets, LLC",Designated Liquidity Provider,Equity - Developed Markets,A
QNDX,State Street SPDR Portfolio Nasdaq 100 ETF,ETF,CTDL,Citadel Securities LLC,Designated Liquidity Provider,Equity - Blended Development,C
QNXT,iShares Nasdaq-100 ex Top 30 ETF,ETF,VIRT,Virtu Americas LLC,Designated Liquidity Provider,Equity - Blended Development,C
QNXT,iShares Nasdaq-100 ex Top 30 ETF,ETF,XGWD,Latour Trading LLC,Market Quality Supporter,Equity - Blended Development,C
QOWZ,Invesco Nasdaq Free Cash Flow Achievers ETF,ETF,VIRT,Virtu Americas LLC,Designated Liquidity Provider,Equity - Developed Markets,A
QOWZ,Invesco Nasdaq Free Cash Flow Achievers ETF,ETF,DVES,DV Equities,Market Quality Supporter,Equity - Developed Markets,A
QPUX,Defiance 2X Daily Long Pure Quantum ETF,ETF,CTDL,Citadel Securities LLC,Designated Liquidity Provider,Derivatives Strategy - Other tha,B
QQA,Invesco QQQ Income Advantage ETF,ETF,JSCA,"Jane Street Capital, LLC",Designated Liquidity Provider,Derivatives Strategy - Developed,B
QQA,Invesco QQQ Income Advantage ETF,ETF,DVES,DV Equities,Market Quality Supporter,Derivatives Strategy - Developed,B
QQDN,ProShares UltraShort QQQ Mega,ETF,VIRT,Virtu Americas LLC,Designated Liquidity Provider,Derivatives Strategy - Developed,B
QQEW,First Trust Nasdaq-100 Select Equal Weight ETF,ETF,RBCD,"RBC Capital Markets, LLC",Designated Liquidity Provider,Equity - Developed Markets,A
QQHG,Invesco QQQ Hedged Advantage ETF,ETF,JSCA,"Jane Street Capital, LLC",Designated Liquidity Provider,Derivatives Strategy - Developed,B
QQHG,Invesco QQQ Hedged Advantage ETF,ETF,DVES,DV Equities,Market Quality Supporter,Derivatives Strategy - Developed,B
QQLV,Invesco QQQ Low Volatility ETF,ETF,CTDL,Citadel Securities LLC,Designated Liquidity Provider,Equity - Blended Development,C
QQLV,Invesco QQQ Low Volatility ETF,ETF,DVES,DV Equities,Market Quality Supporter,Equity - Blended Development,C
QQMG,Invesco ESG NASDAQ 100 ETF,ETF,XGWD,Latour Trading LLC,Designated Liquidity Provider,Equity - Developed Markets,A
QQMG,Invesco ESG NASDAQ 100 ETF,ETF,DVES,DV Equities,Market Quality Supporter,Equity - Developed Markets,A
QQMG,Invesco ESG NASDAQ 100 ETF,ETF,OLDM,Old Mission Capital LLC,Market Quality Supporter,Equity - Developed Markets,A
QQQ,"Invesco QQQ Trust, Series 1",ETF,GSCO,Goldman Sachs & Co. LLC,Designated Liquidity Provider,Equity - Blended Development,High Volume ETP
QQQA,ProShares Nasdaq-100 Dorsey Wright Momentum ETF,ETF,XGWD,Latour Trading LLC,Designated Liquidity Provider,Equity - Developed Markets,A
QQQA,ProShares Nasdaq-100 Dorsey Wright Momentum ETF,ETF,PUND,Pundion LLC,Market Quality Supporter,Equity - Developed Markets,A
QQQE,Direxion NASDAQ-100 Equal Weighted Index ETF,ETF,VIRT,Virtu Americas LLC,Designated Liquidity Provider,Equity - Developed Markets,A
QQQE,Direxion NASDAQ-100 Equal Weighted Index ETF,ETF,DVES,DV Equities,Market Quality Supporter,Equity - Developed Markets,A
QQQG,Pacer Nasdaq 100 Top 50 Cash Cows Growth Leaders ETF,ETF,RBCD,"RBC Capital Markets, LLC",Designated Liquidity Provider,Equity - Developed Markets,A
QQQH,NEOS Nasdaq-100 Hedged Equity Income ETF,ETF,VIRT,Virtu Americas LLC,Designated Liquidity Provider,Derivatives Strategy - Developed,B
QQQI,NEOS Nasdaq 100 High Income ETF,ETF,JSCA,"Jane Street Capital, LLC",Designated Liquidity Provider,Derivatives Strategy - Developed,High Volume ETP
QQQJ,Invesco NASDAQ Next Gen 100 ETF,ETF,SSUS,"Susquehanna Securities, LLC",Designated Liquidity Provider,Derivatives Strategy - Developed,B
QQQJ,Invesco NASDAQ Next Gen 100 ETF,ETF,DVES,DV Equities,Market Quality Supporter,Derivatives Strategy - Developed,B
QQQJ,Invesco NASDAQ Next Gen 100 ETF,ETF,XGWD,Latour Trading LLC,Market Quality Supporter,Derivatives Strategy - Developed,B
QQQM,Invesco NASDAQ 100 ETF,ETF,SSUS,"Susquehanna Securities, LLC",Designated Liquidity Provider,Derivatives Strategy - Developed,High Volume ETP
QQQP,Tradr 2X Long Innovation 100 Quarterly ETF,ETF (Single Stock),OLDM,Old Mission Capital LLC,Designated Liquidity Provider,Derivatives Strategy - Developed,B
QQQS,Invesco NASDAQ Future Gen 200 ETF,ETF,OLDM,Old Mission Capital LLC,Designated Liquidity Provider,Equity - Developed Micro to Smal,B
QQQS,Invesco NASDAQ Future Gen 200 ETF,ETF,DVES,DV Equities,Market Quality Supporter,Equity - Developed Micro to Smal,B
QQQS,Invesco NASDAQ Future Gen 200 ETF,ETF,XGWD,Latour Trading LLC,Market Quality Supporter,Equity - Developed Micro to Smal,B
QQQT,Defiance Nasdaq 100 Income Target ETF,ETF,OLDM,Old Mission Capital LLC,Designated Liquidity Provider,Derivatives Strategy - Developed,B
QQQY,Defiance Nasdaq 100 Weekly Distribution ETF,ETF,OLDM,Old Mission Capital LLC,Designated Liquidity Provider,Derivatives Strategy - Developed,B
QQUP,ProShares Ultra QQQ Mega,ETF,VIRT,Virtu Americas LLC,Designated Liquidity Provider,Derivatives Strategy - Developed,B
QQWZ,Pacer Cash COWZ 100-Nasdaq 100 Rotator ETF,ETF,MIRA,MIRAE ASSET SECURITIES (USA) INC.,Designated Liquidity Provider,Equity - Developed Markets,A
QQXL,ProShares Ultra QQQ Top 30,ETF,VIRT,Virtu Americas LLC,Designated Liquidity Provider,Derivatives Strategy - Developed,B
QQXT,First Trust NASDAQ-100 Ex-Technology Sector Index Fund,ETF,RBCD,"RBC Capital Markets, LLC",Designated Liquidity Provider,Equity - Developed Markets,A
QQXT,First Trust NASDAQ-100 Ex-Technology Sector Index Fund,ETF,OLDM,Old Mission Capital LLC,Market Quality Supporter,Equity - Developed Markets,A
QRMI,Global X NASDAQ 100 Risk Managed Income ETF,ETF,SSUS,"Susquehanna Securities, LLC",Designated Liquidity Provider,Derivatives Strategy - Developed,B
QSIX,Pacer Metaurus Nasdaq 100 Dividend Multiplier 600 ETF,ETF,CTDL,Citadel Securities LLC,Designated Liquidity Provider,Derivatives Strategy - Other tha,B
QSML,WisdomTree U.S. SmallCap Quality Growth Fund,ETF,CTDL,Citadel Securities LLC,Designated Liquidity Provider,Equity - Developed Micro to Smal,B
QTEC,First Trust NASDAQ-100-Technology Sector Index Fund,ETF,RBCD,"RBC Capital Markets, LLC",Designated Liquidity Provider,Equity - Developed Markets,A
QTOP,iShares Nasdaq Top 30 Stocks ETF,ETF,VIRT,Virtu Americas LLC,Designated Liquidity Provider,Equity - Blended Development,C
QTOP,iShares Nasdaq Top 30 Stocks ETF,ETF,XGWD,Latour Trading LLC,Market Quality Supporter,Equity - Blended Development,C
QTR,Global X NASDAQ 100 Tail Risk ETF,ETF,SSUS,"Susquehanna Securities, LLC",Designated Liquidity Provider,Derivatives Strategy - Developed,B
QTUM,Defiance Quantum ETF,ETF,JSCA,"Jane Street Capital, LLC",Designated Liquidity Provider,Equity - Blended Development,C
QVAL,Alpha Architect U.S. Quantitative Value ETF,ETF,VIRT,Virtu Americas LLC,Designated Liquidity Provider,Equity - Developed Markets,A
QVOL,Infrastructure Capital Nasdaq Option Income ETF,ETF,RBCD,"RBC Capital Markets, LLC",Designated Liquidity Provider,Derivatives Strategy - Developed,B
QXQ,SGI Enhanced Nasdaq-100 ETF,ETF,GTSZ,"GTS Securities, LLC",Designated Liquidity Provider,Derivatives Strategy - Developed,B
QYLD,Global X NASDAQ 100 Covered Call ETF,ETF,VIRT,Virtu Americas LLC,Designated Liquidity Provider,Derivatives Strategy - Developed,High Volume ETP
QYLG,Global X Nasdaq 100 Covered Call & Growth ETF,ETF,SSUS,"Susquehanna Securities, LLC",Designated Liquidity Provider,Derivatives Strategy - Developed,B
RAA,SMI 3Fourteen REAL Asset Allocation ETF,ETF,GTSZ,"GTS Securities, LLC",Designated Liquidity Provider,Multi Asset Strategy,B
RAUS,RACWI US ETF,ETF,GTSZ,"GTS Securities, LLC",Designated Liquidity Provider,Equity - Developed Markets,A
RBIL,F/m Ultrashort Treasury Inflation-Protected Security (TIPS) ETF,ETF,JSCA,"Jane Street Capital, LLC",Designated Liquidity Provider,Derivatives Strategy - Other tha,B
RCAX,Defiance Daily Target 2x Long RCAT ETF,ETF (Single Stock),CTDL,Citadel Securities LLC,Designated Liquidity Provider,Derivatives Strategy - Developed,B
RCGE,RockCreek Global Equality ETF,ETF,GTSZ,"GTS Securities, LLC",Designated Liquidity Provider,Equity - Blended Development,C
RDTL,GraniteShares 2x Long RDDT Daily ETF,ETF (Single Stock),IMCC,"IMC-Chicago, LLC",Designated Liquidity Provider,Derivatives Strategy - Developed,B
RDTY,YieldMax R2000 0DTE Covered Strategy ETF,ETF,OLDM,Old Mission Capital LLC,Designated Liquidity Provider,Derivatives Strategy - Developed,B
RDVY,First Trust Rising Dividend Achievers ETF,ETF,RBCD,"RBC Capital Markets, LLC",Designated Liquidity Provider,Equity - Developed Markets,High Volume ETP
REAI,Intelligent Real Estate ETF,ETF,GTSZ,"GTS Securities, LLC",Designated Liquidity Provider,Equity - Developed Markets,A
REIT,ALPS Active REIT ETF,ETF,GTSZ,"GTS Securities, LLC",Designated Liquidity Provider,Equity - Developed Markets,A
REMG,Russell Investments Emerging Markets Equity ETF,ETF,VIRT,Virtu Americas LLC,Designated Liquidity Provider,Derivatives Strategy - Other tha,B
REXC,Sprott Rare Earths Ex-China ETF,ETF,VIRT,Virtu Americas LLC,Designated Liquidity Provider,Equity - Blended Development,C
RFDI,First Trust RiverFront Dynamic Developed International ETF,ETF,JSCA,"Jane Street Capital, LLC",Designated Liquidity Provider,Equity - Developed Markets,A
RFDI,First Trust RiverFront Dynamic Developed International ETF,ETF,OLDM,Old Mission Capital LLC,Market Quality Supporter,Equity - Developed Markets,A
RFEM,First Trust RiverFront Dynamic Emerging Markets ETF,ETF,JSCA,"Jane Street Capital, LLC",Designated Liquidity Provider,Equity - Emerging and Frontier M,C
RFEM,First Trust RiverFront Dynamic Emerging Markets ETF,ETF,OLDM,Old Mission Capital LLC,Market Quality Supporter,Equity - Emerging and Frontier M,C
RGLO,Russell Investments Global Equity ETF,ETF,VIRT,Virtu Americas LLC,Designated Liquidity Provider,Derivatives Strategy - Other tha,B
RGTX,Defiance Daily Target 2X Long RGTI ETF,ETF (Single Stock),SSUS,"Susquehanna Securities, LLC",Designated Liquidity Provider,Derivatives Strategy - Developed,High Volume ETP
RGTZ,Defiance Daily Target 2x Short RGTI ETF,ETF (Single Stock),IMCC,"IMC-Chicago, LLC",Designated Liquidity Provider,Derivatives Strategy - Developed,High Volume ETP
RGYY,GraniteShares YieldBoost RGTI ETF,ETF (Single Stock),JSCA,"Jane Street Capital, LLC",Designated Liquidity Provider,Derivatives Strategy - Developed,B
RIFR,Russell Investments Global Infrastructure ETF,ETF,SSUS,"Susquehanna Securities, LLC",Designated Liquidity Provider,Derivatives Strategy - Other tha,B
RING,iShares MSCI Global Gold Miners ETF,ETF,SSUS,"Susquehanna Securities, LLC",Designated Liquidity Provider,Equity - Blended Development,C
RINT,Russell Investments International Developed Equity ETF,ETF,VIRT,Virtu Americas LLC,Designated Liquidity Provider,Derivatives Strategy - Developed,B
RKLX,Defiance Daily Target 2X Long RKLB ETF,ETF (Single Stock),SSUS,"Susquehanna Securities, LLC",Designated Liquidity Provider,Derivatives Strategy - Developed,High Volume ETP
RKLZ,Defiance Daily Target 2x Short RKLB ETF,ETF (Single Stock),CTDL,Citadel Securities LLC,Designated Liquidity Provider,Derivatives Strategy - Developed,High Volume ETP
RKNG,Defiance Retail Kings ETF,ETF,XGWD,Latour Trading LLC,Designated Liquidity Provider,Equity - Blended Development,C
RNEM,Emerging Markets Equity Select ETF,ETF,SSUS,"Susquehanna Securities, LLC",Designated Liquidity Provider,Equity - Emerging and Frontier M,C
RNIN,Bushido Capital US SMID Cap Equity ETF,ETF,GTSZ,"GTS Securities, LLC",Designated Liquidity Provider,Equity - Developed Micro to Smal,B
RNRG,Global X Renewable Energy Producers ETF,ETF,SSUS,"Susquehanna Securities, LLC",Designated Liquidity Provider,Equity - Blended Development,C
ROBT,First Trust Nasdaq Artificial Intelligence and Robotics ETF,ETF,JSCA,"Jane Street Capital, LLC",Designated Liquidity Provider,Equity - Blended Development,C
ROBT,First Trust Nasdaq Artificial Intelligence and Robotics ETF,ETF,OLDM,Old Mission Capital LLC,Market Quality Supporter,Equity - Blended Development,C
ROCQ,JPMorgan Nasdaq Equity Premium Yield ETF,ETF,OLDM,Old Mission Capital LLC,Designated Liquidity Provider,Derivatives Strategy - Developed,B
ROCY,JPMorgan Equity Premium Yield ETF,ETF,OLDM,Old Mission Capital LLC,Designated Liquidity Provider,Derivatives Strategy - Developed,B
ROE,Astoria US Equal Weight Quality Kings ETF,ETF,CTDL,Citadel Securities LLC,Designated Liquidity Provider,Equity - Developed Markets,A
RTH,VanEck Retail ETF,ETF,VIRT,Virtu Americas LLC,Designated Liquidity Provider,Equity - Developed Markets,A
RTH,VanEck Retail ETF,ETF,DVES,DV Equities,Market Quality Supporter,Equity - Developed Markets,A
RTH,VanEck Retail ETF,ETF,XGWD,Latour Trading LLC,Market Quality Supporter,Equity - Developed Markets,A
RTXG,Leverage Shares 2X Long RTX Daily ETF,ETF (Single Stock),IMCC,"IMC-Chicago, LLC",Designated Liquidity Provider,Derivatives Strategy - Developed,B
RTYY,GraniteShares YieldBoost RIOT ETF,ETF (Single Stock),JSCA,"Jane Street Capital, LLC",Designated Liquidity Provider,Derivatives Strategy - Developed,B
RUNN,Running Oak Efficient Growth ETF,ETF,CTDL,Citadel Securities LLC,Designated Liquidity Provider,Equity - Developed Markets,A
RUSC,Russell Investments U.S. Small Cap Equity ETF,ETF,SSUS,"Susquehanna Securities, LLC",Designated Liquidity Provider,Derivatives Strategy - Developed,B
RVNL,GraniteShares 2x Long RIVN Daily ETF,ETF (Single Stock),IMCC,"IMC-Chicago, LLC",Designated Liquidity Provider,Derivatives Strategy - Developed,B
RWIN,Rayliant NxtGen Multifactor International Equity ETF,ETF,SSUS,"Susquehanna Securities, LLC",Designated Liquidity Provider,Equity - Developed Markets,A
SARK,Tradr 1X Short Innovation Daily ETF,ETF,OLDM,Old Mission Capital LLC,Designated Liquidity Provider,Derivatives Strategy - Other tha,B
SBU,Leverage Shares 2X Long SBUX Daily ETF,ETF (Single Stock),GTSZ,"GTS Securities, LLC",Designated Liquidity Provider,Derivatives Strategy - Developed,B
SCA,GraniteShares Autocallable SMCI ETF,ETF (Single Stock),JSCA,"Jane Street Capital, LLC",Designated Liquidity Provider,Derivatives Strategy - Developed,B
SCDS,JPMorgan Fundamental Data Science Small Core ETF,ETF,RBCD,"RBC Capital Markets, LLC",Designated Liquidity Provider,Derivatives Strategy - Developed,B
SCDS,JPMorgan Fundamental Data Science Small Core ETF,ETF,CTDL,Citadel Securities LLC,Market Quality Supporter,Derivatives Strategy - Developed,B
SCZ,iShares MSCI EAFE Small-Cap ETF,ETF,CTDN,Citadel Securities LLC,Designated Liquidity Provider,Equity - Developed Micro to Smal,High Volume ETP
SDG,iShares MSCI Global Sustainable Development Goals ETF,ETF,RBCD,"RBC Capital Markets, LLC",Designated Liquidity Provider,Equity - Blended Development,C
SDG,iShares MSCI Global Sustainable Development Goals ETF,ETF,OLDM,Old Mission Capital LLC,Market Quality Supporter,Equity - Blended Development,C
SDSI,American Century Short Duration Strategic Income ETF,ETF,JSCA,"Jane Street Capital, LLC",Designated Liquidity Provider,Derivatives Strategy - Other tha,B
SDTY,YieldMax S&P 500 0DTE Covered Call Strategy ETF,ETF,OLDM,Old Mission Capital LLC,Designated Liquidity Provider,Derivatives Strategy - Developed,B
SDVY,First Trust SMID Cap Rising Dividend Achievers ETF,ETF,RBCD,"RBC Capital Markets, LLC",Designated Liquidity Provider,Equity - Developed Markets,High Volume ETP
SEEM,SEI Select Emerging Markets Equity ETF,ETF,JSCA,"Jane Street Capital, LLC",Designated Liquidity Provider,Equity - Emerging and Frontier M,C
SEIE,SEI Select International Equity ETF,ETF,JSCA,"Jane Street Capital, LLC",Designated Liquidity Provider,Equity - Developed Markets,A
SEIS,SEI Select Small Cap ETF,ETF,VIRT,Virtu Americas LLC,Designated Liquidity Provider,Equity - Developed Micro to Smal,B
SEMY,GraniteShares YieldBOOST Semiconductor ETF,ETF,JSCA,"Jane Street Capital, LLC",Designated Liquidity Provider,Derivatives Strategy - Developed,B
SETM,Sprott Critical Materials ETF,ETF,VIRT,Virtu Americas LLC,Designated Liquidity Provider,Derivatives Strategy - Other tha,B
SFLO,VictoryShares Small Cap Free Cash Flow ETF,ETF,SSUS,"Susquehanna Securities, LLC",Designated Liquidity Provider,Derivatives Strategy - Developed,B
SFLO,VictoryShares Small Cap Free Cash Flow ETF,ETF,CTDL,Citadel Securities LLC,Market Quality Supporter,Derivatives Strategy - Developed,B
SGVA,F/m Accumulator Ultrashort Treasury Fund,ETF,VIRT,Virtu Americas LLC,Designated Liquidity Provider,Fixed Income - US Government,A
SHPU,Direxion Daily SHOP Bull 2X ETF,ETF (Single Stock),SSUS,"Susquehanna Securities, LLC",Designated Liquidity Provider,Derivatives Strategy - Developed,B
SHPU,Direxion Daily SHOP Bull 2X ETF,ETF (Single Stock),DVES,DV Equities,Market Quality Supporter,Derivatives Strategy - Developed,B
SHRY,First Trust Bloomberg Shareholder Yield ETF,ETF,SSUS,"Susquehanna Securities, LLC",Designated Liquidity Provider,Equity - Developed Markets,A
SHRY,First Trust Bloomberg Shareholder Yield ETF,ETF,OLDM,Old Mission Capital LLC,Market Quality Supporter,Equity - Developed Markets,A
SHY,iShares 1-3 Year Treasury Bond ETF,ETF,JSCA,"Jane Street Capital, LLC",Designated Liquidity Provider,Fixed Income - US Government,High Volume ETP
SJCP,SanJac Alpha Core Plus Bond ETF,ETF,VIRT,Virtu Americas LLC,Designated Liquidity Provider,Fixed Income - North America or,A
SJLD,SanJac Alpha Low Duration ETF,ETF,VIRT,Virtu Americas LLC,Designated Liquidity Provider,Fixed Income - North America or,A
SKOR,FlexShares Credit-Scored US Corporate Bond Index Fund,ETF,JSCA,"Jane Street Capital, LLC",Designated Liquidity Provider,Fixed Income - North America or,A
SKOR,FlexShares Credit-Scored US Corporate Bond Index Fund,ETF,FLTU,Flow Traders U.S. LLC,Market Quality Supporter,Fixed Income - North America or,A
SKRE,Tuttle Capital Daily 2X Inverse Regional Banks ETF,ETF,IMCC,"IMC-Chicago, LLC",Designated Liquidity Provider,Derivatives Strategy - Developed,B
SKYU,ProShares Ultra Cloud Computing,ETF,VIRT,Virtu Americas LLC,Designated Liquidity Provider,Derivatives Strategy - Other tha,B
SKYY,First Trust Cloud Computing ETF,ETF,CTDL,Citadel Securities LLC,Designated Liquidity Provider,Equity - Blended Development,C
SKYY,First Trust Cloud Computing ETF,ETF,XGWD,Latour Trading LLC,Market Quality Supporter,Equity - Blended Development,C
SLQD,iShares 0-5 Year Investment Grade Corporate Bond ETF,ETF,JSCA,"Jane Street Capital, LLC",Designated Liquidity Provider,Fixed Income - North America or,A
SLQD,iShares 0-5 Year Investment Grade Corporate Bond ETF,ETF,SSUS,"Susquehanna Securities, LLC",Market Quality Supporter,Fixed Income - North America or,A
SLVO,"ETRACS Silver Shares Covered Call ETNs due April 21, 2033",ETN,SSUS,"Susquehanna Securities, LLC",Designated Liquidity Provider,ETN,C
SLVR,Sprott Silver Miners & Physical Silver ETF,ETF,VIRT,Virtu Americas LLC,Designated Liquidity Provider,Multi Asset Strategy,B
SMCF,Themes US Small Cap Cash Flow Champions ETF,ETF,VIRT,Virtu Americas LLC,Designated Liquidity Provider,Equity - Developed Micro to Smal,B
SMCL,GraniteShares 2x Long SMCI Daily ETF,ETF (Single Stock),IMCC,"IMC-Chicago, LLC",Designated Liquidity Provider,Derivatives Strategy - Developed,B
SMCO,Hilton Small-MidCap Opportunity ETF,ETF,GTSZ,"GTS Securities, LLC",Designated Liquidity Provider,Equity - Developed Micro to Smal,B
SMCX,Defiance Daily Target 2X Long SMCI ETF,ETF (Single Stock),IMCC,"IMC-Chicago, LLC",Designated Liquidity Provider,Derivatives Strategy - Developed,High Volume ETP
SMCZ,Defiance Daily Target 2X Short SMCI ETF,ETF (Single Stock),IMCC,"IMC-Chicago, LLC",Designated Liquidity Provider,Derivatives Strategy - Developed,High Volume ETP
SMH,VanEck Semiconductor ETF,ETF,VIRT,Virtu Americas LLC,Designated Liquidity Provider,Equity - Developed Markets,High Volume ETP
SMHC,VanEck China Semiconductor ETF,ETF,OLDM,Old Mission Capital LLC,Designated Liquidity Provider,Equity - Emerging and Frontier M,C
SMHX,VanEck Fabless Semiconductor ETF,ETF,XGWD,Latour Trading LLC,Designated Liquidity Provider,Equity - Blended Development,C
SMHX,VanEck Fabless Semiconductor ETF,ETF,DVES,DV Equities,Market Quality Supporter,Equity - Blended Development,C
SMOM,Symmetry Panoramic Sector Momentum ETF,ETF,VIRT,Virtu Americas LLC,Designated Liquidity Provider,Equity - Developed Markets,A
SMRI,Bushido Capital US Equity ETF,ETF,GTSZ,"GTS Securities, LLC",Designated Liquidity Provider,Equity - Developed Markets,A
SMST,Defiance Daily Target 2x Short MSTR ETF,ETF (Single Stock),SSUS,"Susquehanna Securities, LLC",Designated Liquidity Provider,Derivatives Strategy - Developed,B
SMYY,GraniteShares YieldBOOST SMCI ETF,ETF (Single Stock),JSCA,"Jane Street Capital, LLC",Designated Liquidity Provider,Derivatives Strategy - Developed,B
SNAG,Leverage Shares 2x Long SNAP Daily ETF,ETF (Single Stock),GTSZ,"GTS Securities, LLC",Designated Liquidity Provider,Derivatives Strategy - Developed,B
SNSR,Global X Internet of Things ETF,ETF,SSUS,"Susquehanna Securities, LLC",Designated Liquidity Provider,Equity - Developed Markets,A
SOCL,Global X Social Media ETF,ETF,VIRT,Virtu Americas LLC,Designated Liquidity Provider,Equity - Blended Development,C
SOFA,Direxion Daily SOFI Bull 2X ETF,ETF (Single Stock),GTSZ,"GTS Securities, LLC",Designated Liquidity Provider,Derivatives Strategy - Developed,B
SOFX,Defiance Daily Target 2X Long SOFI ETF,ETF (Single Stock),SSUS,"Susquehanna Securities, LLC",Designated Liquidity Provider,Derivatives Strategy - Developed,High Volume ETP
SOLC,Canary Marinade Solana ETF,SUBCODE: CB,VIRT,Virtu Americas LLC,Designated Liquidity Provider,Currency - Cryptocurrency,A
SOLT,2x Solana ETF,ETF,JSCA,"Jane Street Capital, LLC",Designated Liquidity Provider,Derivatives Strategy - Other tha,B
SOLZ,Solana ETF,ETF,JSCA,"Jane Street Capital, LLC",Designated Liquidity Provider,Derivatives Strategy - Other tha,High Volume ETP
SOUX,Defiance Daily Target 2X Long SOUN ETF,ETF (Single Stock),SSUS,"Susquehanna Securities, LLC",Designated Liquidity Provider,Derivatives Strategy - Developed,B
SOXQ,Invesco PHLX Semiconductor ETF,ETF,VIRT,Virtu Americas LLC,Designated Liquidity Provider,Equity - Developed Markets,High Volume ETP
SOXQ,Invesco PHLX Semiconductor ETF,ETF,XGWD,Latour Trading LLC,Market Quality Supporter,Equity - Developed Markets,High Volume ETP
SOXQ,Invesco PHLX Semiconductor ETF,ETF,DVES,DV Equities,Market Quality Supporter,Equity - Developed Markets,High Volume ETP
SOXX,iShares PHLX SOX Semiconductor Sector Index Fund,ETF,VIRT,Virtu Americas LLC,Designated Liquidity Provider,Derivatives Strategy - Developed,High Volume ETP
SPAM,Themes Cybersecurity ETF,ETF,OLDM,Old Mission Capital LLC,Designated Liquidity Provider,Equity - Developed Markets,A
SPAQ,Horizon Kinetics SPAC Active ETF,ETF,VIRT,Virtu Americas LLC,Designated Liquidity Provider,Equity - Developed Markets,A
SPBC,Simplify US Equity PLUS Bitcoin Strategy ETF,ETF,VIRT,Virtu Americas LLC,Designated Liquidity Provider,Multi Asset Strategy,B
SPCK,SPAC and New Issue ETF,ETF,GTSZ,"GTS Securities, LLC",Designated Liquidity Provider,Equity - Blended Development,C
SPCT,Liberty One Spectrum ETF,ETF,GTSZ,"GTS Securities, LLC",Designated Liquidity Provider,Equity - Developed Markets,A
SPIT,F/m Emerald Special Situations ETF,ETF,SSUS,"Susquehanna Securities, LLC",Designated Liquidity Provider,Equity - Developed Markets,A
SPOG,Leverage Shares 2X Long SPOT Daily ETF,ETF (Single Stock),GTSZ,"GTS Securities, LLC",Designated Liquidity Provider,Derivatives Strategy - Developed,B
SPRX,Spear Alpha ETF,ETF,XGWD,Latour Trading LLC,Designated Liquidity Provider,Equity - Developed Markets,A
SPXD,Xtrackers S&P 500 Diversified Sector Weight ETF,ETF,RBCD,"RBC Capital Markets, LLC",Designated Liquidity Provider,Equity - Developed Markets,A
SPYQ,Tradr 2X Long SPY Quarterly ETF,ETF (Single Stock),OLDM,Old Mission Capital LLC,Designated Liquidity Provider,Derivatives Strategy - Developed,B
SQLV,Royce Quant Small-Cap Quality Value ETF,ETF,RBCD,"RBC Capital Markets, LLC",Designated Liquidity Provider,Equity - Developed Micro to Smal,B
SQQQ,ProShares UltraPro Short QQQ,ETF,VIRT,Virtu Americas LLC,Designated Liquidity Provider,Derivatives Strategy - Developed,High Volume ETP
SQS,Sapient Quality Select ETF,ETF,GTSZ,"GTS Securities, LLC",Designated Liquidity Provider,Equity - Blended Development,C
SRET,Global X SuperDividend REIT ETF,ETF,SSUS,"Susquehanna Securities, LLC",Designated Liquidity Provider,Equity - Blended Development,C
SSS,CYBER HORNET S&P 500 and Solana 75/25 Strategy ETF,ETF,WTLP,"Wolverine Trading, LLC",Designated Liquidity Provider,Derivatives Strategy - Other tha,B
STNC,Hennessy Sustainable ETF,ETF,GTSZ,"GTS Securities, LLC",Designated Liquidity Provider,Equity - Developed Markets,A
SUIS,Canary Staked SUI ETF,SUBCODE: CB,FLTG,Flow Traders U.S. LLC,Designated Liquidity Provider,Currency - Cryptocurrency,A
SUPP,TCW Transform Supply Chain ETF,ETF,SSUS,"Susquehanna Securities, LLC",Designated Liquidity Provider,Equity - Developed Markets,A
SUSB,iShares ESG Aware 1-5 Year USD Corporate Bond ETF,ETF,JSCA,"Jane Street Capital, LLC",Designated Liquidity Provider,Fixed Income - North America or,A
SUSB,iShares ESG Aware 1-5 Year USD Corporate Bond ETF,ETF,SSUS,"Susquehanna Securities, LLC",Market Quality Supporter,Fixed Income - North America or,A
SUSC,iShares ESG Aware USD Corporate Bond ETF,ETF,JSCA,"Jane Street Capital, LLC",Designated Liquidity Provider,Fixed Income - North America or,A
SUSL,iShares ESG MSCI USA Leaders ETF,ETF,XGWD,Latour Trading LLC,Designated Liquidity Provider,Equity - Developed Markets,A
SUSL,iShares ESG MSCI USA Leaders ETF,ETF,OLDM,Old Mission Capital LLC,Market Quality Supporter,Equity - Developed Markets,A
SWP,SWP Growth & Income ETF,ETF,VIRT,Virtu Americas LLC,Designated Liquidity Provider,Equity - Developed Markets,A
SYZ,Lazard US Systematic Small Cap Equity ETF,ETF,CTDL,Citadel Securities LLC,Designated Liquidity Provider,Equity - Developed Micro to Smal,B
TAOZ,Thornburg American Opportunities Fund,ETF,CTDN,Citadel Securities LLC,Designated Liquidity Provider,Multi Asset Strategy,B
TARK,Tradr 2X Long Innovation ETF,ETF,OLDM,Old Mission Capital LLC,Designated Liquidity Provider,Derivatives Strategy - Other tha,B
TAX,Cambria Tax Aware ETF,ETF,GTSZ,"GTS Securities, LLC",Designated Liquidity Provider,Equity - Developed Markets,A
TAXE,Intermediate Municipal Income ETF,ETF,JSCA,"Jane Street Capital, LLC",Designated Liquidity Provider,Fixed Income - North America or,A
TAXI,Northern Trust Intermediate Tax-Exempt Bond ETF,ETF,JSCA,"Jane Street Capital, LLC",Designated Liquidity Provider,Fixed Income - North America or,A
TAXS,Northern Trust Short-Term Tax-Exempt Bond ETF,ETF,JSCA,"Jane Street Capital, LLC",Designated Liquidity Provider,Fixed Income - North America or,A
TAXT,Northern Trust Tax-Exempt Bond ETF,ETF,JSCA,"Jane Street Capital, LLC",Designated Liquidity Provider,Fixed Income - North America or,A
TBIL,F/m US Treasury 3 Month Bill Fund,ETF,JSCA,"Jane Street Capital, LLC",Designated Liquidity Provider,Fixed Income - US Government,High Volume ETP
TCAN,21Shares Canton Network ETF,ETF,FLTG,Flow Traders U.S. LLC,Designated Liquidity Provider,Currency - Cryptocurrency,A
TCHI,iShares MSCI China Multisector Tech ETF,ETF,CTDN,Citadel Securities LLC,Designated Liquidity Provider,Derivatives Strategy - Other tha,B
TCHI,iShares MSCI China Multisector Tech ETF,ETF,OLDM,Old Mission Capital LLC,Market Quality Supporter,Derivatives Strategy - Other tha,B
TDI,Touchstone Dynamic International ETF,ETF,CTDN,Citadel Securities LLC,Designated Liquidity Provider,Equity - Blended Development,C
TDIV,First Trust NASDAQ Technology Dividend Index Fund,ETF,SSUS,"Susquehanna Securities, LLC",Designated Liquidity Provider,Equity - Developed Markets,A
TDIV,First Trust NASDAQ Technology Dividend Index Fund,ETF,OLDM,Old Mission Capital LLC,Market Quality Supporter,Equity - Developed Markets,A
TDIV,First Trust NASDAQ Technology Dividend Index Fund,ETF,XGWD,Latour Trading LLC,Market Quality Supporter,Equity - Developed Markets,A
TDOG,21shares Dogecoin ETF,SUBCODE: CB,FLTG,Flow Traders U.S. LLC,Designated Liquidity Provider,Currency - Cryptocurrency,A
TDOT,21shares Polkadot ETF,SUBCODE: CB,FLTG,Flow Traders U.S. LLC,Designated Liquidity Provider,Currency - Cryptocurrency,A
TDSB,ETC Cabana Target Beta ETF,ETF,GTSZ,"GTS Securities, LLC",Designated Liquidity Provider,Multi Asset Strategy,B
TDSB,ETC Cabana Target Beta ETF,ETF,OLDM,Old Mission Capital LLC,Market Quality Supporter,Multi Asset Strategy,B
TDSC,ETC Cabana Target Drawdown 10 ETF,ETF,GTSZ,"GTS Securities, LLC",Designated Liquidity Provider,Multi Asset Strategy,B
TDSC,ETC Cabana Target Drawdown 10 ETF,ETF,OLDM,Old Mission Capital LLC,Market Quality Supporter,Multi Asset Strategy,B
TECY,GraniteShares YieldBOOST Technology ETF,ETF,JSCA,"Jane Street Capital, LLC",Designated Liquidity Provider,Derivatives Strategy - Developed,B
TEKX,State Street Galaxy Transformative Tech Accelerators ETF,ETF,SSUS,"Susquehanna Securities, LLC",Designated Liquidity Provider,Equity - Blended Development,C
TEKY,Lazard Next Gen Technologies ETF,ETF,VIRT,Virtu Americas LLC,Designated Liquidity Provider,Derivatives Strategy - Other tha,B
TERG,Leverage Shares 2X Long TER Daily ETF,ETF (Single Stock),OLDM,Old Mission Capital LLC,Designated Liquidity Provider,Derivatives Strategy - Developed,B
TEXN,iShares Texas Equity ETF,ETF,XGWD,Latour Trading LLC,Designated Liquidity Provider,Equity - Developed Markets,A
TEXX,Horizon Kinetics Texas ETF,ETF,VIRT,Virtu Americas LLC,Designated Liquidity Provider,Equity - Developed Markets,A
TFGZ,Thornburg Focus Growth Fund,ETF,CTDL,Citadel Securities LLC,Designated Liquidity Provider,Equity - Developed Markets,A
TFNS,T. Rowe Price Financials ETF,ETF,CTDL,Citadel Securities LLC,Designated Liquidity Provider,Equity - Developed Markets,A
THMZ,Lazard Equity Megatrends ETF,ETF,SSUS,"Susquehanna Securities, LLC",Designated Liquidity Provider,Derivatives Strategy - Other tha,B
THRV,Prospera Income ETF,ETF,MIRA,MIRAE ASSET SECURITIES (USA) INC.,Designated Liquidity Provider,Derivatives Strategy - Other tha,B
THYM,T. Rowe Price High Income Municipal ETF,ETF,RBCD,"RBC Capital Markets, LLC",Designated Liquidity Provider,Derivatives Strategy - Other tha,B
THYP,21shares Hyperliquid ETF,SUBCODE: CB,FLTG,Flow Traders U.S. LLC,Designated Liquidity Provider,Currency - Cryptocurrency,A
TILC,Thrivent International Large Cap ETF,ETF,JSCA,"Jane Street Capital, LLC",Designated Liquidity Provider,Equity - Developed Markets,A
TISC,Thrivent International Small Cap ETF,ETF,JSCA,"Jane Street Capital, LLC",Designated Liquidity Provider,Equity - Developed Micro to Smal,B
TKNS,21Shares Active Crypto ETF,ETF,FLTG,Flow Traders U.S. LLC,Designated Liquidity Provider,Derivatives Strategy - Other tha,B
TLA,GraniteShares Autocallable TSLA ETF,ETF (Single Stock),JSCA,"Jane Street Capital, LLC",Designated Liquidity Provider,Derivatives Strategy - Developed,B
TLG,Touchstone Large Company Growth ETF,ETF,VIRT,Virtu Americas LLC,Designated Liquidity Provider,Equity - Developed Markets,A
TLT,iShares 20+ Year Treasury Bond ETF,ETF,VIRT,Virtu Americas LLC,Designated Liquidity Provider,Fixed Income - US Government,High Volume ETP
TMB,Thornburg Multi Sector Bond ETF,ETF,JSCA,"Jane Street Capital, LLC",Designated Liquidity Provider,Derivatives Strategy - Other tha,B
TMED,T. Rowe Price Health Care ETF,ETF,CTDL,Citadel Securities LLC,Designated Liquidity Provider,Derivatives Strategy - Other tha,B
TMNL,T. Rowe Price Long Municipal Income ETF,ETF,RBCD,"RBC Capital Markets, LLC",Designated Liquidity Provider,Derivatives Strategy - Other tha,B
TMNS,T. Rowe Price Short Municipal Income ETF,ETF,RBCD,"RBC Capital Markets, LLC",Designated Liquidity Provider,Derivatives Strategy - Other tha,B
TMSF,T. Rowe Price Multi-Sector Income ETF,ETF,RBCD,"RBC Capital Markets, LLC",Designated Liquidity Provider,Fixed Income - International,B
TMYY,GraniteShares YieldBOOST TSM ETF,ETF (Single Stock),JSCA,"Jane Street Capital, LLC",Designated Liquidity Provider,Derivatives Strategy - Developed,B
TNXT,T. Rowe Price Innovation Leaders ETF,ETF,CTDN,Citadel Securities LLC,Designated Liquidity Provider,Equity - Developed Markets,A
TPLS,Thornburg Core Plus Bond ETF,ETF,JSCA,"Jane Street Capital, LLC",Designated Liquidity Provider,Derivatives Strategy - Other tha,B
TQQQ,ProShares UltraPro QQQ,ETF,VIRT,Virtu Americas LLC,Designated Liquidity Provider,Derivatives Strategy - Developed,High Volume ETP
TQQY,GraniteShares YieldBOOST QQQ ETF,ETF,JSCA,"Jane Street Capital, LLC",Designated Liquidity Provider,Derivatives Strategy - Developed,B
TRBF,Angel Oak Total Return ETF,ETF,VIRT,Virtu Americas LLC,Designated Liquidity Provider,Derivatives Strategy - Other tha,B
TRUC,VanEck Communication Services TruSector ETF,ETF,OLDM,Old Mission Capital LLC,Designated Liquidity Provider,Derivatives Strategy - Developed,B
TRUD,VanEck Consumer Discretionary TruSector ETF,ETF,OLDM,Old Mission Capital LLC,Designated Liquidity Provider,Equity - Developed Markets,A
TRUD,VanEck Consumer Discretionary TruSector ETF,ETF,DVES,DV Equities,Market Quality Supporter,Equity - Developed Markets,A
TRUF,VanEck Financials TruSector ETF,ETF,OLDM,Old Mission Capital LLC,Designated Liquidity Provider,Derivatives Strategy - Developed,B
TRUH,VanEck Healthcare TruSector ETF,ETF,OLDM,Old Mission Capital LLC,Designated Liquidity Provider,Derivatives Strategy - Developed,B
TRUI,VanEck Industrials TruSector ETF,ETF,OLDM,Old Mission Capital LLC,Designated Liquidity Provider,Derivatives Strategy - Developed,B
TRUM,VanEck Materials TruSector ETF,ETF,OLDM,Old Mission Capital LLC,Designated Liquidity Provider,Derivatives Strategy - Developed,B
TRUN,VanEck Energy TruSector ETF,ETF,OLDM,Old Mission Capital LLC,Designated Liquidity Provider,Derivatives Strategy - Developed,B
TRUO,VanEck Consumer Staples TruSector ETF,ETF,OLDM,Old Mission Capital LLC,Designated Liquidity Provider,Derivatives Strategy - Developed,B
TRUR,VanEck Real Estate TruSector ETF,ETF,OLDM,Old Mission Capital LLC,Designated Liquidity Provider,Derivatives Strategy - Developed,B
TRUT,VanEck Technology TruSector ETF,ETF,OLDM,Old Mission Capital LLC,Designated Liquidity Provider,Equity - Developed Markets,A
TRUT,VanEck Technology TruSector ETF,ETF,DVES,DV Equities,Market Quality Supporter,Equity - Developed Markets,A
TRUU,VanEck Utilities TruSector ETF,ETF,OLDM,Old Mission Capital LLC,Designated Liquidity Provider,Derivatives Strategy - Developed,B
TSCM,TimesSquare Quality Mid Cap Growth ETF,ETF,VIRT,Virtu Americas LLC,Designated Liquidity Provider,Equity - Developed Markets,A
TSDD,GraniteShares 2x Short TSLA Daily ETF,ETF (Single Stock),IMCC,"IMC-Chicago, LLC",Designated Liquidity Provider,Derivatives Strategy - Developed,High Volume ETP
TSEL,Touchstone Sands Capital US Select Growth ETF,ETF,VIRT,Virtu Americas LLC,Designated Liquidity Provider,Equity - Developed Markets,A
TSL,GraniteShares 1.25x Long TSLA Daily ETF,ETF (Single Stock),VIRT,Virtu Americas LLC,Designated Liquidity Provider,Derivatives Strategy - Developed,B
TSL,GraniteShares 1.25x Long TSLA Daily ETF,ETF (Single Stock),IMCC,"IMC-Chicago, LLC",Market Quality Supporter,Derivatives Strategy - Developed,B
TSLG,Leverage Shares 2X Long TSLA Daily ETF,ETF (Single Stock),IMCC,"IMC-Chicago, LLC",Designated Liquidity Provider,Derivatives Strategy - Developed,High Volume ETP
TSLL,Direxion Daily TSLA Bull 2X ETF,ETF (Single Stock),SSUS,"Susquehanna Securities, LLC",Designated Liquidity Provider,Derivatives Strategy - Developed,High Volume ETP
TSLQ,Tradr 2X Short TSLA Daily ETF,ETF (Single Stock),OLDM,Old Mission Capital LLC,Designated Liquidity Provider,Derivatives Strategy - Developed,High Volume ETP
TSLR,GraniteShares 2x Long TSLA Daily ETF,ETF (Single Stock),IMCC,"IMC-Chicago, LLC",Designated Liquidity Provider,Derivatives Strategy - Developed,High Volume ETP
TSLS,Direxion Daily TSLA Bear 1X ETF,ETF (Single Stock),SSUS,"Susquehanna Securities, LLC",Designated Liquidity Provider,Derivatives Strategy - Developed,B
TSMG,Leverage Shares 2X Long TSM Daily ETF,ETF (Single Stock),IMCC,"IMC-Chicago, LLC",Designated Liquidity Provider,Derivatives Strategy - Developed,B
TSMU,GraniteShares 2x Long TSM Daily ETF,ETF (Single Stock),IMCC,"IMC-Chicago, LLC",Designated Liquidity Provider,Derivatives Strategy - Developed,B
TSMX,Direxion Daily TSM Bull 2X ETF,ETF (Single Stock),SSUS,"Susquehanna Securities, LLC",Designated Liquidity Provider,Derivatives Strategy - Developed,B
TSMX,Direxion Daily TSM Bull 2X ETF,ETF (Single Stock),DVES,DV Equities,Market Quality Supporter,Derivatives Strategy - Developed,B
TSMZ,Direxion Daily TSM Bear 1X ETF,ETF (Single Stock),SSUS,"Susquehanna Securities, LLC",Designated Liquidity Provider,Derivatives Strategy - Developed,B
TSMZ,Direxion Daily TSM Bear 1X ETF,ETF (Single Stock),DVES,DV Equities,Market Quality Supporter,Derivatives Strategy - Developed,B
TSPY,TappAlpha S&P 500 Growth & Daily Income ETF,ETF,GTSZ,"GTS Securities, LLC",Designated Liquidity Provider,Derivatives Strategy - Developed,B
TSUI,21Shares Sui ETF,SUBCODE: CB,FLTG,Flow Traders U.S. LLC,Designated Liquidity Provider,Currency - Cryptocurrency,A
TSYX,TSPY Lift ETF,ETF,GTSZ,"GTS Securities, LLC",Designated Liquidity Provider,Derivatives Strategy - Developed,B
TSYY,GraniteShares YieldBOOST TSLA ETF,ETF,JSCA,"Jane Street Capital, LLC",Designated Liquidity Provider,Derivatives Strategy - Developed,B
TTEQ,T. Rowe Price Technology ETF,ETF,CTDN,Citadel Securities LLC,Designated Liquidity Provider,Equity - Blended Development,C
TUG,STF Tactical Growth ETF,ETF,VIRT,Virtu Americas LLC,Designated Liquidity Provider,Multi Asset Strategy,B
TUGN,STF Tactical Growth & Income ETF,ETF,VIRT,Virtu Americas LLC,Designated Liquidity Provider,Derivatives Strategy - Other tha,B
TUR,iShares MSCI Turkey ETF,ETF,JSCA,"Jane Street Capital, LLC",Designated Liquidity Provider,Derivatives Strategy - Other tha,B
TUR,iShares MSCI Turkey ETF,ETF,CTDN,Citadel Securities LLC,Market Quality Supporter,Derivatives Strategy - Other tha,B
TURF,T. Rowe Price Natural Resources ETF,ETF,CTDN,Citadel Securities LLC,Designated Liquidity Provider,Derivatives Strategy - Other tha,B
TXUE,Thornburg International Equity ETF,ETF,VIRT,Virtu Americas LLC,Designated Liquidity Provider,Derivatives Strategy - Developed,B
TXUG,Thornburg International Growth Fund ETF,ETF,GTSZ,"GTS Securities, LLC",Designated Liquidity Provider,Derivatives Strategy - Developed,B
TXXD,21Shares 2x Long Dogecoin ETF,ETF,FLTG,Flow Traders U.S. LLC,Designated Liquidity Provider,Derivatives Strategy - Other tha,B
TXXH,21Shares 2x Long HYPE ETF,ETF,FLTG,Flow Traders U.S. LLC,Designated Liquidity Provider,Derivatives Strategy - Other tha,B
TXXS,21Shares 2x Long Sui ETF,ETF,FLTG,Flow Traders U.S. LLC,Designated Liquidity Provider,Derivatives Strategy - Other tha,B
UAE,iShares MSCI UAE ETF,ETF,CTDN,Citadel Securities LLC,Designated Liquidity Provider,Derivatives Strategy - Other tha,B
UAE,iShares MSCI UAE ETF,ETF,OLDM,Old Mission Capital LLC,Market Quality Supporter,Derivatives Strategy - Other tha,B
UBND,VictoryShares Core Plus Bond ETF,ETF,JSCA,"Jane Street Capital, LLC",Designated Liquidity Provider,Derivatives Strategy - Other tha,B
UBND,VictoryShares Core Plus Bond ETF,ETF,CTDL,Citadel Securities LLC,Market Quality Supporter,Derivatives Strategy - Other tha,B
UBRL,GraniteShares 2x Long UBER Daily ETF,ETF (Single Stock),IMCC,"IMC-Chicago, LLC",Designated Liquidity Provider,Derivatives Strategy - Developed,B
UCRD,VictoryShares Corporate Bond ETF,ETF,JSCA,"Jane Street Capital, LLC",Designated Liquidity Provider,Derivatives Strategy - Other tha,B
UCRD,VictoryShares Corporate Bond ETF,ETF,CTDL,Citadel Securities LLC,Market Quality Supporter,Derivatives Strategy - Other tha,B
UCYB,ProShares Ultra Nasdaq Cybersecurity,ETF,VIRT,Virtu Americas LLC,Designated Liquidity Provider,Derivatives Strategy - Other tha,B
UECG,Leverage Shares 2x Long UEC Daily ETF,ETF (Single Stock),OLDM,Old Mission Capital LLC,Designated Liquidity Provider,Derivatives Strategy - Developed,B
UEVM,VictoryShares Emerging Markets Value Momentum ETF,ETF,JSCA,"Jane Street Capital, LLC",Designated Liquidity Provider,Derivatives Strategy - Other tha,B
UEVM,VictoryShares Emerging Markets Value Momentum ETF,ETF,SSUS,"Susquehanna Securities, LLC",Market Quality Supporter,Derivatives Strategy - Other tha,B
UFIV,US Treasury 5 Year Note ETF,ETF,JSCA,"Jane Street Capital, LLC",Designated Liquidity Provider,Fixed Income - US Government,A
UFIV,US Treasury 5 Year Note ETF,ETF,OLDM,Old Mission Capital LLC,Market Quality Supporter,Fixed Income - US Government,A
UFO,Procure Space ETF,ETF,VIRT,Virtu Americas LLC,Designated Liquidity Provider,Equity - Developed Markets,High Volume ETP
UFOX,Defiance Space and Connective Tech ETF,ETF,XGWD,Latour Trading LLC,Designated Liquidity Provider,Equity - Blended Development,C
UITB,VictoryShares Core Intermediate Bond ETF,ETF,JSCA,"Jane Street Capital, LLC",Designated Liquidity Provider,Derivatives Strategy - Other tha,B
UITB,VictoryShares Core Intermediate Bond ETF,ETF,CTDL,Citadel Securities LLC,Market Quality Supporter,Derivatives Strategy - Other tha,B
UIVM,VictoryShares International Value Momentum ETF,ETF,JSCA,"Jane Street Capital, LLC",Designated Liquidity Provider,Derivatives Strategy - Developed,B
UIVM,VictoryShares International Value Momentum ETF,ETF,SSUS,"Susquehanna Securities, LLC",Market Quality Supporter,Derivatives Strategy - Developed,B
ULTI,REX IncomeMax Option Strategy ETF,ETF,OLDM,Old Mission Capital LLC,Designated Liquidity Provider,Derivatives Strategy - Developed,B
ULVM,VictoryShares US Value Momentum ETF,ETF,SSUS,"Susquehanna Securities, LLC",Designated Liquidity Provider,Derivatives Strategy - Developed,B
ULVM,VictoryShares US Value Momentum ETF,ETF,CTDL,Citadel Securities LLC,Market Quality Supporter,Derivatives Strategy - Developed,B
UMMA,Wahed Dow Jones Islamic World ETF,ETF,SSUS,"Susquehanna Securities, LLC",Designated Liquidity Provider,Equity - Blended Development,C
UNHG,Leverage Shares 2X Long UNH Daily ETF,ETF (Single Stock),IMCC,"IMC-Chicago, LLC",Designated Liquidity Provider,Derivatives Strategy - Developed,B
UNIY,WisdomTree Voya Yield Enhanced USD Universal Bond Fund,ETF,CTDL,Citadel Securities LLC,Designated Liquidity Provider,Fixed Income - North America or,A
UPGR,Xtrackers US Green Infrastructure Select Equity ETF,ETF,OLDM,Old Mission Capital LLC,Designated Liquidity Provider,Equity - Developed Markets,A
UPSG,Leverage Shares 2X Long UPS Daily ETF,ETF (Single Stock),GTSZ,"GTS Securities, LLC",Designated Liquidity Provider,Derivatives Strategy - Developed,B
URNJ,Sprott Junior Uranium Miners ETF,ETF,VIRT,Virtu Americas LLC,Designated Liquidity Provider,Derivatives Strategy - Other tha,B
USAF,Atlas America Fund,ETF,GTSZ,"GTS Securities, LLC",Designated Liquidity Provider,Derivatives Strategy - Other tha,B
USCL,iShares Climate Conscious & Transition MSCI USA ETF,ETF,SSUS,"Susquehanna Securities, LLC",Designated Liquidity Provider,Equity - Developed Markets,A
USCL,iShares Climate Conscious & Transition MSCI USA ETF,ETF,CTDL,Citadel Securities LLC,Market Quality Supporter,Equity - Developed Markets,A
USDX,SGI Enhanced Core ETF,ETF,GTSZ,"GTS Securities, LLC",Designated Liquidity Provider,Derivatives Strategy - Other tha,B
USFI,BrandywineGLOBAL - U.S. Fixed Income ETF,ETF,JSCA,"Jane Street Capital, LLC",Designated Liquidity Provider,Derivatives Strategy - Other tha,B
USGG,Leverage Shares 2X Long USAR Daily ETF,ETF (Single Stock),IMCC,"IMC-Chicago, LLC",Designated Liquidity Provider,Derivatives Strategy - Developed,B
USIG,iShares Broad USD Investment Grade Corporate Bond ETF,ETF,JSCA,"Jane Street Capital, LLC",Designated Liquidity Provider,Fixed Income - North America or,High Volume ETP
USIN,WisdomTree 7-10 Year Laddered Treasury Fund,ETF,CTDL,Citadel Securities LLC,Designated Liquidity Provider,Fixed Income - US Government,A
USMC,Principal U.S. Mega-Cap ETF,ETF,GTSZ,"GTS Securities, LLC",Designated Liquidity Provider,Equity - Developed Markets,A
USOI,"ETRACS Crude Oil Shares Covered Call ETNs due April 24, 2037",ETN,,,,ETN,C
USOY,Defiance Oil Enhanced Options Income ETF,ETF,OLDM,Old Mission Capital LLC,Designated Liquidity Provider,Commodities Strategy,C
USRD,Themes US R&D Champions ETF,ETF,VIRT,Virtu Americas LLC,Designated Liquidity Provider,Equity - Developed Markets,A
USSH,WisdomTree 1-3 Year Laddered Treasury Fund,ETF,CTDL,Citadel Securities LLC,Designated Liquidity Provider,Fixed Income - US Government,A
USTB,VictoryShares Short-Term Bond ETF,ETF,JSCA,"Jane Street Capital, LLC",Designated Liquidity Provider,Derivatives Strategy - Other tha,B
USTB,VictoryShares Short-Term Bond ETF,ETF,CTDL,Citadel Securities LLC,Market Quality Supporter,Derivatives Strategy - Other tha,B
USVM,VictoryShares US Small Mid Cap Value Momentum ETF,ETF,SSUS,"Susquehanna Securities, LLC",Designated Liquidity Provider,Derivatives Strategy - Developed,B
USVM,VictoryShares US Small Mid Cap Value Momentum ETF,ETF,CTDL,Citadel Securities LLC,Market Quality Supporter,Derivatives Strategy - Developed,B
USVN,US Treasury 7 Year Note ETF,ETF,JSCA,"Jane Street Capital, LLC",Designated Liquidity Provider,Fixed Income - US Government,A
USXF,iShares ESG Advanced MSCI USA ETF,ETF,FLTU,Flow Traders U.S. LLC,Designated Liquidity Provider,Equity - Developed Markets,A
USXF,iShares ESG Advanced MSCI USA ETF,ETF,OLDM,Old Mission Capital LLC,Market Quality Supporter,Equity - Developed Markets,A
UTEN,US Treasury 10 Year Note ETF,ETF,JSCA,"Jane Street Capital, LLC",Designated Liquidity Provider,Fixed Income - US Government,A
UTEN,US Treasury 10 Year Note ETF,ETF,OLDM,Old Mission Capital LLC,Market Quality Supporter,Fixed Income - US Government,A
UTHY,US Treasury 30 Year Bond ETF,ETF,JSCA,"Jane Street Capital, LLC",Designated Liquidity Provider,Fixed Income - US Government,A
UTRE,US Treasury 3 Year Note ETF,ETF,JSCA,"Jane Street Capital, LLC",Designated Liquidity Provider,Fixed Income - US Government,A
UTRE,US Treasury 3 Year Note ETF,ETF,OLDM,Old Mission Capital LLC,Market Quality Supporter,Fixed Income - US Government,A
UTWO,US Treasury 2 Year Note ETF,ETF,JSCA,"Jane Street Capital, LLC",Designated Liquidity Provider,Fixed Income - US Government,A
UTWO,US Treasury 2 Year Note ETF,ETF,OLDM,Old Mission Capital LLC,Market Quality Supporter,Fixed Income - US Government,A
UTWY,US Treasury 20 Year Bond ETF,ETF,JSCA,"Jane Street Capital, LLC",Designated Liquidity Provider,Fixed Income - US Government,A
UUUG,Leverage Shares 2X Long UUUU Daily ETF,ETF (Single Stock),IMCC,"IMC-Chicago, LLC",Designated Liquidity Provider,Derivatives Strategy - Developed,B
UYLD,Angel Oak UltraShort Income ETF,ETF,VIRT,Virtu Americas LLC,Designated Liquidity Provider,Fixed Income - North America or,A
VALG,Leverage Shares 2X Long VALE Daily ETF,ETF (Single Stock),GTSZ,"GTS Securities, LLC",Designated Liquidity Provider,Derivatives Strategy - Developed,B
VAVX,VanEck Avalanche ETF,SUBCODE: CB,FLTG,Flow Traders U.S. LLC,Designated Liquidity Provider,Currency - Cryptocurrency,A
VBCA,Vanguard Target Maturity 2027 Corporate Bond ETF,ETF,JSCA,"Jane Street Capital, LLC",Designated Liquidity Provider,Fixed Income - North America or,A
VBCB,Vanguard Target Maturity 2028 Corporate Bond ETF,ETF,JSCA,"Jane Street Capital, LLC",Designated Liquidity Provider,Fixed Income - North America or,A
VBCC,Vanguard Target Maturity 2029 Corporate Bond ETF,ETF,JSCA,"Jane Street Capital, LLC",Designated Liquidity Provider,Fixed Income - North America or,A
VBCD,Vanguard Target Maturity 2030 Corporate Bond ETF,ETF,JSCA,"Jane Street Capital, LLC",Designated Liquidity Provider,Fixed Income - North America or,A
VBCE,Vanguard Target Maturity 2031 Corporate Bond ETF,ETF,JSCA,"Jane Street Capital, LLC",Designated Liquidity Provider,Fixed Income - North America or,A
VBCF,Vanguard Target Maturity 2032 Corporate Bond ETF,ETF,JSCA,"Jane Street Capital, LLC",Designated Liquidity Provider,Fixed Income - North America or,A
VBCG,Vanguard Target Maturity 2033 Corporate Bond ETF,ETF,JSCA,"Jane Street Capital, LLC",Designated Liquidity Provider,Fixed Income - North America or,A
VBCH,Vanguard Target Maturity 2034 Corporate Bond ETF,ETF,JSCA,"Jane Street Capital, LLC",Designated Liquidity Provider,Fixed Income - North America or,A
VBCI,Vanguard Target Maturity 2035 Corporate Bond ETF,ETF,JSCA,"Jane Street Capital, LLC",Designated Liquidity Provider,Fixed Income - North America or,A
VBCJ,Vanguard Target Maturity 2036 Corporate Bond ETF,ETF,JSCA,"Jane Street Capital, LLC",Designated Liquidity Provider,Fixed Income - North America or,A
VBIL,Vanguard 0-3 Month Treasury Bill ETF,ETF,OLDM,Old Mission Capital LLC,Designated Liquidity Provider,Fixed Income - US Government,High Volume ETP
VBNB,VanEck BNB ETF,SUBCODE: CB,FLTG,Flow Traders U.S. LLC,Designated Liquidity Provider,Currency - Cryptocurrency,A
VCIT,Vanguard Intermediate-Term Corporate Bond ETF,ETF,SSUS,"Susquehanna Securities, LLC",Designated Liquidity Provider,Fixed Income - North America or,High Volume ETP
VCLT,Vanguard Long-Term Corporate Bond ETF,ETF,SSUS,"Susquehanna Securities, LLC",Designated Liquidity Provider,Fixed Income - North America or,High Volume ETP
VCRB,Vanguard Core Bond ETF,ETF,JSCA,"Jane Street Capital, LLC",Designated Liquidity Provider,Derivatives Strategy - Other tha,B
VCSH,Vanguard Short-Term Corporate Bond ETF,ETF,SSUS,"Susquehanna Securities, LLC",Designated Liquidity Provider,Fixed Income - North America or,High Volume ETP
VEFA,VanEck MSCI EAFE Analyst Sentiment ETF,ETF,SSUS,"Susquehanna Securities, LLC",Designated Liquidity Provider,Equity - Developed Markets,A
VFLO,VictoryShares Free Cash Flow ETF,ETF,SSUS,"Susquehanna Securities, LLC",Designated Liquidity Provider,Equity - Developed Markets,High Volume ETP
VFLO,VictoryShares Free Cash Flow ETF,ETF,CTDL,Citadel Securities LLC,Market Quality Supporter,Equity - Developed Markets,High Volume ETP
VGIT,Vanguard Intermediate-Term Treasury ETF,ETF,SSUS,"Susquehanna Securities, LLC",Designated Liquidity Provider,Fixed Income - US Government,High Volume ETP
VGLT,Vanguard Long-Term Treasury ETF,ETF,SSUS,"Susquehanna Securities, LLC",Designated Liquidity Provider,Fixed Income - US Government,High Volume ETP
VGSH,Vanguard Short-Term Treasury ETF,ETF,VIRT,Virtu Americas LLC,Designated Liquidity Provider,Fixed Income - US Government,High Volume ETP
VGSR,Vert Global Sustainable Real Estate ETF,ETF,GTSZ,"GTS Securities, LLC",Designated Liquidity Provider,Equity - Blended Development,C
VGUS,Vanguard Ultra-Short Treasury ETF,ETF,OLDM,Old Mission Capital LLC,Designated Liquidity Provider,Fixed Income - US Government,A
VIGI,Vanguard International Dividend Appreciation ETF,ETF,JSCA,"Jane Street Capital, LLC",Designated Liquidity Provider,Equity - Developed Markets,A
VIGI,Vanguard International Dividend Appreciation ETF,ETF,FLTG,Flow Traders U.S. LLC,Market Quality Supporter,Equity - Developed Markets,A
VIGI,Vanguard International Dividend Appreciation ETF,ETF,DVES,DV Equities,Market Quality Supporter,Equity - Developed Markets,A
VMBS,Vanguard Mortgage-Backed Securities ETF,ETF,SSUS,"Susquehanna Securities, LLC",Designated Liquidity Provider,Fixed Income - Loans and Convert,High Volume ETP
VNQI,Vanguard Global ex-U.S. Real Estate ETF,ETF,SSUS,"Susquehanna Securities, LLC",Designated Liquidity Provider,Equity - Blended Development,C
VOLT,Tema Electrification ETF,ETF,MIRA,MIRAE ASSET SECURITIES (USA) INC.,Designated Liquidity Provider,Multi Asset Strategy,B
VONE,Vanguard Russell 1000 ETF,ETF,VIRT,Virtu Americas LLC,Designated Liquidity Provider,Equity - Developed Markets,A
VONE,Vanguard Russell 1000 ETF,ETF,XGWD,Latour Trading LLC,Market Quality Supporter,Equity - Developed Markets,A
VONE,Vanguard Russell 1000 ETF,ETF,DVES,DV Equities,Market Quality Supporter,Equity - Developed Markets,A
VONG,Vanguard Russell 1000 Growth ETF,ETF,VIRT,Virtu Americas LLC,Designated Liquidity Provider,Equity - Developed Markets,High Volume ETP
VONV,Vanguard Russell 1000 Value ETF,ETF,VIRT,Virtu Americas LLC,Designated Liquidity Provider,Equity - Developed Markets,High Volume ETP
VOTE,TCW Transform 500 ETF,ETF,SSUS,"Susquehanna Securities, LLC",Designated Liquidity Provider,Equity - Developed Markets,A
VPLS,Vanguard Core Plus Bond ETF,ETF,JSCA,"Jane Street Capital, LLC",Designated Liquidity Provider,Fixed Income - International,B
VRIG,Invesco Variable Rate Investment Grade ETF,ETF,RBCD,"RBC Capital Markets, LLC",Designated Liquidity Provider,Fixed Income - Loans and Convert,B
VRIG,Invesco Variable Rate Investment Grade ETF,ETF,OLDM,Old Mission Capital LLC,Market Quality Supporter,Fixed Income - Loans and Convert,B
VRTL,GraniteShares 2x Long VRT Daily ETF,ETF (Single Stock),IMCC,"IMC-Chicago, LLC",Designated Liquidity Provider,Derivatives Strategy - Developed,B
VSDA,VictoryShares Dividend Accelerator ETF,ETF,VIRT,Virtu Americas LLC,Designated Liquidity Provider,Equity - Developed Markets,A
VSDA,VictoryShares Dividend Accelerator ETF,ETF,OLDM,Old Mission Capital LLC,Market Quality Supporter,Equity - Developed Markets,A
VSDA,VictoryShares Dividend Accelerator ETF,ETF,CTDL,Citadel Securities LLC,Market Quality Supporter,Equity - Developed Markets,A
VSMV,VictoryShares US Multi-Factor Minimum Volatility ETF,ETF,SSUS,"Susquehanna Securities, LLC",Designated Liquidity Provider,Equity - Developed Markets,A
VSMV,VictoryShares US Multi-Factor Minimum Volatility ETF,ETF,CTDL,Citadel Securities LLC,Market Quality Supporter,Equity - Developed Markets,A
VSOL,VanEck Solana ETF,SUBCODE: CB,FLTG,Flow Traders U.S. LLC,Designated Liquidity Provider,Currency - Cryptocurrency,A
VSTL,Defiance Daily Target 2X Long VST ETF,ETF (Single Stock),CTDL,Citadel Securities LLC,Designated Liquidity Provider,Derivatives Strategy - Developed,B
VTC,Vanguard Total Corporate Bond ETF,ETF,SSUS,"Susquehanna Securities, LLC",Designated Liquidity Provider,Fixed Income - North America or,A
VTC,Vanguard Total Corporate Bond ETF,ETF,OLDM,Old Mission Capital LLC,Market Quality Supporter,Fixed Income - North America or,A
VTHR,Vanguard Russell 3000 ETF,ETF,VIRT,Virtu Americas LLC,Designated Liquidity Provider,Equity - Developed Markets,A
VTHR,Vanguard Russell 3000 ETF,ETF,XGWD,Latour Trading LLC,Market Quality Supporter,Equity - Developed Markets,A
VTHR,Vanguard Russell 3000 ETF,ETF,DVES,DV Equities,Market Quality Supporter,Equity - Developed Markets,A
VTIP,Vanguard Short-Term Inflation-Protected Securities Index Fund ETF Shares,ETF,VIRT,Virtu Americas LLC,Designated Liquidity Provider,Fixed Income - US Government,High Volume ETP
VTWG,Vanguard Russell 2000 Growth ETF,ETF,VIRT,Virtu Americas LLC,Designated Liquidity Provider,Equity - Developed Micro to Smal,B
VTWG,Vanguard Russell 2000 Growth ETF,ETF,XGWD,Latour Trading LLC,Market Quality Supporter,Equity - Developed Micro to Smal,B
VTWG,Vanguard Russell 2000 Growth ETF,ETF,DVES,DV Equities,Market Quality Supporter,Equity - Developed Micro to Smal,B
VTWO,Vanguard Russell 2000 ETF,ETF,VIRT,Virtu Americas LLC,Designated Liquidity Provider,Equity - Developed Micro to Smal,High Volume ETP
VTWV,Vanguard Russell 2000 Value ETF,ETF,VIRT,Virtu Americas LLC,Designated Liquidity Provider,Equity - Developed Micro to Smal,B
VWOB,Vanguard Emerging Markets Government Bond ETF,ETF,JSCA,"Jane Street Capital, LLC",Designated Liquidity Provider,Fixed Income - Government Emergi,A
VXUS,Vanguard Total International Stock ETF,ETF,FLTG,Flow Traders U.S. LLC,Designated Liquidity Provider,Equity - Blended Development,High Volume ETP
VYMI,Vanguard International High Dividend Yield ETF,ETF,JSCA,"Jane Street Capital, LLC",Designated Liquidity Provider,Equity - Developed Markets,High Volume ETP
VYMI,Vanguard International High Dividend Yield ETF,ETF,FLTG,Flow Traders U.S. LLC,Market Quality Supporter,Equity - Developed Markets,High Volume ETP
WABF,Western Asset Bond ETF,ETF,CTDL,Citadel Securities LLC,Designated Liquidity Provider,Fixed Income - International,B
WAMA,WisdomTree US Adaptive Moving Average Fund,ETF,CTDL,Citadel Securities LLC,Designated Liquidity Provider,Derivatives Strategy - Other tha,B
WARP,VanEck Space ETF,ETF,CTDN,Citadel Securities LLC,Designated Liquidity Provider,Equity - Blended Development,C
WCBR,WisdomTree Cybersecurity Fund,ETF,FLTG,Flow Traders U.S. LLC,Designated Liquidity Provider,Equity - Blended Development,C
WCLD,WisdomTree Cloud Computing Fund,ETF,JSCA,"Jane Street Capital, LLC",Designated Liquidity Provider,Equity - Developed Markets,High Volume ETP
WCLD,WisdomTree Cloud Computing Fund,ETF,PUND,Pundion LLC,Market Quality Supporter,Equity - Developed Markets,High Volume ETP
WCLD,WisdomTree Cloud Computing Fund,ETF,XGWD,Latour Trading LLC,Market Quality Supporter,Equity - Developed Markets,High Volume ETP
WDAF,WisdomTree Asia Defense Fund,ETF,CTDN,Citadel Securities LLC,Designated Liquidity Provider,Equity - Blended Development,C
WDGF,WisdomTree Global Defense Fund,ETF,CTDN,Citadel Securities LLC,Designated Liquidity Provider,Equity - Blended Development,C
WEEI,Westwood Salient Enhanced Energy Income ETF,ETF,SSUS,"Susquehanna Securities, LLC",Designated Liquidity Provider,Derivatives Strategy - Developed,B
WGMI,CoinShares Bitcoin Mining ETF,ETF,JSCA,"Jane Street Capital, LLC",Designated Liquidity Provider,Equity - Blended Development,C
WIMA,WisdomTree International Adaptive Moving Average Fund,ETF,CTDN,Citadel Securities LLC,Designated Liquidity Provider,Derivatives Strategy - Other tha,B
WISE,Themes Generative Artificial Intelligence ETF,ETF,OLDM,Old Mission Capital LLC,Designated Liquidity Provider,Equity - Developed Markets,A
WOOD,iShares Global Timber & Forestry ETF,ETF,SSUS,"Susquehanna Securities, LLC",Designated Liquidity Provider,Equity - Blended Development,C
WOOD,iShares Global Timber & Forestry ETF,ETF,OLDM,Old Mission Capital LLC,Market Quality Supporter,Equity - Blended Development,C
WRND,NYLI Global Equity R&D Leaders ETF,ETF,GTSZ,"GTS Securities, LLC",Designated Liquidity Provider,Equity - Blended Development,C
WRTH,Worth Charting Options Income ETF,ETF,JSCA,"Jane Street Capital, LLC",Designated Liquidity Provider,Derivatives Strategy - Other tha,B
WSGE,Warren Street Global Equity ETF,ETF,GTSZ,"GTS Securities, LLC",Designated Liquidity Provider,Equity - Blended Development,C
WSML,iShares MSCI World Small-Cap ETF,ETF,JSCA,"Jane Street Capital, LLC",Designated Liquidity Provider,Derivatives Strategy - Developed,B
WSML,iShares MSCI World Small-Cap ETF,ETF,FLTG,Flow Traders U.S. LLC,Market Quality Supporter,Derivatives Strategy - Developed,B
WSPC,WisdomTree Space Economy Fund,ETF,GTSZ,"GTS Securities, LLC",Designated Liquidity Provider,,
WTBN,WisdomTree Bianco Total Return Fund,ETF,JSCA,"Jane Street Capital, LLC",Designated Liquidity Provider,Fixed Income - International,B
WTIP,WisdomTree Inflation Plus Fund,ETF,JSCA,"Jane Street Capital, LLC",Designated Liquidity Provider,Derivatives Strategy - Other tha,B
WTMU,WisdomTree Core Laddered Municipal Fund,ETF,FLTU,Flow Traders U.S. LLC,Designated Liquidity Provider,Fixed Income - North America or,A
WTMY,WisdomTree High Income Laddered Municipal Fund,ETF,FLTU,Flow Traders U.S. LLC,Designated Liquidity Provider,Fixed Income - North America or,A
XAIX,Xtrackers Artificial Intelligence and Big Data ETF,ETF,CTDN,Citadel Securities LLC,Designated Liquidity Provider,Equity - Blended Development,C
XBCI,NEOS Boosted Bitcoin High Income ETF,ETF,JSCA,"Jane Street Capital, LLC",Designated Liquidity Provider,Derivatives Strategy - Other tha,B
XBIL,US Treasury 6 Month Bill ETF,ETF,JSCA,"Jane Street Capital, LLC",Designated Liquidity Provider,Fixed Income - US Government,A
XBIL,US Treasury 6 Month Bill ETF,ETF,OLDM,Old Mission Capital LLC,Market Quality Supporter,Fixed Income - US Government,A
XBTY,GraniteShares YieldBOOST Bitcoin ETF,ETF,JSCA,"Jane Street Capital, LLC",Designated Liquidity Provider,Derivatives Strategy - Developed,B
XCNY,State Street SPDR S&P Emerging Markets ex-China ETF,ETF,SSUS,"Susquehanna Securities, LLC",Designated Liquidity Provider,Derivatives Strategy - Other tha,B
XDEF,Xtrackers Europe Defense Technologies ETF,ETF,OLDM,Old Mission Capital LLC,Designated Liquidity Provider,Equity - Developed Markets,A
XEY,GraniteShares YieldBOOST Ether ETF,ETF,JSCA,"Jane Street Capital, LLC",Designated Liquidity Provider,Derivatives Strategy - Developed,B
XMAG,Defiance Large Cap ex-Mag 7 ETF,ETF,OLDM,Old Mission Capital LLC,Designated Liquidity Provider,Equity - Developed Markets,A
XOMX,Direxion Daily XOM Bull 2X ETF,ETF (Single Stock),GTSZ,"GTS Securities, LLC",Designated Liquidity Provider,Derivatives Strategy - Developed,B
XOMX,Direxion Daily XOM Bull 2X ETF,ETF (Single Stock),DVES,DV Equities,Market Quality Supporter,Derivatives Strategy - Developed,B
XOVR,ERShares Private-Public Crossover ETF,ETF,SSUS,"Susquehanna Securities, LLC",Designated Liquidity Provider,Equity - Blended Development,High Volume ETP
XPEG,Leverage Shares 2X Long XPEV Daily ETF,ETF (Single Stock),OLDM,Old Mission Capital LLC,Designated Liquidity Provider,Derivatives Strategy - Developed,B
XQQI,NEOS Boosted Nasdaq-100 High Income ETF,ETF,JSCA,"Jane Street Capital, LLC",Designated Liquidity Provider,Derivatives Strategy - Developed,B
XRPC,Canary XRP ETF,SUBCODE: CB,VIRT,Virtu Americas LLC,Designated Liquidity Provider,Currency - Cryptocurrency,A
XRPI,Volatility Shares Trust XRP ETF,ETF,JSCA,"Jane Street Capital, LLC",Designated Liquidity Provider,Derivatives Strategy - Other tha,B
XRPT,Volatility Shares Trust XRP 2X ETF,ETF,JSCA,"Jane Street Capital, LLC",Designated Liquidity Provider,Derivatives Strategy - Other tha,B
XSPC,VegaShares SpaceX & Beyond Earth ETF,ETF,JSCA,"Jane Street Capital, LLC",Designated Liquidity Provider,Equity - Blended Development,C
XSPI,NEOS Boosted S&P 500 High Income ETF,ETF,JSCA,"Jane Street Capital, LLC",Designated Liquidity Provider,Derivatives Strategy - Developed,B
XT,iShares Future Exponential Technologies ETF,ETF,JSCA,"Jane Street Capital, LLC",Designated Liquidity Provider,Derivatives Strategy - Other tha,B
XXX,CYBER HORNET S&P 500 and XRP 75/25 Strategy ETF,ETF,WTLP,"Wolverine Trading, LLC",Designated Liquidity Provider,Derivatives Strategy - Other tha,B
XYZG,Leverage Shares 2X Long XYZ Daily ETF,ETF (Single Stock),IMCC,"IMC-Chicago, LLC",Designated Liquidity Provider,Derivatives Strategy - Developed,B
YBMN,Defiance BMNR Option Income ETF,ETF (Single Stock),OLDM,Old Mission Capital LLC,Designated Liquidity Provider,Derivatives Strategy - Developed,B
YBST,GraniteShares YieldBoost Single Stock Universe ETF,ETF,JSCA,"Jane Street Capital, LLC",Designated Liquidity Provider,Derivatives Strategy - Developed,B
YBTY,GraniteShares YieldBoost TopYielders ETF,ETF,JSCA,"Jane Street Capital, LLC",Designated Liquidity Provider,Derivatives Strategy - Developed,B
YLDE,Franklin ClearBridge Enhanced Income ETF,ETF,SSUS,"Susquehanna Securities, LLC",Designated Liquidity Provider,Derivatives Strategy - Developed,B
YNOT,Horizon Digital Frontier ETF,ETF,VIRT,Virtu Americas LLC,Designated Liquidity Provider,Equity - Blended Development,C
YOKE,YOKE Core ETF,ETF,RBCD,"RBC Capital Markets, LLC",Designated Liquidity Provider,Equity - Blended Development,C
YQQQ,YieldMax Short N100 Option Income Strategy ETF,ETF,OLDM,Old Mission Capital LLC,Designated Liquidity Provider,Derivatives Strategy - Developed,B
YSPY,GraniteShares YieldBOOST SPY ETF,ETF,JSCA,"Jane Street Capital, LLC",Designated Liquidity Provider,Derivatives Strategy - Developed,B
ZAP,Global X U.S. Electrification ETF,ETF,SSUS,"Susquehanna Securities, LLC",Designated Liquidity Provider,Equity - Developed Markets,A
ZHOG,F/m Opportunistic Income ETF,ETF,JSCA,"Jane Street Capital, LLC",Designated Liquidity Provider,Fixed Income - North America or,A
ZMUN,F/m Ultrashort Tax-Free Municipal ETF,ETF,JSCA,"Jane Street Capital, LLC",Designated Liquidity Provider,Derivatives Strategy - Other tha,B
ZTEN,F/m 10-Year Investment Grade Corporate Bond ETF,ETF,JSCA,"Jane Street Capital, LLC",Designated Liquidity Provider,Fixed Income - International,B
ZTOP,F/m High Yield 100 ETF,ETF,JSCA,"Jane Street Capital, LLC",Designated Liquidity Provider,Fixed Income - North America or,A
ZTRE,F/m 3-Year Investment Grade Corporate Bond ETF,ETF,JSCA,"Jane Street Capital, LLC",Designated Liquidity Provider,Fixed Income - International,B
ZTWO,F/m 2-Year Investment Grade Corporate Bond ETF,ETF,JSCA,"Jane Street Capital, LLC",Designated Liquidity Provider,Fixed Income - International,B
