Listing Exchange,Ticker,Instrument Name,Exchange Ticker,Quote URL
ARCX,AAA,INVESTMENT MANAGERS SERIES TR II ALTERNATIVE ACCESS FIRST PRIORITY CLO BD,AAA,https://www.nyse.com/quote/ARCX:AAA
BATS,AAAA,AMPLIUS AGGRESSIVE ASSET ALLOCATION ETF,AAAA,https://www.nyse.com/quote/BATS:AAAA
ARCX,AAAC,COLUMBIA AAA CLO ETF,AAAC,https://www.nyse.com/quote/ARCX:AAAC
ARCX,AAAD,PGIM AAA CLO AGGREGATE DURATION ETF,AAAD,https://www.nyse.com/quote/ARCX:AAAD
XNMS,AAAP,PACER BARINGS CLO MARKET FLEX ETF,AAAP,https://www.nyse.com/quote/XNMS:AAAP
BATS,AAAU,GOLDMAN SACHS PHYSICAL GOLD ETF UNIT,AAAU,https://www.nyse.com/quote/BATS:AAAU
XNMS,AADR,ADVISORSHARES TRUST ADVISORSHARES DORSEY WRIGHT ADR ETF,AADR,https://www.nyse.com/quote/XNMS:AADR
XNMS,AAEQ,EA SERIES TRUST ALPHA ARCHITECT US EQUITY 2 ETF,AAEQ,https://www.nyse.com/quote/XNMS:AAEQ
XNMS,AALG,LEVERAGE SHARES 2X LONG AAL DAILY ETF,AALG,https://www.nyse.com/quote/XNMS:AALG
BATS,AAOG,LEVERAGE SHARES 2X LONG AAOI DAILY ETF,AAOG,https://www.nyse.com/quote/BATS:AAOG
BATS,AAOX,TRADR 2X LONG AAOI DAILY ETF,AAOX,https://www.nyse.com/quote/BATS:AAOX
XNMS,AAPB,GRANITESHARES ETF TRUST 2X LONG AAPL DAILY ETF,AAPB,https://www.nyse.com/quote/XNMS:AAPB
XNMS,AAPD,DIREXION DAILY AAPL BEAR 1X ETF,AAPD,https://www.nyse.com/quote/XNMS:AAPD
BATS,AAPE,LEVERAGE SHARES 2X LONG AAPL DAILY ETF,AAPE,https://www.nyse.com/quote/BATS:AAPE
BATS,AAPR,INNOVATOR EQUITY DEFINED PROTECTION ETF - 2 YR TO APRIL 2028,AAPR,https://www.nyse.com/quote/BATS:AAPR
XNMS,AAPU,DIREXION DAILY AAPL BULL 2X ETF,AAPU,https://www.nyse.com/quote/XNMS:AAPU
BATS,AAPW,ROUNDHILL AAPL WEEKLYPAY ETF,AAPW,https://www.nyse.com/quote/BATS:AAPW
BATS,AAPX,ETF OPPORTUNITIES TR T REX 2X LONG APPLE DAILY TARGET ETF,AAPX,https://www.nyse.com/quote/BATS:AAPX
BATS,AAPY,KURV YIELD PREMIUM STRATEGY APPLE (AAPL) ETF,AAPY,https://www.nyse.com/quote/BATS:AAPY
BATS,AAUA,ALPHA ARCHITECT US EQUITY 3 ETF,AAUA,https://www.nyse.com/quote/BATS:AAUA
XNMS,AAUS,ALPHA ARCHITECT US EQUITY ETF,AAUS,https://www.nyse.com/quote/XNMS:AAUS
XNMS,AAVM,EA SERIES TRUST ALPHA ARCHITECT GLOBAL FACTOR EQUITY ETF,AAVM,https://www.nyse.com/quote/XNMS:AAVM
XNMS,AAXJ,ISHARES TRUST MSCI ALL COUNTRY ASIA EX JAPAN ETF,AAXJ,https://www.nyse.com/quote/XNMS:AAXJ
XNMS,ABCS,EA SERIES TRUST ALPHA BLUE CAP US SM-MID CAP DYNAMIC ETF,ABCS,https://www.nyse.com/quote/XNMS:ABCS
ARCX,ABEQ,UNIFIED SERIES TRUST ABSOLUTE SELECT VALUE ETF,ABEQ,https://www.nyse.com/quote/ARCX:ABEQ
BATS,ABFL,ABACUS FCF LEADERS ETF,ABFL,https://www.nyse.com/quote/BATS:ABFL
XNMS,ABI,VICTORYSHARES PIONEER ASSET-BASED INCOME ETF,ABI,https://www.nyse.com/quote/XNMS:ABI
XNMS,ABIG,ARGENT LARGE CAP ETF,ABIG,https://www.nyse.com/quote/XNMS:ABIG
BATS,ABLD,ABACUS FCF REAL ASSETS LEADERS ETF,ABLD,https://www.nyse.com/quote/BATS:ABLD
BATS,ABLG,ABACUS FCF INTERNATIONAL LEADERS ETF,ABLG,https://www.nyse.com/quote/BATS:ABLG
BATS,ABLS,ABACUS FCF SMALL CAP LEADERS ETF,ABLS,https://www.nyse.com/quote/BATS:ABLS
XNMS,ABNG,LEVERAGE SHARES 2X LONG ABNB DAILY ETF,ABNG,https://www.nyse.com/quote/XNMS:ABNG
BATS,ABOT,ABACUS FCF INNOVATION LEADERS ETF,ABOT,https://www.nyse.com/quote/BATS:ABOT
BATS,ABUF,APTUS LADDERED BUFFER ETF,ABUF,https://www.nyse.com/quote/BATS:ABUF
BATS,ABXB,ABACUS FLEXIBLE BOND LEADERS ETF,ABXB,https://www.nyse.com/quote/BATS:ABXB
ARCX,ACEI,INNOVATOR EQUITY AUTOCALLABLE INCOME STRATEGY ETF,ACEI,https://www.nyse.com/quote/ARCX:ACEI
XNMS,ACEP,ARS CORE EQUITY PORTFOLIO ETF,ACEP,https://www.nyse.com/quote/XNMS:ACEP
ARCX,ACES,ALPS ETF TRUST CLEAN ENERGY ETF,ACES,https://www.nyse.com/quote/ARCX:ACES
BATS,ACGO,HARTFORD ALPHA CAPTURE GROWTH ETF,ACGO,https://www.nyse.com/quote/BATS:ACGO
ARCX,ACGR,AMERICAN CENTURY LARGE CAP GROWTH ETF,ACGR,https://www.nyse.com/quote/ARCX:ACGR
BATS,ACHX,CORGI ACHR 2X DAILY ETF,ACHX,https://www.nyse.com/quote/BATS:ACHX
ARCX,ACII,INNOVATOR INDEX AUTOCALLABLE INCOME STRATEGY ETF,ACII,https://www.nyse.com/quote/ARCX:ACII
BATS,ACIO,ETF SERIES SOLUTIONS APTUS COLLARED INVESTMENT OPPORTUNITY,ACIO,https://www.nyse.com/quote/BATS:ACIO
ARCX,ACKY,VISTASHARES TARGET 15 ACKTIVIST DISTRIBUTION ETF,ACKY,https://www.nyse.com/quote/ARCX:ACKY
ARCX,ACLC,AMERICAN CENTURY LARGE CAP EQUITY ETF,ACLC,https://www.nyse.com/quote/ARCX:ACLC
XNYS,ACLO,TCW AAA CLO ETF,ACLO,https://www.nyse.com/quote/XNYS:ACLO
BATS,ACLZ,CORGI ACLS 2X DAILY ETF,ACLZ,https://www.nyse.com/quote/BATS:ACLZ
BATS,ACMM,CORGI ACMR 2X DAILY ETF,ACMM,https://www.nyse.com/quote/BATS:ACMM
ARCX,ACOM,HARBOR ACTIVE COMMODITY ETF,ACOM,https://www.nyse.com/quote/ARCX:ACOM
BATS,ACSG,AMERICAN CENTURY SMALL CAP GROWTH INSIGHTS ETF,ACSG,https://www.nyse.com/quote/BATS:ACSG
BATS,ACSI,TIDAL TRUST I AMERN CUSTOMER SATISFACTION ETF USD,ACSI,https://www.nyse.com/quote/BATS:ACSI
BATS,ACSV,AMERICAN CENTURY SMALL CAP VALUE INSIGHTS ETF,ACSV,https://www.nyse.com/quote/BATS:ACSV
ARCX,ACTS,FIS TACTICAL EQUITY ETF,ACTS,https://www.nyse.com/quote/ARCX:ACTS
ARCX,ACVF,ETF OPPORTUNITIES TR AMERN CONSERVATIVE VALUES ETF,ACVF,https://www.nyse.com/quote/ARCX:ACVF
ARCX,ACVT,ADVENT CONVERTIBLE BOND ETF,ACVT,https://www.nyse.com/quote/ARCX:ACVT
BATS,ACVU,HARTFORD ALPHA CAPTURE VALUE ETF,ACVU,https://www.nyse.com/quote/BATS:ACVU
XNMS,ACWI,ISHARES TRUST MSCI ACWI ETF,ACWI,https://www.nyse.com/quote/XNMS:ACWI
BATS,ACWV,ISHARES INC MSCI GLOBAL MIN VOL FACTOR ETF,ACWV,https://www.nyse.com/quote/BATS:ACWV
XNMS,ACWX,ISHARES TRUST MSCI ACWI EX US ETF,ACWX,https://www.nyse.com/quote/XNMS:ACWX
ARCX,ACYN,FT VEST LADDERED AUTOCALLABLE BARRIER & INCOME ETF,ACYN,https://www.nyse.com/quote/ARCX:ACYN
ARCX,ACYQ,FT VEST AUTOCALLABLE BARRIER & HIGH INCOME ETF,ACYQ,https://www.nyse.com/quote/ARCX:ACYQ
ARCX,ACYS,FT VEST LADDERED AUTOCALLABLE BARRIER & RESILIENT INCOME ETF,ACYS,https://www.nyse.com/quote/ARCX:ACYS
XNMS,ADBG,LEVERAGE SHARES 2X LONG ADBE DAILY ETF,ADBG,https://www.nyse.com/quote/XNMS:ADBG
ARCX,ADBU,DIREXION DAILY ADBE BULL 2X ETF,ADBU,https://www.nyse.com/quote/ARCX:ADBU
ARCX,ADDS,HEDGEYE INDEX ADDS ETF,ADDS,https://www.nyse.com/quote/ARCX:ADDS
BATS,ADFI,TWO RDS SHARED TRUST ANFIELD TACTICAL FIXED INCOME ETF,ADFI,https://www.nyse.com/quote/BATS:ADFI
BATS,ADIU,LEVERAGE SHARES 2X LONG ADI DAILY ETF,ADIU,https://www.nyse.com/quote/BATS:ADIU
ARCX,ADIV,GUINNESS ATKINSON ASIA PACIFIC DIVIDEND BUILDER ETF,ADIV,https://www.nyse.com/quote/ARCX:ADIV
BATS,ADME,ETF SERIES SOLUTIONS APTUS DRAWDOWN MANAGED EQUITY ETF,ADME,https://www.nyse.com/quote/BATS:ADME
ARCX,ADPV,SERIES PORTFOLIOS TRUST ADAPTIV SELECT ETF,ADPV,https://www.nyse.com/quote/ARCX:ADPV
ARCX,ADVE,MATTHEWS INTERNATIONAL FUNDS ASIA DIVIDEND ACTIVE ETF,ADVE,https://www.nyse.com/quote/ARCX:ADVE
BATS,AEHG,LEVERAGE SHARES 2X LONG AEHR DAILY ETF,AEHG,https://www.nyse.com/quote/BATS:AEHG
BATS,AEMS,ANFIELD ENHANCED MARKET ETF,AEMS,https://www.nyse.com/quote/BATS:AEMS
BATS,AESR,HORIZON FDS ANFIELD U S EQUITY SECTOR ROTATION ETF,AESR,https://www.nyse.com/quote/BATS:AESR
ARCX,AETH,BITWISE TRENDWISE ETHER AND TREASURIES ROTATION STRATEGY ETF,AETH,https://www.nyse.com/quote/ARCX:AETH
ARCX,AFGR,FIRST TRUST ACTIVE FACTOR LARGE CAP GROWTH ETF,AFGR,https://www.nyse.com/quote/ARCX:AFGR
BATS,AFIF,HORIZON FDS ANFIELD UNVL FIXED INCOME ETF,AFIF,https://www.nyse.com/quote/BATS:AFIF
ARCX,AFIX,ALLSPRING BROAD MARKET CORE BOND ETF,AFIX,https://www.nyse.com/quote/ARCX:AFIX
ARCX,AFK,VANECK ETF TR VANECK AFRICA INDEX ETF,AFK,https://www.nyse.com/quote/ARCX:AFK
ARCX,AFLG,FIRST TR EXCHANGE TRADED FD VIII FIRST TRUST ACTIVE FACTOR LARGE CAP ETF,AFLG,https://www.nyse.com/quote/ARCX:AFLG
ARCX,AFMC,FIRST TR EXCHANGE TRADED FD VIII FIRST TRUST ACTIVE FACTOR MID CAP ETF,AFMC,https://www.nyse.com/quote/ARCX:AFMC
XNMS,AFOS,ARS FOCUSED OPPORTUNITY STRATEGY ETF,AFOS,https://www.nyse.com/quote/XNMS:AFOS
BATS,AFRU,T-REX 2X LONG AFRM DAILY TARGET ETF,AFRU,https://www.nyse.com/quote/BATS:AFRU
XNMS,AFSC,ABRDN FOCUSED U.S. SMALL CAP ACTIVE ETF,AFSC,https://www.nyse.com/quote/XNMS:AFSC
ARCX,AFSM,FIRST TR EXCHANGE TRADED FD VIII FIRST TRUST ACTIVE FACTOR SMALL CAP ETF,AFSM,https://www.nyse.com/quote/ARCX:AFSM
XNMS,AGEM,ABRDN EMERGING MARKETS DIVIDEND ACTIVE ETF,AGEM,https://www.nyse.com/quote/XNMS:AGEM
ARCX,AGG,ISHARES TRUST CORE US AGGREGATE BD ETF,AGG,https://www.nyse.com/quote/ARCX:AGG
XNMS,AGGA,EA ASTORIA BEACON DYNAMIC CORE US FIXED INCOME ETF,AGGA,https://www.nyse.com/quote/XNMS:AGGA
ARCX,AGGH,SIMPLIFY EXCHANGE TRADED FUNDS AGGREGATE BOND ETF,AGGH,https://www.nyse.com/quote/ARCX:AGGH
ARCX,AGGS,HARBOR DISCIPLINED BOND ETF,AGGS,https://www.nyse.com/quote/ARCX:AGGS
ARCX,AGGY,WISDOMTREE TRUST YIELD ENHANCED US AGGREGATE BOND FUND,AGGY,https://www.nyse.com/quote/ARCX:AGGY
ARCX,AGIQ,SOFI AGENTIC AI ETF,AGIQ,https://www.nyse.com/quote/ARCX:AGIQ
XNMS,AGIX,KRANESHARES PUBLIC-PRIVATE AI & TECHNOLOGY ETF,AGIX,https://www.nyse.com/quote/XNMS:AGIX
XNMS,AGMI,THEMES ETF TRUST SILVER MINERS ETF,AGMI,https://www.nyse.com/quote/XNMS:AGMI
XNMS,AGNG,GLOBAL X FDS AGING POPULATION ETF,AGNG,https://www.nyse.com/quote/XNMS:AGNG
ARCX,AGOX,STARBOARD INVESTMENT TRUST ADAPTIVE ALPHA OPPORTUNITIES ETF,AGOX,https://www.nyse.com/quote/ARCX:AGOX
ARCX,AGQ,PROSHARES TRUST II PROSHARES ULTRA SILVER,AGQ,https://www.nyse.com/quote/ARCX:AGQ
ARCX,AGQI,FIRST TR EXCHANGE TRADED FD VIII ACTIVE GLOBAL QUALITY INCOME ETF,AGQI,https://www.nyse.com/quote/ARCX:AGQI
ARCX,AGRH,ISHARES US ETF TRUST INTEREST RATE HEDGED US AGGREGATE BD ETF,AGRH,https://www.nyse.com/quote/ARCX:AGRH
ARCX,AGRW,ALLSPRING LT LARGE GROWTH ETF,AGRW,https://www.nyse.com/quote/ARCX:AGRW
ARCX,AGZ,ISHARES TRUST AGENCY BD ETF,AGZ,https://www.nyse.com/quote/ARCX:AGZ
XNMS,AGZD,WISDOMTREE TRUST WISDOMTREE INTEREST RATE HEDGED U.S. AGG,AGZD,https://www.nyse.com/quote/XNMS:AGZD
XNMS,AHD,GRANITESHARES AUTOCALLABLE HOOD ETF,AHD,https://www.nyse.com/quote/XNMS:AHD
ARCX,AHLT,AMERICAN BEACON SELECT FDS AMERICAN BEACON AHL TREND ETF,AHLT,https://www.nyse.com/quote/ARCX:AHLT
ARCX,AHYB,AMERICAN CENTURY ETF TRUST SELECT HIGH YIELD ETF,AHYB,https://www.nyse.com/quote/ARCX:AHYB
XNMS,AIA,ISHARES TRUST ASIA 50 ETF,AIA,https://www.nyse.com/quote/XNMS:AIA
ARCX,AIBD,DIREXION DAILY AI AND BIG DATA BEAR 2X ETF,AIBD,https://www.nyse.com/quote/ARCX:AIBD
ARCX,AIBU,DIREXION DAILY AI AND BIG DATA BULL 2X ETF,AIBU,https://www.nyse.com/quote/ARCX:AIBU
ARCX,AIEQ,AMPLIFY ETF TRUST AI POWERED EQUITY ETF,AIEQ,https://www.nyse.com/quote/ARCX:AIEQ
XNMS,AIFD,TCW ARTIFICIAL INTELLIGENCE ETF,AIFD,https://www.nyse.com/quote/XNMS:AIFD
XNMS,AIMS,ACUITAS SMALL CAP ACTIVE ETF,AIMS,https://www.nyse.com/quote/XNMS:AIMS
ARCX,AINP,ALLSPRING INCOME PLUS ETF,AINP,https://www.nyse.com/quote/ARCX:AINP
ARCX,AINT,FINQ DOLLAR NEUTRAL U S LARGE CAP AI MANAGED EQUITY ETF,AINT,https://www.nyse.com/quote/ARCX:AINT
BATS,AIOO,ALLIANZIM U.S. EQUITY BUFFER100 PROTECTION ETF,AIOO,https://www.nyse.com/quote/BATS:AIOO
XNMS,AIPI,REX AI EQUITY PREMIUM INCOME ETF,AIPI,https://www.nyse.com/quote/XNMS:AIPI
XNMS,AIPO,DEFIANCE AI & POWER INFRASTRUCTURE ETF,AIPO,https://www.nyse.com/quote/XNMS:AIPO
XNMS,AIQ,GLOBAL X FDS ARTIFICIAL INTELLIGENCE AND TECH ETF,AIQ,https://www.nyse.com/quote/XNMS:AIQ
ARCX,AIQD,MICROSECTORS -3X SHORT ARTIFICIAL INTELLIGENCE AI ETNS,AIQD,https://www.nyse.com/quote/ARCX:AIQD
ARCX,AIQU,MICROSECTORS 3X LONG ARTIFICIAL INTELLIGENCE AI ETNS,AIQU,https://www.nyse.com/quote/ARCX:AIQU
XNMS,AIRR,FIRST TR EXCHANGE TRADED FD VI RBA AMERN INDL RENAISSANCE ETF,AIRR,https://www.nyse.com/quote/XNMS:AIRR
ARCX,AIS,VISTASHARES ARTIFICIAL INTELLIGENCE SUPERCYCLE ETF,AIS,https://www.nyse.com/quote/ARCX:AIS
ARCX,AIUP,FINQ FIRST U S LARGE CAP AI MANAGED EQUITY ETF,AIUP,https://www.nyse.com/quote/ARCX:AIUP
ARCX,AIVC,AMPLIFY BLOOMBERG AI EQUAL WEIGHT ETF,AIVC,https://www.nyse.com/quote/ARCX:AIVC
ARCX,AIVI,WISDOMTREE TRUST INTL AI ENHANCED VALUE FUND,AIVI,https://www.nyse.com/quote/ARCX:AIVI
ARCX,AIVL,WISDOMTREE TRUST US AI ENHANCED VALUE FUND,AIVL,https://www.nyse.com/quote/ARCX:AIVL
XNMS,AIX,DEFIANCE US 100 TECH AI MOAT ETF,AIX,https://www.nyse.com/quote/XNMS:AIX
ARCX,AIYY,TIDAL TRUST II YIELDMAX AI OPTION INCOME STRATEGY ETF,AIYY,https://www.nyse.com/quote/ARCX:AIYY
BATS,AJAN,INNOVATOR EQUITY DEFINED PROTECTION ETF - 2 YR TO JANUARY 2028,AJAN,https://www.nyse.com/quote/BATS:AJAN
BATS,AJUL,INNOVATOR EQUITY DEFINED PROTECTION ETF - 2 YR TO JULY 2028,AJUL,https://www.nyse.com/quote/BATS:AJUL
XNYS,AKAF,THE FRONTIER ECONOMIC FUND,AKAF,https://www.nyse.com/quote/XNYS:AKAF
ARCX,AKRE,AKRE FOCUS ETF,AKRE,https://www.nyse.com/quote/ARCX:AKRE
BATS,ALA,CORGI ALAB 2X DAILY ETF,ALA,https://www.nyse.com/quote/BATS:ALA
ARCX,ALAI,THE ALGER ETF TRUST AI ENABLERS & ADOPTERS ETF,ALAI,https://www.nyse.com/quote/ARCX:ALAI
XNMS,ALBG,LEVERAGE SHARES 2X LONG ALB DAILY ETF,ALBG,https://www.nyse.com/quote/XNMS:ALBG
BATS,ALDB,APTUS LADDERED DEEP BUFFER ETF,ALDB,https://www.nyse.com/quote/BATS:ALDB
XNMS,ALIL,ARGENT FOCUSED SMALL CAP ETF,ALIL,https://www.nyse.com/quote/XNMS:ALIL
XNMS,ALLW,STATE STREET BRIDGEWATER ALL WEATHER ETF,ALLW,https://www.nyse.com/quote/XNMS:ALLW
ARCX,ALRG,ALLSPRING LT LARGE CORE ETF,ALRG,https://www.nyse.com/quote/ARCX:ALRG
ARCX,ALTL,PACER FDS TR LUNT LARGE CAP ALTENATOR ETF,ALTL,https://www.nyse.com/quote/ARCX:ALTL
XNMS,ALTY,GLOBAL X FDS ALTERNATIVE INCOME ETF,ALTY,https://www.nyse.com/quote/XNMS:ALTY
XNMS,AMA,DEFIANCE DAILY TARGET 2X LONG AMAT ETF,AMA,https://www.nyse.com/quote/XNMS:AMA
BATS,AMAA,CORGI AMZN 2X DAILY ETF,AMAA,https://www.nyse.com/quote/BATS:AMAA
BATS,AMAU,LEVERAGE SHARES 2X LONG AMAT DAILY ETF,AMAU,https://www.nyse.com/quote/BATS:AMAU
ARCX,AMAX,STARBOARD INVESTMENT TRUST ADAPTIVE HEDGED MULTI-ASSET INCOME ETF,AMAX,https://www.nyse.com/quote/ARCX:AMAX
BATS,AMDC,CORGI AMD 2X DAILY ETF,AMDC,https://www.nyse.com/quote/BATS:AMDC
XNMS,AMDD,DIREXION DAILY AMD BEAR 1X ETF,AMDD,https://www.nyse.com/quote/XNMS:AMDD
XNMS,AMDG,LEVERAGE SHARES 2X LONG AMD DAILY ETF,AMDG,https://www.nyse.com/quote/XNMS:AMDG
XNMS,AMDL,GRANITESHARES ETF TRUST GRANITE 2X LONG AMD DAILY ETF,AMDL,https://www.nyse.com/quote/XNMS:AMDL
BATS,AMDW,ROUNDHILL AMD WEEKLYPAY ETF,AMDW,https://www.nyse.com/quote/BATS:AMDW
ARCX,AMDY,YIELDMAX AMD OPTION INCOME STRATEGY ETF,AMDY,https://www.nyse.com/quote/ARCX:AMDY
XNMS,AMEI,AMANA EQUITY INCOME ETF,AMEI,https://www.nyse.com/quote/XNMS:AMEI
XNMS,AMEM,AMANA DEVELOPING WORLD ETF,AMEM,https://www.nyse.com/quote/XNMS:AMEM
XNMS,AMGR,AMANA GROWTH ETF,AMGR,https://www.nyse.com/quote/XNMS:AMGR
ARCX,AMHI,AMERICAN BEACON ABERDEEN MUNICIPAL HIGH INCOME ETF,AMHI,https://www.nyse.com/quote/ARCX:AMHI
XNMS,AMID,EA SERIES TRUST ARGENT MID CAP ETF,AMID,https://www.nyse.com/quote/XNMS:AMID
ARCX,AMJB,JPMORGAN CHASE FINL CO LLC ALERIAN MLP INDEX  ETNS DUE 28/01/2044,AMJB,https://www.nyse.com/quote/ARCX:AMJB
BATS,AMKL,DEFIANCE DAILY TARGET 2X LONG AMKR ETF,AMKL,https://www.nyse.com/quote/BATS:AMKL
BATS,AMKX,CORGI AMKR 2X DAILY ETF,AMKX,https://www.nyse.com/quote/BATS:AMKX
ARCX,AMLP,ALPS ETF TRUST ALERIAN MLP ETF(POST REV SPLIT),AMLP,https://www.nyse.com/quote/ARCX:AMLP
ARCX,AMOM,EXCHANGE LISTED FUNDS TRUST RAFT AI ENHANCED US LRG CAP MOMNTUM ETF,AMOM,https://www.nyse.com/quote/ARCX:AMOM
BATS,AMPU,DEFIANCE DAILY TARGET 2X LONG AMPX ETF,AMPU,https://www.nyse.com/quote/BATS:AMPU
XNMS,AMUN,ABRDN ULTRA SHORT MUNICIPAL INCOME ACTIVE ETF,AMUN,https://www.nyse.com/quote/XNMS:AMUN
XNMS,AMUU,DIREXION DAILY AMD BULL 2X ETF,AMUU,https://www.nyse.com/quote/XNMS:AMUU
XNMS,AMYY,GRANITESHARES YIELDBOOST AMD ETF,AMYY,https://www.nyse.com/quote/XNMS:AMYY
ARCX,AMZA,ETFIS SERIES TRUST I INFRACAP ACTIVE MLP ETF (POST REV SPLIT),AMZA,https://www.nyse.com/quote/ARCX:AMZA
XNMS,AMZD,DIREXION DAILY AMZN BEAR 1X ETF,AMZD,https://www.nyse.com/quote/XNMS:AMZD
BATS,AMZG,LEVERAGE SHARES 2X LONG AMZN DAILY ETF,AMZG,https://www.nyse.com/quote/BATS:AMZG
BATS,AMZO,TRADR 2X SHORT AMZN DAILY ETF,AMZO,https://www.nyse.com/quote/BATS:AMZO
BATS,AMZP,KURV YIELD PREMIUM STRATEGY AMAZON (AMZN) ETF,AMZP,https://www.nyse.com/quote/BATS:AMZP
XNMS,AMZU,DIREXION DAILY AMZN BULL 2X ETF,AMZU,https://www.nyse.com/quote/XNMS:AMZU
BATS,AMZW,ROUNDHILL AMZN WEEKLYPAY ETF,AMZW,https://www.nyse.com/quote/BATS:AMZW
ARCX,AMZY,TIDAL TRUST II YIELDMAX AMZN OPTION INCOME STRATEGY ETF,AMZY,https://www.nyse.com/quote/ARCX:AMZY
XNMS,AMZZ,GRANITESHARES ETF TRUST GRANITESHARES 2X LONG AMZN DAILY ETF,AMZZ,https://www.nyse.com/quote/XNMS:AMZZ
XNMS,ANEL,DEFIANCE DAILY TARGET 2X LONG ANET ETF,ANEL,https://www.nyse.com/quote/XNMS:ANEL
ARCX,ANEW,PROSHARES TRUST MSCI TRANSFORMATIONAL CHANGES ETF,ANEW,https://www.nyse.com/quote/ARCX:ANEW
XNMS,ANGL,VANECK ETF TR FALLEN ANGEL HIGH YLD BD EFT,ANGL,https://www.nyse.com/quote/XNMS:ANGL
XNMS,ANV,GRANITESHARES AUTOCALLABLE NVDA ETF,ANV,https://www.nyse.com/quote/XNMS:ANV
ARCX,AOA,ISHARES CORE 80/20 AGGRESSIVE ALLOCATION ETF,AOA,https://www.nyse.com/quote/ARCX:AOA
BATS,AOCT,INNOVATOR EQUITY DEFINED PROTECTION ETF - 2 YR TO OCTOBER 2026,AOCT,https://www.nyse.com/quote/BATS:AOCT
XNMS,AOHY,ANGEL OAK HIGH YIELD OPPORTUNITIES ETF,AOHY,https://www.nyse.com/quote/XNMS:AOHY
ARCX,AOK,ISHARES CORE 30/70 CONSERVATIVE ALLOCATION ETF,AOK,https://www.nyse.com/quote/ARCX:AOK
ARCX,AOM,ISHARES CORE 40/60 MODERATE ALLOCATION ETF,AOM,https://www.nyse.com/quote/ARCX:AOM
ARCX,AOR,ISHARES CORE 60/40 BALANCED ALLOCATION ETF,AOR,https://www.nyse.com/quote/ARCX:AOR
XNMS,AOTG,EA SERIES TRUST AOT GROWTH & INNOVATION ETF,AOTG,https://www.nyse.com/quote/XNMS:AOTG
ARCX,AOTS,AOT SOFTWARE PLATFORM ETF,AOTS,https://www.nyse.com/quote/ARCX:AOTS
ARCX,APCB,TRUST FOR PROFESSIONAL MANAGERS ACTIVEPASSIVE CORE BOND ETF,APCB,https://www.nyse.com/quote/ARCX:APCB
BATS,APDB,APTUS APRIL DEEP BUFFER ETF,APDB,https://www.nyse.com/quote/BATS:APDB
BATS,APHG,LEVERAGE SHARES 2X LONG APH DAILY ETF,APHG,https://www.nyse.com/quote/BATS:APHG
BATS,APHU,T-REX 2X LONG APH DAILY TARGET ETF,APHU,https://www.nyse.com/quote/BATS:APHU
ARCX,APIE,TRUST FOR PROFESSIONAL MANAGERS ACTIVEPASSIVE INTERNATIONAL EQUITY ETF,APIE,https://www.nyse.com/quote/ARCX:APIE
ARCX,APLU,ALLSPRING CORE PLUS ETF,APLU,https://www.nyse.com/quote/ARCX:APLU
BATS,APLX,TRADR 2X LONG APLD DAILY ETF,APLX,https://www.nyse.com/quote/BATS:APLX
ARCX,APLY,TIDAL TRUST II YIELDMAX AAPL OPTION INCOME STRATEGY ETF,APLY,https://www.nyse.com/quote/ARCX:APLY
BATS,APLZ,TRADR 2X SHORT APLD DAILY ETF,APLZ,https://www.nyse.com/quote/BATS:APLZ
BATS,APMI,CORGI AMAT 2X DAILY ETF,APMI,https://www.nyse.com/quote/BATS:APMI
ARCX,APMU,TRUST FOR PROFESSIONAL MANAGERS ACTIVEPASSIVE INTERMEDIATE MUNICIPAL BD,APMU,https://www.nyse.com/quote/ARCX:APMU
BATS,APOC,INNOVATOR EQUITY DEFINED PROTECTION ETF - 6MO APR/OCT,APOC,https://www.nyse.com/quote/BATS:APOC
BATS,APPC,CORGI APP 2X DAILY ETF,APPC,https://www.nyse.com/quote/BATS:APPC
XNMS,APPX,TRADR 2X LONG APP DAILY ETF,APPX,https://www.nyse.com/quote/XNMS:APPX
BATS,APRB,APTUS APRIL BUFFER ETF,APRB,https://www.nyse.com/quote/BATS:APRB
BATS,APRH,INNOVATOR ETFS TRUST PREMIUM INCOME 20 BARRIER ETF APRIL,APRH,https://www.nyse.com/quote/BATS:APRH
BATS,APRJ,INNOVATOR ETFS TRUST PREMIUM INCOME 30 BARRIER ETF APRIL,APRJ,https://www.nyse.com/quote/BATS:APRJ
BATS,APRP,PGIM S&P 500 BUFFER 12 ETF - APRIL,APRP,https://www.nyse.com/quote/BATS:APRP
BATS,APRT,ALLIANZIM U.S. EQUITY BUFFER10 APR ETF,APRT,https://www.nyse.com/quote/BATS:APRT
BATS,APRW,ALLIANZIM U.S. EQUITY BUFFER20 APR ETF,APRW,https://www.nyse.com/quote/BATS:APRW
BATS,APRZ,LISTED FUND TRUST TRUESHARES STRUCTURED OUTCOME APR ETF,APRZ,https://www.nyse.com/quote/BATS:APRZ
ARCX,APUE,TRUST FOR PROFESSIONAL MANAGERS ACTIVEPASSIVE US EQUITY ETF,APUE,https://www.nyse.com/quote/ARCX:APUE
BATS,APXM,FT VEST U.S. EQUITY MAX BUFFER ETF - APRIL,APXM,https://www.nyse.com/quote/BATS:APXM
BATS,AQEC,AQE CORE ETF,AQEC,https://www.nyse.com/quote/BATS:AQEC
XNMS,AQLG,HCM LARGE CAP GROWTH ETF,AQLG,https://www.nyse.com/quote/XNMS:AQLG
BATS,AQLT,ISHARES TRUST MSCI GLOBAL QUALITY FACTOR ETF,AQLT,https://www.nyse.com/quote/BATS:AQLT
XNMS,AQWA,GLOBAL X FDS CLEAN WTR ETF,AQWA,https://www.nyse.com/quote/XNMS:AQWA
ARCX,ARB,ALTSHARES TR MERGER ARBITRAGE ETF,ARB,https://www.nyse.com/quote/ARCX:ARB
BATS,ARCM,ARROW INVTS TR RESV CAP MGMT ETF NEW,ARCM,https://www.nyse.com/quote/BATS:ARCM
BATS,ARCX,TRADR 2X LONG ACHR DAILY ETF,ARCX,https://www.nyse.com/quote/BATS:ARCX
ARCX,ARGT,GLOBAL X FDS MSCI ARGENTINA ETF,ARGT,https://www.nyse.com/quote/ARCX:ARGT
BATS,ARKB,ARK 21SHARES BITCOIN ETF SHS BEN INT,ARKB,https://www.nyse.com/quote/BATS:ARKB
BATS,ARKD,ARK DIET Q1 BUFFER ETF,ARKD,https://www.nyse.com/quote/BATS:ARKD
BATS,ARKE,ARK DIET Q3 BUFFER ETF,ARKE,https://www.nyse.com/quote/BATS:ARKE
BATS,ARKF,ARK BLOCKCHAIN & FINTECH INNOVATION ETF,ARKF,https://www.nyse.com/quote/BATS:ARKF
BATS,ARKG,ARK ETF TRUST GENOMIC REVOLUTION ETF,ARKG,https://www.nyse.com/quote/BATS:ARKG
BATS,ARKI,ARK DIET Q2 BUFFER ETF,ARKI,https://www.nyse.com/quote/BATS:ARKI
BATS,ARKK,ARK INNOVATION ETF,ARKK,https://www.nyse.com/quote/BATS:ARKK
BATS,ARKQ,ARK ETF TRUST AUTONOMOUS TECHNOLOGY & ROBOTICS ETF,ARKQ,https://www.nyse.com/quote/BATS:ARKQ
BATS,ARKT,ARK DIET Q4 BUFFER ETF,ARKT,https://www.nyse.com/quote/BATS:ARKT
BATS,ARKW,ARK NEXT GENERATION INTERNET ETF,ARKW,https://www.nyse.com/quote/BATS:ARKW
BATS,ARKX,ARK SPACE & DEFENSE INNOVATION ETF,ARKX,https://www.nyse.com/quote/BATS:ARKX
BATS,ARLI,ALLIANZIM INTERNATIONAL EQUITY BUFFER15 UNCAPPED APR ETF,ARLI,https://www.nyse.com/quote/BATS:ARLI
BATS,ARLU,AIM ETF PRODUCTS TRUST ALLIANZIM US EQUITY BUFFER15 UNCAPPED AP,ARLU,https://www.nyse.com/quote/BATS:ARLU
BATS,ARMA,CORGI ARM 2X DAILY ETF,ARMA,https://www.nyse.com/quote/BATS:ARMA
XNMS,ARMG,LEVERAGE SHARES 2X LONG ARM DAILY ETF,ARMG,https://www.nyse.com/quote/XNMS:ARMG
ARCX,ARMH,ARM HOLDINGS PLC ADRHEDGED,ARMH,https://www.nyse.com/quote/ARCX:ARMH
BATS,ARMW,ROUNDHILL ARM WEEKLYPAY ETF,ARMW,https://www.nyse.com/quote/BATS:ARMW
XNMS,ARMY,TEMA INTERNATIONAL DEFENSE ETF,ARMY,https://www.nyse.com/quote/XNMS:ARMY
ARCX,ARP,ADVISORS INNER CIRCLE FUND II INC PMV ADAPTIVE RISK PARITY ETF,ARP,https://www.nyse.com/quote/ARCX:ARP
ARCX,ARTY,ISHARES FUTURE AI & TECH ETF,ARTY,https://www.nyse.com/quote/ARCX:ARTY
XNMS,ARVR,FIRST TRUST EXCH TRADED FUND 2 INDXX METAVERSE ETF,ARVR,https://www.nyse.com/quote/XNMS:ARVR
BATS,ARWG,ARCHER GROWTH ETF,ARWG,https://www.nyse.com/quote/BATS:ARWG
ARCX,ASCE,ALLSPRING SMID CORE ETF,ASCE,https://www.nyse.com/quote/ARCX:ASCE
XNMS,ASCI,ABRDN INTERNATIONAL SMALL CAP ACTIVE ETF,ASCI,https://www.nyse.com/quote/XNMS:ASCI
XNMS,ASD,DEFIANCE AUTISM IMPACT ETF,ASD,https://www.nyse.com/quote/XNMS:ASD
ARCX,ASEA,GLOBAL X FDS GLOBAL X FTSE SOUTHEAST ASIA ETF,ASEA,https://www.nyse.com/quote/ARCX:ASEA
XNMS,ASEC,AMERICAN CENTURY SECURITIZED CREDIT ETF,ASEC,https://www.nyse.com/quote/XNMS:ASEC
ARCX,ASGM,VIRTUS ALPHASIMPLEX GLOBAL MACRO ETF,ASGM,https://www.nyse.com/quote/ARCX:ASGM
ARCX,ASHR,DBX ETF TRUST XTRACKERS HARVST CSI 300 A SHARES ETF,ASHR,https://www.nyse.com/quote/ARCX:ASHR
ARCX,ASHS,DBX ETF TRUST XTRACKERS HARVT CHINA A SHS SMAL CAP ETF,ASHS,https://www.nyse.com/quote/ARCX:ASHS
ARCX,ASIA,MATTHEWS INTERNATIONAL FUNDS PACIFIC TIGER ACTIVE ETF,ASIA,https://www.nyse.com/quote/ARCX:ASIA
ARCX,ASLV,ALLSPRING SPECIAL LARGE VALUE ETF,ASLV,https://www.nyse.com/quote/ARCX:ASLV
ARCX,ASMF,VIRTUS ALPHASIMPLEX MANAGED FUTURES ETF,ASMF,https://www.nyse.com/quote/ARCX:ASMF
XNMS,ASMG,LEVERAGE SHARES 2X LONG ASML DAILY ETF,ASMG,https://www.nyse.com/quote/XNMS:ASMG
ARCX,ASMH,ASML HOLDING NV ADRHEDGED,ASMH,https://www.nyse.com/quote/ARCX:ASMH
XNMS,ASMU,DIREXION DAILY ASML BULL 2X ETF,ASMU,https://www.nyse.com/quote/XNMS:ASMU
BATS,ASMZ,CORGI ASML 2X DAILY ETF,ASMZ,https://www.nyse.com/quote/BATS:ASMZ
BATS,ASTG,LEVERAGE SHARES 2X LONG ASTS DAILY ETF,ASTG,https://www.nyse.com/quote/BATS:ASTG
BATS,ASTN,TIDAL TRUST II DEFIANCE DAILY TARGET 2X SHORT ASTS ETF,ASTN,https://www.nyse.com/quote/BATS:ASTN
BATS,ASTT,CORGI ASTS 2X DAILY ETF,ASTT,https://www.nyse.com/quote/BATS:ASTT
BATS,ASTX,TRADR 2X LONG ASTS DAILY ETF,ASTX,https://www.nyse.com/quote/BATS:ASTX
BATS,ASTY,DEFIANCE DAILY TARGET 2X LONG ASTS ETF,ASTY,https://www.nyse.com/quote/BATS:ASTY
BATS,ASUP,T-REX 2X LONG ASTS DAILY TARGET ETF,ASUP,https://www.nyse.com/quote/BATS:ASUP
XNMS,ATC,GRANITESHARES AUTOCALLABLE COIN ETF,ATC,https://www.nyse.com/quote/XNMS:ATC
ARCX,ATCL,REX AUTOCALLABLE INCOME ETF,ATCL,https://www.nyse.com/quote/ARCX:ATCL
ARCX,ATFV,THE ALGER ETF TRUST ALGER 35 ETF,ATFV,https://www.nyse.com/quote/ARCX:ATFV
BATS,ATTR,ARIN TACTICAL TAIL RISK ETF,ATTR,https://www.nyse.com/quote/BATS:ATTR
ARCX,AUAU,GLOBAL X GOLD MINERS ETF,AUAU,https://www.nyse.com/quote/ARCX:AUAU
BATS,AUGM,FT VEST U.S. EQUITY MAX BUFFER ETF - AUGUST,AUGM,https://www.nyse.com/quote/BATS:AUGM
BATS,AUGP,PGIM S&P 500 BUFFER 12 ETF - AUGUST,AUGP,https://www.nyse.com/quote/BATS:AUGP
BATS,AUGT,ALLIANZIM U.S. EQUITY BUFFER10 AUG ETF,AUGT,https://www.nyse.com/quote/BATS:AUGT
BATS,AUGU,ALLIANZIM U.S. EQUITY BUFFER15 UNCAPPED AUG ETF,AUGU,https://www.nyse.com/quote/BATS:AUGU
BATS,AUGW,ALLIANZIM U.S. EQUITY BUFFER20 AUG ETF,AUGW,https://www.nyse.com/quote/BATS:AUGW
BATS,AUGZ,TRUESHARES STRUCTURED OUTCOME (AUGUST) ETF,AUGZ,https://www.nyse.com/quote/BATS:AUGZ
XNMS,AUMI,THEMES ETF TRUST GOLD MINERS ETF,AUMI,https://www.nyse.com/quote/XNMS:AUMI
ARCX,AUSF,GLOBAL X FDS ADAPTIVE US FACTOR ETF,AUSF,https://www.nyse.com/quote/ARCX:AUSF
ARCX,AUSM,ALLSPRING ULTRA SHORT MUNICIPAL ETF,AUSM,https://www.nyse.com/quote/ARCX:AUSM
BATS,AV,CORGI AEROSPACE & COMMERCIAL AVIATION ETF,AV,https://www.nyse.com/quote/BATS:AV
BATS,AVAZ,2X AVALANCHE ETF,AVAZ,https://www.nyse.com/quote/BATS:AVAZ
ARCX,AVDE,AMERICAN CENTURY ETF TRUST AVANTIS INTERNATIONAL EQUITY ETF,AVDE,https://www.nyse.com/quote/ARCX:AVDE
ARCX,AVDS,AMERICAN CENTURY ETF TRUST AVANTIS INTL SMALL CAP EQTY ETF USD,AVDS,https://www.nyse.com/quote/ARCX:AVDS
ARCX,AVDV,AMERICAN CENTURY ETF TRUST AVANTIS INTERNATIONAL SMALL CAP VAL ETF,AVDV,https://www.nyse.com/quote/ARCX:AVDV
ARCX,AVEE,AMERICAN CENTURY ETF TRUST AVANTIS EMERGING MARKETS SMALL CAP EQUIT,AVEE,https://www.nyse.com/quote/ARCX:AVEE
ARCX,AVEM,AMERICAN CENTURY ETF TRUST AVANTIS EMERGING MKTS EQUITY ETF USD,AVEM,https://www.nyse.com/quote/ARCX:AVEM
ARCX,AVES,AMERICAN CENTURY ETF TRUST AVANTIS EMERGING MKTS VALUE ETF USD,AVES,https://www.nyse.com/quote/ARCX:AVES
XNMS,AVGB,AVANTIS CREDIT ETF,AVGB,https://www.nyse.com/quote/XNMS:AVGB
BATS,AVGC,CORGI AVGO 2X DAILY ETF,AVGC,https://www.nyse.com/quote/BATS:AVGC
ARCX,AVGE,AMERICAN CENTURY ETF TRUST AVANTIS ALL EQUITY MARKETS ETF,AVGE,https://www.nyse.com/quote/ARCX:AVGE
XNMS,AVGG,LEVERAGE SHARES 2X LONG AVGO DAILY ETF,AVGG,https://www.nyse.com/quote/XNMS:AVGG
XNMS,AVGU,GRANITESHARES 2X LONG AVGO DAILY ETF,AVGU,https://www.nyse.com/quote/XNMS:AVGU
ARCX,AVGV,AMERICAN CENTURY ETF TRUST AVANTIS ALL EQUITY MARKETS VALUE ETF,AVGV,https://www.nyse.com/quote/ARCX:AVGV
BATS,AVGW,ROUNDHILL AVGO WEEKLYPAY ETF,AVGW,https://www.nyse.com/quote/BATS:AVGW
XNMS,AVGX,DEFIANCE DAILY TARGET 2X LONG AVGO ETF,AVGX,https://www.nyse.com/quote/XNMS:AVGX
ARCX,AVIE,AMERICAN CENTURY ETF TRUST AVANTIS INFLATION FOCUSED EQUITY ETF,AVIE,https://www.nyse.com/quote/ARCX:AVIE
ARCX,AVIG,AMERICAN CENTURY ETF TRUST AVANTIS CORE FIXED INCOME ETF,AVIG,https://www.nyse.com/quote/ARCX:AVIG
ARCX,AVIV,AMERICAN CENTURY ETF TRUST AVANTIS INTL LARGE CAP VALUE ETF USD,AVIV,https://www.nyse.com/quote/ARCX:AVIV
XNMS,AVL,DIREXION DAILY AVGO BULL 2X ETF,AVL,https://www.nyse.com/quote/XNMS:AVL
ARCX,AVLC,AMERICAN CENTURY ETF TRUST AVANTIS U S LARGE CAP EQUITY ETF,AVLC,https://www.nyse.com/quote/ARCX:AVLC
ARCX,AVLV,AMERICAN CENTURY ETF TRUST AVANTIS U S LARGE CAP VALUE ETF USD,AVLV,https://www.nyse.com/quote/ARCX:AVLV
ARCX,AVMA,AMERICAN CENTURY ETF TRUST AVANTIS MODERATE ALLOCATION ETF USD,AVMA,https://www.nyse.com/quote/ARCX:AVMA
ARCX,AVMC,AMERICAN CENTURY ETF TRUST AVANTIS US MID CAP EQUITY ETF,AVMC,https://www.nyse.com/quote/ARCX:AVMC
ARCX,AVMU,AMERICAN CENTURY ETF TRUST AVANTIS CORE MUN FXD INCOME ETF,AVMU,https://www.nyse.com/quote/ARCX:AVMU
ARCX,AVMV,AMERICAN CENTURY ETF TRUST AVANTIS U.S. MID CAP VALUE ETF USD,AVMV,https://www.nyse.com/quote/ARCX:AVMV
ARCX,AVNM,AMERICAN CENTURY ETF TRUST AVANTIS TOTAL INTL MKTS EQTY ETF USD,AVNM,https://www.nyse.com/quote/ARCX:AVNM
ARCX,AVNV,AMERICAN CENTURY ETF TRUST AVANTIS ALL INTERNATIONAL MARKETS VALUE,AVNV,https://www.nyse.com/quote/ARCX:AVNV
XNMS,AVOS,AVOS GLOBAL EQUITIES ETF,AVOS,https://www.nyse.com/quote/XNMS:AVOS
ARCX,AVRE,AMERICAN CENTURY ETF TRUST AVANTIS REAL ESTATE ETF USD,AVRE,https://www.nyse.com/quote/ARCX:AVRE
BATS,AVRY,AVORY FOUNDATIONAL ETF,AVRY,https://www.nyse.com/quote/BATS:AVRY
XNMS,AVS,DIREXION DAILY AVGO BEAR 1X ETF,AVS,https://www.nyse.com/quote/XNMS:AVS
ARCX,AVSC,AMERICAN CENTURY ETF TRUST AVANTIS U S SMALL CAP EQUITY ETF,AVSC,https://www.nyse.com/quote/ARCX:AVSC
ARCX,AVSD,AMERICAN CENTURY ETF TRUST AVANTIS RESPONSIBLE INTL EQUITY ETF,AVSD,https://www.nyse.com/quote/ARCX:AVSD
ARCX,AVSE,AMERICAN CENTURY ETF TRUST AVANTIS RESPONSIBLE EMERGING MKTS EQUITY,AVSE,https://www.nyse.com/quote/ARCX:AVSE
ARCX,AVSF,AMERICAN CENTURY ETF TRUST AVANTIS SHORT TERM FXD INCOME ETF,AVSF,https://www.nyse.com/quote/ARCX:AVSF
ARCX,AVSU,AMERICAN CENTURY ETF TRUST AVANTIS RESPONSIBLE US EQUITY ETF,AVSU,https://www.nyse.com/quote/ARCX:AVSU
ARCX,AVTM,AVANTIS TOTAL EQUITY MARKETS ETF,AVTM,https://www.nyse.com/quote/ARCX:AVTM
XNMS,AVUQ,AVANTIS U.S. QUALITY ETF,AVUQ,https://www.nyse.com/quote/XNMS:AVUQ
ARCX,AVUS,AMERICAN CENTURY ETF TRUST AVANTIS US EQUITY ETF USD,AVUS,https://www.nyse.com/quote/ARCX:AVUS
ARCX,AVUV,AMERICAN CENTURY ETF TRUST AVANTIS U S SMALL CAP VALUE ETF USD,AVUV,https://www.nyse.com/quote/ARCX:AVUV
XNMS,AVXC,AMERICAN CENTURY ETF TRUST AVANTIS EMERGING MARKETS EX-CHINA EQUITY,AVXC,https://www.nyse.com/quote/XNMS:AVXC
XNMS,AVXX,DEFIANCE DAILY TARGET 2X LONG AVAV ETF,AVXX,https://www.nyse.com/quote/XNMS:AVXX
ARCX,AWAY,AMPLIFY ETF TRUST TRAVEL TECH ETF,AWAY,https://www.nyse.com/quote/ARCX:AWAY
XNMS,AXPG,LEVERAGE SHARES 2X LONG AXP DAILY ETF,AXPG,https://www.nyse.com/quote/XNMS:AXPG
BATS,AXTC,CORGI AXTI 2X DAILY ETF,AXTC,https://www.nyse.com/quote/BATS:AXTC
BATS,AXTL,LEVERAGE SHARES 2X LONG AXTI DAILY ETF,AXTL,https://www.nyse.com/quote/BATS:AXTL
BATS,AXTU,T-REX 2X LONG AXTI DAILY TARGET ETF,AXTU,https://www.nyse.com/quote/BATS:AXTU
BATS,AXTX,TRADR 2X LONG AXTI DAILY ETF,AXTX,https://www.nyse.com/quote/BATS:AXTX
ARCX,AZTD,TIDAL ETF TRUST AZTLAN GLOBAL STK SELECTION DM SMID ETF,AZTD,https://www.nyse.com/quote/ARCX:AZTD
XNMS,AZYY,GRANITESHARES YIELDBOOST AMZN ETF,AZYY,https://www.nyse.com/quote/XNMS:AZYY
ARCX,BAB,INVESCO EXCHANGE TRADED FD TR II TAXABLE MUN BD ETF,BAB,https://www.nyse.com/quote/ARCX:BAB
BATS,BABC,CORGI BABA 2X DAILY ETF,BABC,https://www.nyse.com/quote/BATS:BABC
ARCX,BABO,YIELDMAX BABA OPTION INCOME STRATEGY ETF,BABO,https://www.nyse.com/quote/ARCX:BABO
XNMS,BABU,DIREXION DAILY BABA BULL 2X ETF,BABU,https://www.nyse.com/quote/XNMS:BABU
BATS,BABW,ROUNDHILL BABA WEEKLYPAY ETF,BABW,https://www.nyse.com/quote/BATS:BABW
XNMS,BABX,GRANITESHARES ETF TRUST 2X LONG BABA DAILY ETF,BABX,https://www.nyse.com/quote/XNMS:BABX
XNMS,BAFE,BROWN ADVISORY FLEXIBLE EQUITY ETF,BAFE,https://www.nyse.com/quote/XNMS:BAFE
BATS,BAGY,AMPLIFY BITCOIN MAX INCOME COVERED CALL ETF,BAGY,https://www.nyse.com/quote/BATS:BAGY
ARCX,BAI,ISHARES A.I. INNOVATION AND TECH ACTIVE ETF,BAI,https://www.nyse.com/quote/ARCX:BAI
XNMS,BAIG,LEVERAGE SHARES 2X LONG BBAI DAILY ETF,BAIG,https://www.nyse.com/quote/XNMS:BAIG
XNMS,BAIV,BROWN ADVISORY INTERNATIONAL VALUE SELECT ETF,BAIV,https://www.nyse.com/quote/XNMS:BAIV
BATS,BALI,ISHARES U.S. LARGE CAP PREMIUM INCOME ACTIVE ETF,BALI,https://www.nyse.com/quote/BATS:BALI
XNMS,BALQ,ISHARES NASDAQ PREMIUM INCOME ACTIVE ETF,BALQ,https://www.nyse.com/quote/XNMS:BALQ
BATS,BALT,INNOVATOR ETFS TRUST DEFINED WEALTH SHIELD ETF,BALT,https://www.nyse.com/quote/BATS:BALT
BATS,BAMA,NORTHERN LIGHTS FUND TRUST IV BROOKSTONE ACTIVE ETF,BAMA,https://www.nyse.com/quote/BATS:BAMA
BATS,BAMB,NORTHERN LIGHTS FUND TRUST IV BROOKSTONE INTERMEDIATE BOND ETF,BAMB,https://www.nyse.com/quote/BATS:BAMB
BATS,BAMD,NORTHERN LIGHTS FUND TRUST IV BROOKSTONE DIVIDEND STOCK ETF,BAMD,https://www.nyse.com/quote/BATS:BAMD
BATS,BAMG,NORTHERN LIGHTS FUND TRUST IV BROOKSTONE GROWTH STOCK ETF,BAMG,https://www.nyse.com/quote/BATS:BAMG
BATS,BAMO,NORTHERN LIGHTS FUND TRUST IV BROOKSTONE OPPORTUNITIES ETF,BAMO,https://www.nyse.com/quote/BATS:BAMO
BATS,BAMU,NORTHERN LIGHTS FUND TRUST IV BROOKSTONE ULTRA SHORT BOND ETF,BAMU,https://www.nyse.com/quote/BATS:BAMU
BATS,BAMV,NORTHERN LIGHTS FUND TRUST IV BROOKSTONE VALUE STOCK ETF,BAMV,https://www.nyse.com/quote/BATS:BAMV
BATS,BAMY,NORTHERN LIGHTS FUND TRUST IV BROOKSTONE YIELD ETF,BAMY,https://www.nyse.com/quote/BATS:BAMY
BATS,BAPR,INNOVATOR ETFS TRUST INNOVATOR US EQUTY BUFFER ETF APRIL,BAPR,https://www.nyse.com/quote/BATS:BAPR
ARCX,BAR,GRANITESHARES GOLD TRUST SHS BEN INT NPV,BAR,https://www.nyse.com/quote/ARCX:BAR
XNMS,BASG,BROWN ADVISORY SUSTAINABLE GROWTH ETF,BASG,https://www.nyse.com/quote/XNMS:BASG
XNMS,BASV,BROWN ADVISORY SUSTAINABLE VALUE ETF,BASV,https://www.nyse.com/quote/XNMS:BASV
ARCX,BATT,AMPLIFY ETF TRUST AMPLIFY LITHIUM & BATTERY TECHNOLOGY ETF,BATT,https://www.nyse.com/quote/ARCX:BATT
BATS,BAUG,INNOVATOR ETFS TRUST INNOVATOR US EQUTY BUFFER ETF AUGUS,BAUG,https://www.nyse.com/quote/BATS:BAUG
ARCX,BAVA,BITWISE AVALANCHE ETF,BAVA,https://www.nyse.com/quote/ARCX:BAVA
BATS,BAY,CORGI BAY AREA BASED ETF,BAY,https://www.nyse.com/quote/BATS:BAY
BATS,BBAG,JPMORGAN BETABUILDERS U.S. AGGREGATE BOND ETF,BBAG,https://www.nyse.com/quote/BATS:BBAG
BATS,BBAX,JP MORGAN ETF TRUST BETABUILDERS DEVELOPED ASIA PACI EX JAP,BBAX,https://www.nyse.com/quote/BATS:BBAX
XNMS,BBB,CYBER HORNET S&P 500 AND BITCOIN 75/25 STRATEGY ETF,BBB,https://www.nyse.com/quote/XNMS:BBB
ARCX,BBBI,BONDBLOXX ETF TRUST BBB RATED 5-10 YEAR CORPORATE BOND ETF,BBBI,https://www.nyse.com/quote/ARCX:BBBI
ARCX,BBBL,BONDBLOXX ETF TRUST BBB RATED 10+ YR CORPPRATE BOND ETF,BBBL,https://www.nyse.com/quote/ARCX:BBBL
ARCX,BBBS,BONDBLOXX ETF TRUST BBB RATED 1-5 YEAR CORPORATE BOND ETF,BBBS,https://www.nyse.com/quote/ARCX:BBBS
ARCX,BBC,VIRTUS BIOTECH CLINICAL TRIALS ETF,BBC,https://www.nyse.com/quote/ARCX:BBC
BATS,BBCA,JP MORGAN ETF TRUST BETABUILDERS CANADA USD,BBCA,https://www.nyse.com/quote/BATS:BBCA
BATS,BBCB,JPMORGAN BETABUILDERS USD INVESTMENT GRADE CORPORATE BOND ETF,BBCB,https://www.nyse.com/quote/BATS:BBCB
BATS,BBEM,JP MORGAN ETF TRUST BETABUILDERS EMERGING MKTS EQUITY ETF US,BBEM,https://www.nyse.com/quote/BATS:BBEM
BATS,BBEU,JP MORGAN ETF TRUST BETABUILDERS EUROPE USD,BBEU,https://www.nyse.com/quote/BATS:BBEU
XNMS,BBH,VANECK ETF TR BIOTECH ETF,BBH,https://www.nyse.com/quote/XNMS:BBH
ARCX,BBHL,BBH SELECT LARGE CAP ETF,BBHL,https://www.nyse.com/quote/ARCX:BBHL
ARCX,BBHM,BBH SELECT MID CAP ETF,BBHM,https://www.nyse.com/quote/ARCX:BBHM
BATS,BBHY,JP MORGAN ETF TRUST BETABUILDERS USD HIGH YIELD,BBHY,https://www.nyse.com/quote/BATS:BBHY
BATS,BBIB,JP MORGAN ETF TRUST BETABUILDERS US TREASURY BD 3-10 YR ETF,BBIB,https://www.nyse.com/quote/BATS:BBIB
BATS,BBIN,JP MORGAN ETF TRUST BETABUILDERS INTL EQUITY ETF,BBIN,https://www.nyse.com/quote/BATS:BBIN
BATS,BBJP,JP MORGAN ETF TRUST BETABUILDERS JAPAN USD,BBJP,https://www.nyse.com/quote/BATS:BBJP
BATS,BBLB,JP MORGAN ETF TRUST BETABUILDERS US TREASURY BD 20+ YR ETF,BBLB,https://www.nyse.com/quote/BATS:BBLB
ARCX,BBLU,EA SERIES TRUST BRIDGEWAY BLUE CHIP ETF,BBLU,https://www.nyse.com/quote/ARCX:BBLU
BATS,BBMC,JPMORGAN BETABUILDERS U.S. MID CAP EQUITY ETF,BBMC,https://www.nyse.com/quote/BATS:BBMC
ARCX,BBP,VIRTUS BIOTECH ETF,BBP,https://www.nyse.com/quote/ARCX:BBP
BATS,BBRE,JP MORGAN ETF TRUST BETABUILDERS MSCI US REIT ETF USD,BBRE,https://www.nyse.com/quote/BATS:BBRE
BATS,BBSB,JP MORGAN ETF TRUST BETABUILDERS US TREASURY BOND 1-3 YR ETF,BBSB,https://www.nyse.com/quote/BATS:BBSB
BATS,BBSC,JPMORGAN BETABUILDERS U.S. SMALL CAP EQUITY ETF,BBSC,https://www.nyse.com/quote/BATS:BBSC
XNMS,BBUL,GRANITESHARES 2X LONG BB DAILY ETF,BBUL,https://www.nyse.com/quote/XNMS:BBUL
BATS,BBUS,JP MORGAN ETF TRUST BETABUILDERS US EQUITY ETF,BBUS,https://www.nyse.com/quote/BATS:BBUS
XNMS,BBYY,GRANITESHARES YIELDBOOST BABA ETF,BBYY,https://www.nyse.com/quote/XNMS:BBYY
BATS,BCCC,GLOBAL X BITCOIN COVERED CALL ETF,BCCC,https://www.nyse.com/quote/BATS:BCCC
ARCX,BCD,ABRDN ETFS BLOOMBERG ALL COMMODITY LONGER DATED STR,BCD,https://www.nyse.com/quote/ARCX:BCD
ARCX,BCDF,LISTED FUND TRUST HORIZON KINETICS BLOCKCHAIN DEVELOPMENT,BCDF,https://www.nyse.com/quote/ARCX:BCDF
XNYS,BCEM,BARON EMERGING MARKETS SELECT ETF,BCEM,https://www.nyse.com/quote/XNYS:BCEM
XNMS,BCFN,BARON FINANCIALS ETF,BCFN,https://www.nyse.com/quote/XNMS:BCFN
XNYS,BCGD,BARON GLOBAL DURABLE ADVANTAGE ETF,BCGD,https://www.nyse.com/quote/XNYS:BCGD
ARCX,BCGS,BANCREEK GLOBAL SELECT ETF,BCGS,https://www.nyse.com/quote/ARCX:BCGS
ARCX,BCHI,GMO BEYOND CHINA ETF,BCHI,https://www.nyse.com/quote/ARCX:BCHI
BATS,BCHP,PRINCIPAL EXCHANGE-TRADED FDS FOCUSED BLUE CHIP ETF,BCHP,https://www.nyse.com/quote/BATS:BCHP
ARCX,BCI,ABRDN ETFS BLOOMBERG ALL COMMODITY STRATEGY K-1 FRE,BCI,https://www.nyse.com/quote/ARCX:BCI
ARCX,BCIL,EXCHANGE LISTED FUNDS TRUST BANCREEK INTERNATIONAL LARGE CAP ETF,BCIL,https://www.nyse.com/quote/ARCX:BCIL
BATS,BCKT,LIFEX 2030 INCOME BUCKET ETF,BCKT,https://www.nyse.com/quote/BATS:BCKT
XNMS,BCLO,ISHARES BBB-B CLO ACTIVE ETF,BCLO,https://www.nyse.com/quote/XNMS:BCLO
ARCX,BCOR,GRAYSCALE BITCOIN ADOPTERS ETF,BCOR,https://www.nyse.com/quote/ARCX:BCOR
ARCX,BCPL,BNY MELLON CORE PLUS ETF,BCPL,https://www.nyse.com/quote/ARCX:BCPL
XNYS,BCSM,BARON SMID CAP ETF,BCSM,https://www.nyse.com/quote/XNYS:BCSM
XNMS,BCTK,BARON TECHNOLOGY ETF,BCTK,https://www.nyse.com/quote/XNMS:BCTK
ARCX,BCUS,EXCHANGE LISTED FUNDS TRUST BANCREEK US LARGE CAP ETF,BCUS,https://www.nyse.com/quote/ARCX:BCUS
ARCX,BD,RUSSELL INVESTMENTS CORE PLUS BOND ETF,BD,https://www.nyse.com/quote/ARCX:BD
ARCX,BDBT,BLUEMONTE CORE BOND ETF,BDBT,https://www.nyse.com/quote/ARCX:BDBT
BATS,BDEC,INNOVATOR ETFS TRUST INNOVATOR US EQUTY BUFFER ETF DECEMBER,BDEC,https://www.nyse.com/quote/BATS:BDEC
XNMS,BDGS,EA SERIES TRUST BRIDGES CAPITAL TACTICAL ETF,BDGS,https://www.nyse.com/quote/XNMS:BDGS
ARCX,BDIV,AAM BRENTVIEW DIVIDEND GROWTH ETF,BDIV,https://www.nyse.com/quote/ARCX:BDIV
ARCX,BDRY,AMPLIFY COMMODITY TRUST BREAKWAVE DRY BULK SHIPPING ETF,BDRY,https://www.nyse.com/quote/ARCX:BDRY
ARCX,BDVG,LITMAN GREGORY FDS TR IMGP BERKSHIRE DIVIDEND GROWTH ETF,BDVG,https://www.nyse.com/quote/ARCX:BDVG
XNMS,BDVL,ISHARES DISCIPLINED VOLATILITY EQUITY ACTIVE ETF,BDVL,https://www.nyse.com/quote/XNMS:BDVL
XNMS,BDYN,ISHARES DYNAMIC EQUITY ACTIVE ETF,BDYN,https://www.nyse.com/quote/XNMS:BDYN
BATS,BEC,CORGI BE 2X DAILY ETF,BEC,https://www.nyse.com/quote/BATS:BEC
XNMS,BEDY,BNY MELLON ENHANCED DIVIDEND AND INCOME ETF,BEDY,https://www.nyse.com/quote/XNMS:BEDY
ARCX,BEDZ,ADVISORSHARES TRUST HOTEL ETF,BEDZ,https://www.nyse.com/quote/ARCX:BEDZ
XNMS,BEEX,THE BEEHIVE ETF,BEEX,https://www.nyse.com/quote/XNMS:BEEX
XNMS,BEEZ,EA SERIES TRUST HONEYTREE US EQUITY ETF,BEEZ,https://www.nyse.com/quote/XNMS:BEEZ
XNMS,BEG,LEVERAGE SHARES 2X LONG BE DAILY ETF,BEG,https://www.nyse.com/quote/XNMS:BEG
BATS,BEGS,RAREVIEW 2X BULL CRYPTOCURRENCY & PRECIOUS METALS ETF,BEGS,https://www.nyse.com/quote/BATS:BEGS
XNMS,BELT,BLACKROCK ETF TRUST ISHARES U.S. SELECT EQUITY ACTIVE ETF,BELT,https://www.nyse.com/quote/XNMS:BELT
BATS,BEMB,ISHARES TRUST JP MORGAN BROAD USD EMERGING MKTS BOND E,BEMB,https://www.nyse.com/quote/BATS:BEMB
ARCX,BENJ,HORIZON LANDMARK ETF,BENJ,https://www.nyse.com/quote/ARCX:BENJ
BATS,BESF,BASTION ENERGY ETF,BESF,https://www.nyse.com/quote/BATS:BESF
XNMS,BESO,GSR CRYPTO CORE3 ETF,BESO,https://www.nyse.com/quote/XNMS:BESO
ARCX,BETE,PROSHARES BITCOIN & ETHER EQUAL WEIGHT ETF,BETE,https://www.nyse.com/quote/ARCX:BETE
ARCX,BETH,PROSHARES BITCOIN & ETHER MARKET CAP WEIGHT ETF,BETH,https://www.nyse.com/quote/ARCX:BETH
ARCX,BETZ,LISTED FUND TRUST ROUNDHILL SPORTS BETTING AND IGAMING ETF,BETZ,https://www.nyse.com/quote/ARCX:BETZ
BATS,BEX,TRADR 2X LONG BE DAILY ETF,BEX,https://www.nyse.com/quote/BATS:BEX
BATS,BEZ,TRADR 2X SHORT BE DAILY ETF,BEZ,https://www.nyse.com/quote/BATS:BEZ
ARCX,BFAP,FT VEST BITCOIN STRATEGY FLOOR15 ETF - APRIL,BFAP,https://www.nyse.com/quote/ARCX:BFAP
BATS,BFEB,INNOVATOR ETFS TRUST INNOVATOR US EQUITY BUFFER ETF FEBRUARY,BFEB,https://www.nyse.com/quote/BATS:BFEB
BATS,BFEW,FT VEST LADDERED U.S. EQUITY EQUAL WEIGHT BUFFER ETF,BFEW,https://www.nyse.com/quote/BATS:BFEW
ARCX,BFIX,BUILD FUNDS TRUST BUILD BOND INNOVATION ETF,BFIX,https://www.nyse.com/quote/ARCX:BFIX
ARCX,BFJA,FT VEST BITCOIN STRATEGY FLOOR15 ETF JANUARY,BFJA,https://www.nyse.com/quote/ARCX:BFJA
ARCX,BFJL,FT VEST BITCOIN STRATEGY FLOOR15 ETF - JULY,BFJL,https://www.nyse.com/quote/ARCX:BFJL
BATS,BFLB,BUFFERLABS US EQUITY DYNAMIC BUFFER ETF,BFLB,https://www.nyse.com/quote/BATS:BFLB
XNMS,BFLX,ISHARES FLEXIBLE EQUITY ACTIVE ETF,BFLX,https://www.nyse.com/quote/XNMS:BFLX
ARCX,BFOC,FT VEST BITCOIN STRATEGY FLOOR15 ETF - OCTOBER,BFOC,https://www.nyse.com/quote/ARCX:BFOC
ARCX,BFOR,ALPS ETF TRUST BARRONS 400 ETF,BFOR,https://www.nyse.com/quote/ARCX:BFOR
ARCX,BFRZ,INNOVATOR EQUITY MANAGED 100 BUFFER ETF,BFRZ,https://www.nyse.com/quote/ARCX:BFRZ
BATS,BFXU,FT VEST LADDERED U.S. EQUITY UNCAPPED ACCELERATOR ETF,BFXU,https://www.nyse.com/quote/BATS:BFXU
XNMS,BGCG,BAILLIE GIFFORD INTERNATIONAL CONCENTRATED GROWTH ETF,BGCG,https://www.nyse.com/quote/XNMS:BGCG
ARCX,BGDV,BAHL & GAYNOR DIVIDEND ETF,BGDV,https://www.nyse.com/quote/ARCX:BGDV
XNMS,BGEG,BAILLIE GIFFORD EMERGING MARKETS ETF,BGEG,https://www.nyse.com/quote/XNMS:BGEG
XNMS,BGGG,BAILLIE GIFFORD LONG TERM GLOBAL GROWTH ETF,BGGG,https://www.nyse.com/quote/XNMS:BGGG
XNMS,BGIA,BAILLIE GIFFORD INTERNATIONAL ALPHA ETF,BGIA,https://www.nyse.com/quote/XNMS:BGIA
ARCX,BGIG,ETF SERIES SOLUTIONS BAHL & GAYNOR INCOME GROWTH ETF,BGIG,https://www.nyse.com/quote/ARCX:BGIG
BATS,BGLD,FIRST TRUST EXCHANGE TRADED FUND VEST GOLD STRATEGY QUATERLY BUFR ETF USD,BGLD,https://www.nyse.com/quote/BATS:BGLD
XNMS,BGRN,ISHARES TRUST USD GREEN BOND ETF,BGRN,https://www.nyse.com/quote/XNMS:BGRN
XNMS,BGRO,BLACKROCK ETF TRUST ISHARES LARGE CAP GROWTH ACTIVE ETF,BGRO,https://www.nyse.com/quote/XNMS:BGRO
XNMS,BHDG,NICHOLAS BITCOIN TAIL ETF,BHDG,https://www.nyse.com/quote/XNMS:BHDG
BATS,BHYB,DBX ETF TRUST XTRACKERS HIGH YIELD BB B EX FINLS,BHYB,https://www.nyse.com/quote/BATS:BHYB
ARCX,BHYP,BITWISE HYPERLIQUID ETF,BHYP,https://www.nyse.com/quote/ARCX:BHYP
XNMS,BIB,PROSHARES TRUST PROSHARES ULTRA NASDAQ BIOTECHNOLOGY,BIB,https://www.nyse.com/quote/XNMS:BIB
ARCX,BIBL,NORTHERN LIGHTS FUND TRUST IV INSPIRE 100 ETF,BIBL,https://www.nyse.com/quote/ARCX:BIBL
ARCX,BIDD,ISHARES INTERNATIONAL DIVIDEND ACTIVE ETF,BIDD,https://www.nyse.com/quote/ARCX:BIDD
XNMS,BIDG,LEVERAGE SHARES 2X LONG BIDU DAILY ETF,BIDG,https://www.nyse.com/quote/XNMS:BIDG
ARCX,BIGY,YIELDMAX TARGET 12 BIG 50 OPTION INCOME ETF,BIGY,https://www.nyse.com/quote/ARCX:BIGY
ARCX,BIL,STATE STREET SPDR BLOOMBERG 1-3 MONTH T-BILL ETF,BIL,https://www.nyse.com/quote/ARCX:BIL
ARCX,BILD,NOMURA GLOBAL LISTED INFRASTRUCTURE ETF,BILD,https://www.nyse.com/quote/ARCX:BILD
ARCX,BILS,STATE STREET SPDR BLOOMBERG 3-12 MONTH T-BILL ETF,BILS,https://www.nyse.com/quote/ARCX:BILS
BATS,BILT,ISHARES INFRASTRUCTURE ACTIVE ETF,BILT,https://www.nyse.com/quote/BATS:BILT
ARCX,BILZ,PIMCO ETF TRUST ULTRA SHORT GOVERNMENTT ACTIVE ETF,BILZ,https://www.nyse.com/quote/ARCX:BILZ
ARCX,BINC,ISHARES FLEXIBLE INCOME ACTIVE ETF,BINC,https://www.nyse.com/quote/ARCX:BINC
ARCX,BINT,BLUEMONTE GLOBAL EQUITY ETF,BINT,https://www.nyse.com/quote/ARCX:BINT
BATS,BINV,2023 ETF SER TRUST BRANDES INTERNATIONAL ETF,BINV,https://www.nyse.com/quote/BATS:BINV
XNMS,BIOY,GRANITESHARES YIELDBOOST BIOTECH ETF,BIOY,https://www.nyse.com/quote/XNMS:BIOY
XNMS,BIS,PROSHARES TRUST ULTRASHORT NASDAQ BIOTECHNOLOGY(R/S),BIS,https://www.nyse.com/quote/XNMS:BIS
XNMS,BITA,ISHARES BITCOIN PREMIUM INCOME ETF,BITA,https://www.nyse.com/quote/XNMS:BITA
ARCX,BITB,BITWISE BITCOIN ETF COMMON SHARES OF BENEFICIAL INTEREST,BITB,https://www.nyse.com/quote/ARCX:BITB
ARCX,BITC,BITWISE TRENDWISE BITCOIN AND TREASURIES ROTATION STRATEGY ETF,BITC,https://www.nyse.com/quote/ARCX:BITC
ARCX,BITI,PROSHARES SHORT BITCOIN ETF,BITI,https://www.nyse.com/quote/ARCX:BITI
BATS,BITK,TUTTLE CAPITAL BITCOIN 0DTE COVERED CALL ETF,BITK,https://www.nyse.com/quote/BATS:BITK
ARCX,BITO,PROSHARES BITCOIN ETF,BITO,https://www.nyse.com/quote/ARCX:BITO
ARCX,BITQ,BITWISE CRYPTO INDUSTRY INNOVATORS ETF,BITQ,https://www.nyse.com/quote/ARCX:BITQ
XNMS,BITS,GLOBAL X FDS BLOCKCHAIN & BITCOIN STRATEGY ETF (P/S),BITS,https://www.nyse.com/quote/XNMS:BITS
ARCX,BITU,PROSHARES TRUST ULTRA BITCOIN ETF,BITU,https://www.nyse.com/quote/ARCX:BITU
ARCX,BITW,BITWISE 10 CRYPTO INDEX ETF,BITW,https://www.nyse.com/quote/ARCX:BITW
BATS,BITX,2X BITCOIN ETF,BITX,https://www.nyse.com/quote/BATS:BITX
BATS,BITY,AMPLIFY BITCOIN 2% MONTHLY OPTION INCOME ETF,BITY,https://www.nyse.com/quote/BATS:BITY
ARCX,BIV,VANGUARD BOND INDEX FUNDS INTERMEDIATE-TERM BOND,BIV,https://www.nyse.com/quote/ARCX:BIV
ARCX,BIZD,VANECK ETF TR VANECK BDC INCOME ETF,BIZD,https://www.nyse.com/quote/ARCX:BIZD
BATS,BJAN,INNOVATOR ETFS TRUST INNOVATOR US EQUTY BUFFER ETF JANUA,BJAN,https://www.nyse.com/quote/BATS:BJAN
BATS,BJUL,INNOVATOR ETFS TRUST INNOVATOR US EQUITY BUFFER ETF JULY,BJUL,https://www.nyse.com/quote/BATS:BJUL
BATS,BJUN,INNOVATOR ETFS TRUST INNOVATOR US EQUITY BUFFER ETF JUNE,BJUN,https://www.nyse.com/quote/BATS:BJUN
ARCX,BKAG,BNY MELLON ETF TR CORE BD ETF,BKAG,https://www.nyse.com/quote/ARCX:BKAG
ARCX,BKCG,BNY MELLON CONCENTRATED GROWTH ETF,BKCG,https://www.nyse.com/quote/ARCX:BKCG
XNMS,BKCH,GLOBAL X FDS BLOCKCHAIN ETF (POST REV SPLIT),BKCH,https://www.nyse.com/quote/XNMS:BKCH
ARCX,BKCI,BNY MELLON ETF TR CONCENTRATED INTERNATIONAL ETF,BKCI,https://www.nyse.com/quote/ARCX:BKCI
ARCX,BKDV,BNY MELLON DYNAMIC VALUE ETF,BKDV,https://www.nyse.com/quote/ARCX:BKDV
ARCX,BKEM,BNY MELLON ETF TR EMERGING MKTS EQUITY ETF,BKEM,https://www.nyse.com/quote/ARCX:BKEM
ARCX,BKF,ISHARES INC MSCI BIC ETF,BKF,https://www.nyse.com/quote/ARCX:BKF
ARCX,BKFI,BNY MELLON ACTIVE CORE BOND ETF,BKFI,https://www.nyse.com/quote/ARCX:BKFI
BATS,BKGI,BNY MELLON ETF TR GLOBAL INFRASTRUCTURE INCOME ETF,BKGI,https://www.nyse.com/quote/BATS:BKGI
ARCX,BKHY,BNY MELLON HIGH YIELD ETF,BKHY,https://www.nyse.com/quote/ARCX:BKHY
ARCX,BKIE,BNY MELLON ETF TR INTL EQUITY ETF,BKIE,https://www.nyse.com/quote/ARCX:BKIE
ARCX,BKLC,BNY MELLON ETF TR US LARGE CAP CORE EQUITY ETF,BKLC,https://www.nyse.com/quote/ARCX:BKLC
ARCX,BKLG,BNY MELLON US LARGE CAP EQUITY GROWTH ETF,BKLG,https://www.nyse.com/quote/ARCX:BKLG
ARCX,BKLN,INVESCO EXCHANGE TRADED FD TR II SR LN ETF,BKLN,https://www.nyse.com/quote/ARCX:BKLN
ARCX,BKMC,BNY MELLON ETF TR BNY MELLON US MID CAP CORE EQUITY ETF,BKMC,https://www.nyse.com/quote/ARCX:BKMC
XNMS,BKMI,BNY MELLON MUNICIPAL INTERMEDIATE ETF,BKMI,https://www.nyse.com/quote/XNMS:BKMI
XNMS,BKMS,BNY MELLON MUNICIPAL SHORT DURATION ETF,BKMS,https://www.nyse.com/quote/XNMS:BKMS
ARCX,BKSE,BNY MELLON ETF TR BNY MELLON US SMALL CAP CORE EQUITY ETF,BKSE,https://www.nyse.com/quote/ARCX:BKSE
ARCX,BKUI,BNY MELLON ETF TR ULTRA SHORT INCOME ETF,BKUI,https://www.nyse.com/quote/ARCX:BKUI
BATS,BLCK,CORGI CRYPTO INFRASTRUCTURE ETF,BLCK,https://www.nyse.com/quote/BATS:BLCK
XNMS,BLCN,SIREN NEXGEN ECONOMY ETF,BLCN,https://www.nyse.com/quote/XNMS:BLCN
XNMS,BLCR,BLACKROCK ETF TRUST ISHARES LARGE CAP CORE ACTIVE ETF,BLCR,https://www.nyse.com/quote/XNMS:BLCR
ARCX,BLCV,ISHARES LARGE CAP VALUE ACTIVE ETF,BLCV,https://www.nyse.com/quote/ARCX:BLCV
BATS,BLDG,CAMBRIA ETF TRUST GLOBAL REAL ESTATE ETF,BLDG,https://www.nyse.com/quote/BATS:BLDG
ARCX,BLDX,IMPAX GLOBAL SUSTAINABLE INFRASTRUCTURE ETF,BLDX,https://www.nyse.com/quote/ARCX:BLDX
ARCX,BLES,NORTHERN LIGHTS FUND TRUST IV INSPIRE GLOBAL HOPE ETF,BLES,https://www.nyse.com/quote/ARCX:BLES
ARCX,BLGR,BLUEMONTE LARGE CAP GROWTH ETF,BLGR,https://www.nyse.com/quote/ARCX:BLGR
XNYS,BLHY,VIRTUS NEWFLEET HIGH YIELD BOND ETF,BLHY,https://www.nyse.com/quote/XNYS:BLHY
ARCX,BLOK,AMPLIFY BLOCKCHAIN TECHNOLOGY ETF,BLOK,https://www.nyse.com/quote/ARCX:BLOK
ARCX,BLOX,NICHOLAS CRYPTO INCOME ETF,BLOX,https://www.nyse.com/quote/ARCX:BLOX
XNMS,BLSG,LEVERAGE SHARES 2X LONG BLSH DAILY ETF,BLSG,https://www.nyse.com/quote/XNMS:BLSG
ARCX,BLST,BLUEMONTE SHORT TERM BOND ETF,BLST,https://www.nyse.com/quote/ARCX:BLST
ARCX,BLTD,BLUEMONTE LONG TERM BOND ETF,BLTD,https://www.nyse.com/quote/ARCX:BLTD
ARCX,BLUC,BLUEMONTE LARGE CAP CORE ETF,BLUC,https://www.nyse.com/quote/ARCX:BLUC
ARCX,BLUI,BLUEMONTE DIVERSIFIED INCOME ETF,BLUI,https://www.nyse.com/quote/ARCX:BLUI
ARCX,BLUX,BLUEMONTE DYNAMIC TOTAL MARKET ETF,BLUX,https://www.nyse.com/quote/ARCX:BLUX
ARCX,BLV,VANGUARD BOND INDEX FUNDS LONG-TERM BOND,BLV,https://www.nyse.com/quote/ARCX:BLV
BATS,BMAR,INNOVATOR ETFS TRUST INNOVATOR US EQUTY BUFFER ETF MARCH,BMAR,https://www.nyse.com/quote/BATS:BMAR
BATS,BMAY,INNOVATOR ETFS TRUST INNOVATOR US EQUTY BUFFER ETF MAY,BMAY,https://www.nyse.com/quote/BATS:BMAY
ARCX,BMED,ISHARES HEALTH INNOVATION ACTIVE ETF,BMED,https://www.nyse.com/quote/ARCX:BMED
XNMS,BMNG,LEVERAGE SHARES 2X LONG BMNR DAILY ETF,BMNG,https://www.nyse.com/quote/XNMS:BMNG
BATS,BMNU,T-REX 2X LONG BMNR DAILY TARGET ETF,BMNU,https://www.nyse.com/quote/BATS:BMNU
ARCX,BMNZ,DEFIANCE DAILY TARGET 2X SHORT BMNR ETF,BMNZ,https://www.nyse.com/quote/ARCX:BMNZ
XNMS,BMOP,BNY MELLON MUNICIPAL OPPORTUNITIES ETF,BMOP,https://www.nyse.com/quote/XNMS:BMOP
ARCX,BMVP,INVESCO EXCHANGE TRADED FD TR BLOOMBERG MVP MULTI FACTOR ETF,BMVP,https://www.nyse.com/quote/ARCX:BMVP
XNMS,BND,VANGUARD BOND INDEX FUNDS TOTAL BOND MARKET ETF,BND,https://www.nyse.com/quote/XNMS:BND
ARCX,BNDC,FLEXSHARES TRUST CORE SELECT BOND FUND,BNDC,https://www.nyse.com/quote/ARCX:BNDC
XNYS,BNDC,FLEXSHARES TRUST,BNDC,https://www.nyse.com/quote/XNYS:BNDC
ARCX,BNDD,KRANESHARES TR QUADRATIC DEFLATION ETF,BNDD,https://www.nyse.com/quote/ARCX:BNDD
ARCX,BNDI,NEOS ETF TRUST NEOS ENHANCED INCOME AGGREGATE BOND ETF,BNDI,https://www.nyse.com/quote/ARCX:BNDI
XNMS,BNDP,VANGUARD CORE-PLUS BOND INDEX ETF,BNDP,https://www.nyse.com/quote/XNMS:BNDP
ARCX,BNDS,INFRASTRUCTURE CAPITAL BOND INCOME ETF,BNDS,https://www.nyse.com/quote/ARCX:BNDS
XNMS,BNDW,VANGUARD SCOTTSDALE FUNDS TOTAL WORLD BOND ETF,BNDW,https://www.nyse.com/quote/XNMS:BNDW
XNMS,BNDX,VANGUARD CHARLOTTE FUNDS TOTAL INTERNATIONAL BOND ETF,BNDX,https://www.nyse.com/quote/XNMS:BNDX
BATS,BNDY,HORIZON CORE BOND ETF,BNDY,https://www.nyse.com/quote/BATS:BNDY
ARCX,BNGE,FIRST TR EXCHANGE TRADED FD VI S NETWORK STREAMING & GAMING ETF,BNGE,https://www.nyse.com/quote/ARCX:BNGE
ARCX,BNKD,"MICROSECTORS U.S. BIG BANKS -3A INVERSE LEVERAGED ETNS DUE FEBRUARY 17, 2045",BNKD,https://www.nyse.com/quote/ARCX:BNKD
ARCX,BNKU,"MICROSECTORS U.S. BIG BANKS 3 LEVERAGED ETNS DUE FEBRUARY 17, 2045",BNKU,https://www.nyse.com/quote/ARCX:BNKU
BATS,BNMC,CORGI BMNR 2X DAILY ETF,BNMC,https://www.nyse.com/quote/BATS:BNMC
ARCX,BNO,UNITED STS BRENT OIL FD LP UNIT,BNO,https://www.nyse.com/quote/ARCX:BNO
BATS,BNOV,INNOVATOR ETFS TRUST INNOVATOR US EQUTY BUFFER ETF NOVE,BNOV,https://www.nyse.com/quote/BATS:BNOV
ARCX,BOAT,TIDAL ETF TRUST SONICSHARES GLOBAL SHIPPING ETF,BOAT,https://www.nyse.com/quote/ARCX:BOAT
ARCX,BOBP,CORE16 BEST OF BREED PREMIER INDEX ETF ,BOBP,https://www.nyse.com/quote/ARCX:BOBP
BATS,BOCT,INNOVATOR ETFS TRUST INNOVATOR US EQUTY BUFFER ETF OCTOBER,BOCT,https://www.nyse.com/quote/BATS:BOCT
XNMS,BOEG,LEVERAGE SHARES 2X LONG BA DAILY ETF,BOEG,https://www.nyse.com/quote/XNMS:BOEG
XNMS,BOEU,DIREXION DAILY BA BULL 2X ETF,BOEU,https://www.nyse.com/quote/XNMS:BOEU
ARCX,BOIL,PROSHARES ULTRA BLOOMBERG NATURAL GAS,BOIL,https://www.nyse.com/quote/ARCX:BOIL
XNYS,BOND,PIMCO ETF TRUST ACTIVE BD EXCHANGE TRADED BD USD,BOND,https://www.nyse.com/quote/XNYS:BOND
XNMS,BOTT,THEMES HUMANOID ROBOTICS ETF,BOTT,https://www.nyse.com/quote/XNMS:BOTT
XNMS,BOTZ,GLOBAL X FDS GBL X ROBOTICS & ARTIFICIAL INTL ETF USD,BOTZ,https://www.nyse.com/quote/XNMS:BOTZ
XNYS,BOTZ,GLOBAL X FDS,BOTZ,https://www.nyse.com/quote/XNYS:BOTZ
ARCX,BOUT,CAPITAL-FORCE ETF TRUST,BOUT,https://www.nyse.com/quote/ARCX:BOUT
BATS,BOXA,ALPHA ARCHITECT AGGREGATE BOND ETF,BOXA,https://www.nyse.com/quote/BATS:BOXA
BATS,BOXX,EA SERIES TRUST ALPHA ARCHITECT 1-3 MONTH BOX ETF,BOXX,https://www.nyse.com/quote/BATS:BOXX
ARCX,BPAY,ISHARES FINTECH ACTIVE ETF,BPAY,https://www.nyse.com/quote/ARCX:BPAY
ARCX,BPH,BP PLC ADRHEDGED,BPH,https://www.nyse.com/quote/ARCX:BPH
ARCX,BPI,GRAYSCALE BITCOIN PREMIUM INCOME ETF,BPI,https://www.nyse.com/quote/ARCX:BPI
ARCX,BPRO,BITWISE PROFICIO CURRENCY DEBASEMENT ETF,BPRO,https://www.nyse.com/quote/ARCX:BPRO
ARCX,BRAZ,GLOBAL X FDS BRAZIL ACTIVE ETF,BRAZ,https://www.nyse.com/quote/ARCX:BRAZ
XNYS,BRCE,MFS BLENDED RESEARCH CORE EQUITY ETF,BRCE,https://www.nyse.com/quote/XNYS:BRCE
XNYS,BREE,MFS BLENDED RESEARCH EMERGING MARKETS EQUITY ETF,BREE,https://www.nyse.com/quote/XNYS:BREE
XNMS,BREM,ISHARES EMERGING MARKETS BOND ACTIVE ETF,BREM,https://www.nyse.com/quote/XNMS:BREM
XNMS,BRES,BURNEY U.S. EQUITY SELECT ETF,BRES,https://www.nyse.com/quote/XNMS:BRES
BATS,BREW,CORGI COFFEE & ENERGY DRINKS ETF,BREW,https://www.nyse.com/quote/BATS:BREW
ARCX,BRF,VANECK ETF TR VANECK BRAZIL SMALL-CAP ETF,BRF,https://www.nyse.com/quote/ARCX:BRF
XNMS,BRHY,BLACKROCK ETF TRUST II ISHARES HIGH YIELD ACTIVE ETF,BRHY,https://www.nyse.com/quote/XNMS:BRHY
ARCX,BRIB,FIS BRIGHT PORTFOLIOS CORE BOND ETF,BRIB,https://www.nyse.com/quote/ARCX:BRIB
XNYS,BRIE,MFS BLENDED RESEARCH INTERNATIONAL EQUITY ETF,BRIE,https://www.nyse.com/quote/XNYS:BRIE
ARCX,BRIF,FIS BRIGHT PORTFOLIOS FOCUSED EQUITY ETF,BRIF,https://www.nyse.com/quote/ARCX:BRIF
ARCX,BRKC,YIELDMAX BRK.B OPTION INCOME STRATEGY ETF,BRKC,https://www.nyse.com/quote/ARCX:BRKC
BATS,BRKL,CORGI BRKB 2X DAILY ETF,BRKL,https://www.nyse.com/quote/BATS:BRKL
XNMS,BRKU,DIREXION DAILY BRKB BULL 2X ETF,BRKU,https://www.nyse.com/quote/XNMS:BRKU
BATS,BRKW,ROUNDHILL BRKB WEEKLYPAY ETF,BRKW,https://www.nyse.com/quote/BATS:BRKW
BATS,BRLN,ISHARES FLOATING RATE LOAN ACTIVE ETF,BRLN,https://www.nyse.com/quote/BATS:BRLN
XNMS,BRNY,EA SERIES TRUST BURNEY US FACTOR ROTATION ETF,BRNY,https://www.nyse.com/quote/XNMS:BRNY
XNYS,BROL,BARON RISK OPTIMIZED LARGE CAP ETF,BROL,https://www.nyse.com/quote/XNYS:BROL
XNMS,BRRR,COINSHARES BITCOIN ETF,BRRR,https://www.nyse.com/quote/XNMS:BRRR
ARCX,BRSM,MFS BLENDED RESEARCH SMALL-MID CAP ETF,BRSM,https://www.nyse.com/quote/ARCX:BRSM
XNMS,BRTR,BLACKROCK ETF TRUST II ISHARES TOTAL RETURN ACTIVE ETF,BRTR,https://www.nyse.com/quote/XNMS:BRTR
ARCX,BRZU,DIREXION DAILY MSCI BRAZIL BULL 2X ETF,BRZU,https://www.nyse.com/quote/ARCX:BRZU
BATS,BRZX,CORGI BRAZIL 2X DAILY ETF,BRZX,https://www.nyse.com/quote/BATS:BRZX
XNMS,BSCA,INVESCO BULLETSHARES 2036 CORPORATE BOND ETF,BSCA,https://www.nyse.com/quote/XNMS:BSCA
XNYS,BSCQ,Invesco BulletShares 2026 Corporate Bond ETF,BSCQ,https://www.nyse.com/quote/XNYS:BSCQ
XNMS,BSCQ,INVESCO EXCHANGE TRADED SELF IDX FT BULLETSHARES 2026 CORPORATE BD ETF,BSCQ,https://www.nyse.com/quote/XNMS:BSCQ
XNMS,BSCR,INVESCO EXCHANGE TRADED SELF IDX FT BULLETSHARES 2027 CORP BD ETF,BSCR,https://www.nyse.com/quote/XNMS:BSCR
XNMS,BSCS,INVESCO EXCHANGE TRADED SELF IDX FT BULLETSHARES 2028 CORPORATE BOND ETF,BSCS,https://www.nyse.com/quote/XNMS:BSCS
XNMS,BSCT,INVESCO EXCHANGE TRADED SELF IDX FT BULLETSHARES 2029 CORPORATE BOND ETF,BSCT,https://www.nyse.com/quote/XNMS:BSCT
XNMS,BSCU,INVESCO EXCHANGE TRADED SELF IDX FT INVESCO BULLETSHARES 2030 CORP BD ETF,BSCU,https://www.nyse.com/quote/XNMS:BSCU
XNMS,BSCV,INVESCO EXCHANGE TRADED SELF IDX FT BULLETSHARES 2031 CORPORATE BD ETF,BSCV,https://www.nyse.com/quote/XNMS:BSCV
XNMS,BSCW,INVESCO EXCHANGE TRD SELF IDX FD TR BULLETSHARES 2032 CORPORATE BOND ETF,BSCW,https://www.nyse.com/quote/XNMS:BSCW
XNMS,BSCX,INVESCO EXCHANGE TRD SELF IDX FD TR INVESCO BULLETSHARES 2033 CORP BD ETF,BSCX,https://www.nyse.com/quote/XNMS:BSCX
XNMS,BSCY,INVESCO BULLETSHARES 2034 CORPORATE BOND ETF,BSCY,https://www.nyse.com/quote/XNMS:BSCY
XNMS,BSCZ,INVESCO BULLETSHARES 2035 CORPORATE BOND ETF,BSCZ,https://www.nyse.com/quote/XNMS:BSCZ
BATS,BSEP,INNOVATOR ETFS TRUST INNOVATOR US EQUITY BUFFER ETF SEPTEMB,BSEP,https://www.nyse.com/quote/BATS:BSEP
XNMS,BSGR,INVESCO BULLETSHARES 2027 TREASURY BOND ETF,BSGR,https://www.nyse.com/quote/XNMS:BSGR
XNMS,BSGT,INVESCO BULLETSHARES 2029 TREASURY BOND ETF,BSGT,https://www.nyse.com/quote/XNMS:BSGT
XNYS,BSJO,Invesco BulletShares 2024 High Yield Corporate Bond ETF,BSJO,https://www.nyse.com/quote/XNYS:BSJO
XNMS,BSJQ,INVESCO EXCHANGE TRADED SELF IDX FT BULLETSHARES 2026 HIGH YLD CORP BD ETF,BSJQ,https://www.nyse.com/quote/XNMS:BSJQ
XNMS,BSJR,INVESCO EXCHANGE TRADED SELF IDX FT BULLETSHARES 2027 HIGH YIELD CORP BD ETF,BSJR,https://www.nyse.com/quote/XNMS:BSJR
XNMS,BSJS,INVESCO EXCHANGE TRADED SELF IDX FT INVESCO BULLETSHS 2028 HGH YIELD COR ETF,BSJS,https://www.nyse.com/quote/XNMS:BSJS
XNMS,BSJT,INVESCO EXCHANGE TRADED SELF IDX FT BULLETSHARES 2029 HIGH YIELD CORP BD ETF,BSJT,https://www.nyse.com/quote/XNMS:BSJT
XNMS,BSJU,INVESCO EXCHANGE TRD SELF IDX FD TR BULLETSHARES 2030 HIGH YIELD CORP BD ETF,BSJU,https://www.nyse.com/quote/XNMS:BSJU
XNMS,BSJV,INVESCO EXCHANGE TRD SELF IDX FD TR INVESCO BULLTSHRS 2031 HGH YD CRP BD ETF,BSJV,https://www.nyse.com/quote/XNMS:BSJV
XNMS,BSJW,INVESCO BULLETSHARES 2032 HIGH YIELD CORPORATE BOND ETF,BSJW,https://www.nyse.com/quote/XNMS:BSJW
XNMS,BSJX,INVESCO BULLETSHARES 2033 HIGH YIELD CORPORATE BOND ETF,BSJX,https://www.nyse.com/quote/XNMS:BSJX
XNMS,BSJY,INVESCO BULLETSHARES 2034 HIGH YIELD CORPORATE BOND ETF,BSJY,https://www.nyse.com/quote/XNMS:BSJY
BATS,BSMC,2023 ETF SER TRUST BRANDES US SMALL MID CAP VALUE ETF,BSMC,https://www.nyse.com/quote/BATS:BSMC
XNMS,BSMQ,INVESCO EXCHANGE TRADED SELF IDX FT BULLETSHARES 2026 MUN BD ETF,BSMQ,https://www.nyse.com/quote/XNMS:BSMQ
XNMS,BSMR,INVESCO EXCHANGE TRADED SELF IDX FT BULLETSHARES 2027 MUN BD ETF,BSMR,https://www.nyse.com/quote/XNMS:BSMR
XNMS,BSMS,INVESCO EXCHANGE TRADED SELF IDX FT BULLETSHARES 2028 MUN BD ETF,BSMS,https://www.nyse.com/quote/XNMS:BSMS
XNMS,BSMT,INVESCO EXCHANGE TRADED SELF IDX FT BULLETSHARES 2029 MUN BD ETF,BSMT,https://www.nyse.com/quote/XNMS:BSMT
XNMS,BSMU,INVESCO EXCHANGE TRADED SELF IDX FT INVESCO BULLETSHARES 2030 MUN BD ETF,BSMU,https://www.nyse.com/quote/XNMS:BSMU
XNMS,BSMV,INVESCO EXCHANGE TRADED SELF IDX FT BULLETSHARES 2031 MUN BD ETF,BSMV,https://www.nyse.com/quote/XNMS:BSMV
XNMS,BSMW,INVESCO EXCHANGE TRD SELF IDX FD TR BULLETSHARES 2032 MUNICIPAL BOND ETF,BSMW,https://www.nyse.com/quote/XNMS:BSMW
XNMS,BSMY,INVESCO BULLETSHARES 2034 MUNICIPAL BOND ETF,BSMY,https://www.nyse.com/quote/XNMS:BSMY
XNMS,BSMZ,INVESCO BULLETSHARES 2035 MUNICIPAL BOND ETF,BSMZ,https://www.nyse.com/quote/XNMS:BSMZ
ARCX,BSOL,BITWISE SOLANA STAKING ETF,BSOL,https://www.nyse.com/quote/ARCX:BSOL
ARCX,BSR,BEACON UNIFIED CATALYST ETF,BSR,https://www.nyse.com/quote/ARCX:BSR
XNMS,BSSX,INVESCO EXCHANGE TRD SELF IDX FD TR INVESCO BULLETSHARES 2033 MUN BD ETF,BSSX,https://www.nyse.com/quote/XNMS:BSSX
ARCX,BSTP,INNOVATOR ETFS TRUST BUFFER STEP UP STRATEGY ETF,BSTP,https://www.nyse.com/quote/ARCX:BSTP
XNMS,BSTS,INVESCO BULLETSHARES 2028 TREASURY BOND ETF,BSTS,https://www.nyse.com/quote/XNMS:BSTS
XNMS,BSTU,INVESCO BULLETSHARES 2030 TREASURY BOND ETF,BSTU,https://www.nyse.com/quote/XNMS:BSTU
XNMS,BSTV,INVESCO BULLETSHARES 2031 TREASURY BOND ETF,BSTV,https://www.nyse.com/quote/XNMS:BSTV
ARCX,BSV,VANGUARD BOND INDEX FUNDS SHORT-TERM BOND,BSV,https://www.nyse.com/quote/ARCX:BSV
XNMS,BSVO,EA SERIES TRUST BRIDGEWAY OMNI SMALL-CAP VALUE ETF,BSVO,https://www.nyse.com/quote/XNMS:BSVO
ARCX,BTAL,AGF INVESTMENTS TRUST AGF U.S. MARKET NEUTRAL ANTI-BETA FUND,BTAL,https://www.nyse.com/quote/ARCX:BTAL
ARCX,BTC,GRAYSCALE BITCOIN MINI TRUST ETF,BTC,https://www.nyse.com/quote/ARCX:BTC
ARCX,BTCC,GRAYSCALE BITCOIN COVERED CALL ETF,BTCC,https://www.nyse.com/quote/ARCX:BTCC
BATS,BTCI,NEOS BITCOIN HIGH INCOME ETF,BTCI,https://www.nyse.com/quote/BATS:BTCI
ARCX,BTCK,7RCC SPOT BITCOIN AND CARBON CREDIT FUTURES ETF,BTCK,https://www.nyse.com/quote/ARCX:BTCK
BATS,BTCL,T-REX 2X LONG BITCOIN DAILY TARGET ETF,BTCL,https://www.nyse.com/quote/BATS:BTCL
BATS,BTCO,INVESCO GALAXY BITCOIN ETF COM SHS BEN INT,BTCO,https://www.nyse.com/quote/BATS:BTCO
ARCX,BTCU,DIREXION DAILY BITCOIN BULL 2X ETF,BTCU,https://www.nyse.com/quote/ARCX:BTCU
BATS,BTCW,WISDOMTREE BITCOIN FUND SHS BEN INT,BTCW,https://www.nyse.com/quote/BATS:BTCW
BATS,BTCZ,T-REX 2X INVERSE BITCOIN DAILY TARGET ETF,BTCZ,https://www.nyse.com/quote/BATS:BTCZ
XNMS,BTF,COINSHARES BITCOIN AND ETHER ETF,BTF,https://www.nyse.com/quote/XNMS:BTF
XNMS,BTGD,STKD 100% BITCOIN & 100% GOLD ETF,BTGD,https://www.nyse.com/quote/XNMS:BTGD
ARCX,BTOT,ISHARES TOTAL USD FIXED INCOME MARKET ETF,BTOT,https://www.nyse.com/quote/ARCX:BTOT
ARCX,BTR,NORTHERN LIGHTS FUND TRUST II BEACON TACTICAL RISK ETF,BTR,https://www.nyse.com/quote/ARCX:BTR
ARCX,BTRN,GLOBAL X FDS BITCOIN TREND STRATEGY ETF,BTRN,https://www.nyse.com/quote/ARCX:BTRN
ARCX,BUCK,SIMPLIFY TREASURY OPTION INCOME ETF,BUCK,https://www.nyse.com/quote/ARCX:BUCK
BATS,BUFB,INNOVATOR ETFS TRUST LADDERED ALLOCATION BUFFER ETF,BUFB,https://www.nyse.com/quote/BATS:BUFB
XNMS,BUFC,AB ACTIVE ETFS INC CONSERVATIVE BUFFER ETF USD,BUFC,https://www.nyse.com/quote/XNMS:BUFC
BATS,BUFD,FT VEST LADDERED DEEP BUFFER ETF,BUFD,https://www.nyse.com/quote/BATS:BUFD
BATS,BUFE,FT VEST LADDERED EMERGING MARKETS BUFFER ETF,BUFE,https://www.nyse.com/quote/BATS:BUFE
BATS,BUFF,INNOVATOR ETFS TRUST LADDERED ALLOCATION POWER BUFFER ETF,BUFF,https://www.nyse.com/quote/BATS:BUFF
BATS,BUFG,FIRST TR EXCHANGE TRADED FD VIII VEST BUFFERED ALLOCATION GROWTH ETF,BUFG,https://www.nyse.com/quote/BATS:BUFG
BATS,BUFH,FT VEST LADDERED MAX BUFFER ETF,BUFH,https://www.nyse.com/quote/BATS:BUFH
XNMS,BUFI,AB INTERNATIONAL BUFFER ETF,BUFI,https://www.nyse.com/quote/XNMS:BUFI
XNMS,BUFM,AB MODERATE BUFFER ETF,BUFM,https://www.nyse.com/quote/XNMS:BUFM
BATS,BUFP,PGIM LADDERED S&P 500 BUFFER 12 ETF,BUFP,https://www.nyse.com/quote/BATS:BUFP
BATS,BUFQ,FT VEST LADDERED NASDAQ BUFFER ETF,BUFQ,https://www.nyse.com/quote/BATS:BUFQ
BATS,BUFR,FT VEST LADDERED BUFFER ETF,BUFR,https://www.nyse.com/quote/BATS:BUFR
BATS,BUFS,FT VEST LADDERED SMALL CAP MODERATE BUFFER ETF,BUFS,https://www.nyse.com/quote/BATS:BUFS
BATS,BUFT,FIRST TR EXCHANGE TRADED FD VIII VEST BUFFERED ALLOCATION DEFENSIVE ETF,BUFT,https://www.nyse.com/quote/BATS:BUFT
BATS,BUFX,FT VEST LADDERED ENHANCE & MODERATE BUFFER ETF,BUFX,https://www.nyse.com/quote/BATS:BUFX
BATS,BUFY,FT VEST LADDERED INTERNATIONAL MODERATE BUFFER ETF,BUFY,https://www.nyse.com/quote/BATS:BUFY
BATS,BUFZ,FIRST TR EXCHANGE TRADED FD VIII FT VEST LADDERED MODERATE BUFFER ETF,BUFZ,https://www.nyse.com/quote/BATS:BUFZ
XNMS,BUG,GLOBAL X FDS CYBERSECURITY ETF,BUG,https://www.nyse.com/quote/XNMS:BUG
ARCX,BUL,PACER FDS TR US CASH COWS GROWTH ETF,BUL,https://www.nyse.com/quote/ARCX:BUL
XNMS,BULD,PACER FDS TR BLUESTAR ENGINEERING THE FUTURE ETF,BULD,https://www.nyse.com/quote/XNMS:BULD
XNMS,BULG,LEVERAGE SHARES 2X LONG BULL DAILY ETF,BULG,https://www.nyse.com/quote/XNMS:BULG
BATS,BUSA,2023 ETF SER TRUST BRANDES US VALUE ETF,BUSA,https://www.nyse.com/quote/BATS:BUSA
XNYS,BUXX,EA SERIES TRUST STRIVE ENHANCED INCOME SHRT MATURITY ETF,BUXX,https://www.nyse.com/quote/XNYS:BUXX
ARCX,BUYB,PROSHARES S&P 500 BUYBACK ARISTOCRATS ETF,BUYB,https://www.nyse.com/quote/ARCX:BUYB
ARCX,BUYO,KRANESHARES MAN BUYOUT BETA INDEX ETF,BUYO,https://www.nyse.com/quote/ARCX:BUYO
BATS,BUYW,NORTHERN LIGHTS FUND TRUST IV MAIN BUYWRITE ETF,BUYW,https://www.nyse.com/quote/BATS:BUYW
BATS,BUYZ,FRANKLIN TEMPLETON ETF TR DISRUPTIVE COMMERCE ETF,BUYZ,https://www.nyse.com/quote/BATS:BUYZ
ARCX,BUZZ,VANECK ETF TR VANECK SOCIAL SENTIMENT ETF,BUZZ,https://www.nyse.com/quote/ARCX:BUZZ
ARCX,BVAL,BLUEMONTE LARGE CAP VALUE ETF,BVAL,https://www.nyse.com/quote/ARCX:BVAL
ARCX,BWET,AMPLIFY COMMODITY TRUST BREAKWAVE TANKER SHIPPING ETF,BWET,https://www.nyse.com/quote/ARCX:BWET
ARCX,BWOW,BITWISE DOGECOIN ETF,BWOW,https://www.nyse.com/quote/ARCX:BWOW
BATS,BWQG,BWM QUALITY GROWTH ETF,BWQG,https://www.nyse.com/quote/BATS:BWQG
BATS,BWTG,ETF OPPORTUNITIES TR BRENDAN WOOD TOPGUN INDEX ETF,BWTG,https://www.nyse.com/quote/BATS:BWTG
ARCX,BWX,STATE STREET SPDR BLOOMBERG INTERNATIONAL TREASURY BOND ETF,BWX,https://www.nyse.com/quote/ARCX:BWX
ARCX,BWZ,STATE STREET SPDR BLOOMBERG SHORT TERM INTERNATIONAL TREASURY BOND ETF,BWZ,https://www.nyse.com/quote/ARCX:BWZ
ARCX,BYLD,ISHARES TRUST YIELD OPTIMIZED BD ETF,BYLD,https://www.nyse.com/quote/ARCX:BYLD
ARCX,BYRE,PRINCIPAL EXCHANGE-TRADED FDS REAL ESTATE ACTIVE OPPORTUNITIES ETF,BYRE,https://www.nyse.com/quote/ARCX:BYRE
ARCX,BZQ,PROSHARES TRUST ULTRASHORT MSCI BRAZIL CAPPED,BZQ,https://www.nyse.com/quote/ARCX:BZQ
BATS,BZZ,CORGI DRONES & URBAN AIR MOBILITY ETF,BZZ,https://www.nyse.com/quote/BATS:BZZ
ARCX,CAAA,FIRST TRUST AAA CMBS ETF,CAAA,https://www.nyse.com/quote/ARCX:CAAA
BATS,CABZ,"ROUNDHILL ROBOTAXI, AUTONOMOUS VEHICLES & TECHNOLOGY ETF",CABZ,https://www.nyse.com/quote/BATS:CABZ
XNMS,CAFG,PACER FDS TR US SM CAP CASH COWS GROWTH LEADERS ETF,CAFG,https://www.nyse.com/quote/XNMS:CAFG
ARCX,CAFX,CONGRESS INTERMEDIATE BOND ETF,CAFX,https://www.nyse.com/quote/ARCX:CAFX
ARCX,CAGE,CALAMOS AUTOCALLABLE GROWTH ETF,CAGE,https://www.nyse.com/quote/ARCX:CAGE
ARCX,CAIE,CALAMOS AUTOCALLABLE INCOME ETF,CAIE,https://www.nyse.com/quote/ARCX:CAIE
XNMS,CAIQ,CALAMOS NASDAQ AUTOCALLABLE INCOME ETF,CAIQ,https://www.nyse.com/quote/XNMS:CAIQ
BATS,CALF,PACER US SMALL CAP CASH COWS ETF,CALF,https://www.nyse.com/quote/BATS:CALF
XNMS,CALI,BLACKROCK ETF TRUST II ISHARES SHORT-TERM CALIFORNIA MUNI ACTIVE ETF,CALI,https://www.nyse.com/quote/XNMS:CALI
ARCX,CAM,AB CALIFORNIA INTERMEDIATE MUNICIPAL ETF,CAM,https://www.nyse.com/quote/ARCX:CAM
BATS,CAMC,CORGI CAMT 2X DAILY ETF,CAMC,https://www.nyse.com/quote/BATS:CAMC
ARCX,CAML,PROFESSIONALLY MANAGED PORTFOLIOS CONGRESS LARGE CAP GROWTH ETF,CAML,https://www.nyse.com/quote/ARCX:CAML
ARCX,CAMX,ADVISORS INNER CIRCLE FUND CAMBIAR AGGRESSIVE VALUE ETF,CAMX,https://www.nyse.com/quote/ARCX:CAMX
XNMS,CANC,TEMA ETF TRUST ONCOLOGY ETF,CANC,https://www.nyse.com/quote/XNMS:CANC
ARCX,CANE,TEUCRIUM COMMODITY TRUST SUGAR FUND,CANE,https://www.nyse.com/quote/ARCX:CANE
XNMS,CANQ,CALAMOS ETF TRUST CALAMOS NASDAQ EQUITY & INCOME ETF,CANQ,https://www.nyse.com/quote/XNMS:CANQ
BATS,CAOS,EA SERIES TRUST ALPHA ARCHITECT TAIL RISK ETF (P/S),CAOS,https://www.nyse.com/quote/BATS:CAOS
ARCX,CAPE,DOUBLELINE ETF TRUST SHILLER CAPE US EQUITIES ETF,CAPE,https://www.nyse.com/quote/ARCX:CAPE
ARCX,CARD,BANK OF MONTREAL MAX AUTO INDUSTRY -3X INVERSE LEVERAGED,CARD,https://www.nyse.com/quote/ARCX:CARD
ARCX,CARK,ADVISORS INNER CIRCLE FUND II INC CASTLEARK LARGE GROWTH ETF,CARK,https://www.nyse.com/quote/ARCX:CARK
ARCX,CARU,BANK OF MONTREAL MAX AUTO IND 3X LEVERAGED ETN,CARU,https://www.nyse.com/quote/ARCX:CARU
BATS,CARX,CORGI CART 2X DAILY ETF,CARX,https://www.nyse.com/quote/BATS:CARX
XNMS,CARY,ANGEL OAK INCOME ETF,CARY,https://www.nyse.com/quote/XNMS:CARY
XNMS,CARZ,FIRST TRUST EXCH TRADED FUND 2 S NETWORK ELEC & FUTURE VEH,CARZ,https://www.nyse.com/quote/XNMS:CARZ
ARCX,CAS,SIMPLIFY CHINA A SHARES PLUS INCOME ETF,CAS,https://www.nyse.com/quote/ARCX:CAS
ARCX,CATF,AMERICAN CENTURY CALIFORNIA MUNICIPAL BOND ETF,CATF,https://www.nyse.com/quote/ARCX:CATF
BATS,CATG,LEVERAGE SHARES 2X LONG CAT DAILY ETF,CATG,https://www.nyse.com/quote/BATS:CATG
XNYS,CATH,GLOBAL X FDS,CATH,https://www.nyse.com/quote/XNYS:CATH
XNMS,CATH,GLOBAL X FDS GLOBAL X S&P 500 CATHOLIC VALUES ETF,CATH,https://www.nyse.com/quote/XNMS:CATH
BATS,CBIL,CORGI 3-12 MONTH T-BILL ETF,CBIL,https://www.nyse.com/quote/BATS:CBIL
ARCX,CBLS,CLOUGH HEDGED EQUITY ETF,CBLS,https://www.nyse.com/quote/ARCX:CBLS
BATS,CBOA,CALAMOS BITCOIN STRUCTURED ALT PROTECTION ETF - APRIL,CBOA,https://www.nyse.com/quote/BATS:CBOA
BATS,CBOJ,CALAMOS BITCOIN STRUCTURED ALT PROTECTION ETF - JANUARY,CBOJ,https://www.nyse.com/quote/BATS:CBOJ
BATS,CBOL,CALAMOS LADDERED BITCOIN STRUCTURED ALT PROTECTION ETF,CBOL,https://www.nyse.com/quote/BATS:CBOL
ARCX,CBON,VANECK ETF TR VANECK CHINA BOND ETF,CBON,https://www.nyse.com/quote/ARCX:CBON
BATS,CBOO,CALAMOS BITCOIN STRUCTURED ALT PROTECTION ETF - OCTOBER,CBOO,https://www.nyse.com/quote/BATS:CBOO
BATS,CBOT,CORGI ROBOTS & HUMANOIDS ETF,CBOT,https://www.nyse.com/quote/BATS:CBOT
BATS,CBOX,CALAMOS TAX-AWARE COLLATERAL ETF,CBOX,https://www.nyse.com/quote/BATS:CBOX
BATS,CBOY,CALAMOS BITCOIN STRUCTURED ALT PROTECTION ETF - JULY,CBOY,https://www.nyse.com/quote/BATS:CBOY
BATS,CBRG,LEVERAGE SHARES 2X LONG CBRS DAILY ETF,CBRG,https://www.nyse.com/quote/BATS:CBRG
BATS,CBRX,TRADR 2X LONG CBRS DAILY ETF,CBRX,https://www.nyse.com/quote/BATS:CBRX
BATS,CBRZ,TRADR 2X SHORT CBRS DAILY ETF,CBRZ,https://www.nyse.com/quote/BATS:CBRZ
ARCX,CBSE,CLOUGH SELECT EQUITY ETF,CBSE,https://www.nyse.com/quote/ARCX:CBSE
BATS,CBTA,CALAMOS BITCOIN 80 SERIES STRUCTURED ALT PROTECTION ETF - APRIL,CBTA,https://www.nyse.com/quote/BATS:CBTA
BATS,CBTJ,CALAMOS BITCOIN 80 SERIES STRUCTURED ALT PROTECTION ETF - JANUARY,CBTJ,https://www.nyse.com/quote/BATS:CBTJ
BATS,CBTL,CALAMOS LADDERED BITCOIN 80 SERIES STRUCTURED ALT PROTECTION ETF,CBTL,https://www.nyse.com/quote/BATS:CBTL
BATS,CBTO,CALAMOS BITCOIN 80 SERIES STRUCTURED ALT PROTECTION ETF - OCTOBER,CBTO,https://www.nyse.com/quote/BATS:CBTO
BATS,CBTY,CALAMOS BITCOIN 80 SERIES STRUCTURED ALT PROTECTION ETF - JULY,CBTY,https://www.nyse.com/quote/BATS:CBTY
BATS,CBXA,CALAMOS BITCOIN 90 SERIES STRUCTURED ALT PROTECTION ETF - APRIL,CBXA,https://www.nyse.com/quote/BATS:CBXA
BATS,CBXJ,CALAMOS BITCOIN 90 SERIES STRUCTURED ALT PROTECTION ETF - JANUARY,CBXJ,https://www.nyse.com/quote/BATS:CBXJ
BATS,CBXL,CALAMOS LADDERED BITCOIN 90 SERIES STRUCTURED ALT PROTECTION ETF,CBXL,https://www.nyse.com/quote/BATS:CBXL
BATS,CBXO,CALAMOS BITCOIN 90 SERIES STRUCTURED ALT PROTECTION ETF - OCTOBER,CBXO,https://www.nyse.com/quote/BATS:CBXO
BATS,CBXY,CALAMOS BITCOIN 90 SERIES STRUCTURED ALT PROTECTION ETF - JULY,CBXY,https://www.nyse.com/quote/BATS:CBXY
ARCX,CCEF,CALAMOS ETF TRUST CEF INCOME & ARBITRAGE ETF,CCEF,https://www.nyse.com/quote/ARCX:CCEF
XNMS,CCFE,CONCOURSE CAPITAL FOCUSED EQUITY ETF,CCFE,https://www.nyse.com/quote/XNMS:CCFE
XNMS,CCNR,ALPS/CORECOMMODITY NATURAL RESOURCES ETF,CCNR,https://www.nyse.com/quote/XNMS:CCNR
ARCX,CCOM,SIMPLIFY CHINESE COMMODITIES STRATEGY NO K-1 ETF,CCOM,https://www.nyse.com/quote/ARCX:CCOM
ARCX,CCOR,LISTED FUND TRUST CORE ALTERNATIVE ETF,CCOR,https://www.nyse.com/quote/ARCX:CCOR
BATS,CCPX,CORGI CHINA 2X DAILY ETF,CCPX,https://www.nyse.com/quote/BATS:CCPX
ARCX,CCRP,COLUMBIA CORPORATE BOND ETF,CCRP,https://www.nyse.com/quote/ARCX:CCRP
XNMS,CCSB,CARBON COLLECTIVE SHORT DURATION GREEN BOND ETF,CCSB,https://www.nyse.com/quote/XNMS:CCSB
XNMS,CCSO,TIDAL TRUST II CARBON COLLECTIVE CLIMATE SOLUTIONS US,CCSO,https://www.nyse.com/quote/XNMS:CCSO
BATS,CCUP,T-REX 2X LONG CRCL DAILY TARGET ETF,CCUP,https://www.nyse.com/quote/BATS:CCUP
XNMS,CDC,VICTORY PORTFOLIOS II SHARES US EQ INC ENHNCD VOLTLITY WDT ETF,CDC,https://www.nyse.com/quote/XNMS:CDC
ARCX,CDEI,MORGAN STANLEY ETF TRUST CALVERT US LARGE CAP DIVERSITY EQUITY,CDEI,https://www.nyse.com/quote/ARCX:CDEI
XNMS,CDIG,CITY DIFFERENT INVESTMENTS GLOBAL EQUITY ETF,CDIG,https://www.nyse.com/quote/XNMS:CDIG
XNMS,CDL,VICTORY PORTFOLIOS II SHARES US LRG CAP HIG DIV VLTITY WTD ETF,CDL,https://www.nyse.com/quote/XNMS:CDL
BATS,CDNG,LEVERAGE SHARES 2X LONG CDNS DAILY ETF,CDNG,https://www.nyse.com/quote/BATS:CDNG
ARCX,CDX,SIMPLIFY HIGH YIELD ETF,CDX,https://www.nyse.com/quote/ARCX:CDX
XNMS,CEFA,GLOBAL X FDS S&P CATHOLIC VALUES DEVELOPED EX US ETF,CEFA,https://www.nyse.com/quote/XNMS:CEFA
BATS,CEFS,EXCHANGE LISTED FUNDS TRUST SABA INT RATE HEDGED CEF ETF,CEFS,https://www.nyse.com/quote/BATS:CEFS
BATS,CEFZ,RIVERNORTH ACTIVE INCOME ETF,CEFZ,https://www.nyse.com/quote/BATS:CEFZ
BATS,CEGX,TRADR 2X LONG CEG DAILY ETF,CEGX,https://www.nyse.com/quote/BATS:CEGX
BATS,CEMB,ISHARES INC J P MORGAN EM CORPORATE BOND ETF,CEMB,https://www.nyse.com/quote/BATS:CEMB
XNMS,CEPI,REX CRYPTO EQUITY PREMIUM INCOME ETF,CEPI,https://www.nyse.com/quote/XNMS:CEPI
ARCX,CERY,STATE STREET SPDR BLOOMBERG ENHANCED ROLL YIELD COMMODITY STRATEGY NO K-1 ETF,CERY,https://www.nyse.com/quote/ARCX:CERY
ARCX,CEW,WISDOMTREE TRUST EMERGING CURRENCY STRATEGY FUND,CEW,https://www.nyse.com/quote/ARCX:CEW
XNMS,CFA,VICTORY PORTFOLIOS II SHARES US 500 VOLATILITY WTD ETF,CFA,https://www.nyse.com/quote/XNMS:CFA
BATS,CFIT,CAMBRIA FIXED INCOME TREND ETF,CFIT,https://www.nyse.com/quote/BATS:CFIT
XNMS,CFO,VICTORY PORTFOLIOS II SHARES US 500 ENHANCED VOLTILITY WTD ETF,CFO,https://www.nyse.com/quote/XNMS:CFO
ARCX,CGBL,CAPITAL GROUP CORE BALANCED ETF SHS ETF USD,CGBL,https://www.nyse.com/quote/ARCX:CGBL
ARCX,CGCB,CAPITAL GROUP FIXED INCOME ETF CORE BOND ETF,CGCB,https://www.nyse.com/quote/ARCX:CGCB
ARCX,CGCP,CAPITAL GROUP FIXED INCOME ETF CORE PLUS INCOME ETF,CGCP,https://www.nyse.com/quote/ARCX:CGCP
ARCX,CGCV,CAPITAL GROUP CONSERVATIVE EQUITY ETF,CGCV,https://www.nyse.com/quote/ARCX:CGCV
ARCX,CGDG,CAPITAL GROUP WORLD DIVID GROWERS E SHS ETF USD,CGDG,https://www.nyse.com/quote/ARCX:CGDG
ARCX,CGDV,CAPITAL GROUP DIVIDEND VALUE ETF SHARES CREATION UNIT,CGDV,https://www.nyse.com/quote/ARCX:CGDV
ARCX,CGGE,CAPITAL GROUP GLOBAL EQUITY ETF,CGGE,https://www.nyse.com/quote/ARCX:CGGE
ARCX,CGGG,CAPITAL GROUP U.S. LARGE GROWTH ETF,CGGG,https://www.nyse.com/quote/ARCX:CGGG
ARCX,CGGO,CAPITAL GROUP GLOBAL GROWTH EQUITY SHARES CREATION UNIT,CGGO,https://www.nyse.com/quote/ARCX:CGGO
ARCX,CGGR,CAPITAL GROUP GROWTH ETF SHARES CREATION UNIT,CGGR,https://www.nyse.com/quote/ARCX:CGGR
ARCX,CGHM,CAPITAL GROUP MUNICIPAL HIGH-INCOME ETF,CGHM,https://www.nyse.com/quote/ARCX:CGHM
ARCX,CGHY,CAPITAL GROUP HIGH YIELD BOND ETF,CGHY,https://www.nyse.com/quote/ARCX:CGHY
ARCX,CGIB,CAPITAL GROUP INTERNATIONAL BOND ETF (USD-HEDGED),CGIB,https://www.nyse.com/quote/ARCX:CGIB
ARCX,CGIC,CAPITAL GROUP INTERNATIONAL CORE EQUITY ETF,CGIC,https://www.nyse.com/quote/ARCX:CGIC
ARCX,CGIE,CAPITAL GROUP INTL EQUITY ETF SHS ETF USD,CGIE,https://www.nyse.com/quote/ARCX:CGIE
ARCX,CGMM,CAPITAL GROUP U.S. SMALL AND MID CAP ETF,CGMM,https://www.nyse.com/quote/ARCX:CGMM
ARCX,CGMS,CAPITAL GROUP FIXED INCOME ETF TR US MULTI SECTOR INCOME ETF,CGMS,https://www.nyse.com/quote/ARCX:CGMS
ARCX,CGMU,CAPITAL GROUP FIXED INCOME ETF TR MUNICIPAL INCOME ETF,CGMU,https://www.nyse.com/quote/ARCX:CGMU
ARCX,CGNG,CAPITAL GROUP NEW GEOGRAPHY EQUITY ETF,CGNG,https://www.nyse.com/quote/ARCX:CGNG
BATS,CGOV,CORGI 0-3 MONTH T-BILL ETF,CGOV,https://www.nyse.com/quote/BATS:CGOV
ARCX,CGRO,TIDAL TRUST II COREVALUES ALPHA GREATER CHINA GROWTH ET,CGRO,https://www.nyse.com/quote/ARCX:CGRO
ARCX,CGSD,CAPITAL GROUP FIXED INCOME ETF TR SHORT DURATION INCOME ETF,CGSD,https://www.nyse.com/quote/ARCX:CGSD
ARCX,CGSM,CAPITAL GROUP FIXED INCOME ETF SHORT DURATION MUNICIPAL INCOME ETF,CGSM,https://www.nyse.com/quote/ARCX:CGSM
ARCX,CGUI,CAPITAL GROUP ULTRA SHORT INCOME ETF,CGUI,https://www.nyse.com/quote/ARCX:CGUI
ARCX,CGUS,CAPITAL GROUP CORE EQUITY ETF SHARES CREATION UNIT,CGUS,https://www.nyse.com/quote/ARCX:CGUS
XNYS,CGV,TWO RDS SHARED TRUST CONDUCTOR GLOBAL EQUITY VALUE ETF,CGV,https://www.nyse.com/quote/XNYS:CGV
ARCX,CGVV,CAPITAL GROUP U.S. LARGE VALUE ETF,CGVV,https://www.nyse.com/quote/ARCX:CGVV
ARCX,CGW,INVESCO EXCHANGE TRADED FD TR II S&P GLOBAL WATER INDEX ETF,CGW,https://www.nyse.com/quote/ARCX:CGW
ARCX,CGXU,CAPITAL GROUP INTERNATIONAL FOCUS E SHARES CREATION UNIT,CGXU,https://www.nyse.com/quote/ARCX:CGXU
ARCX,CHAT,TIDAL TRUST II ROUNDHILL GENERATIVE AI & TECHNOLOGY ETF,CHAT,https://www.nyse.com/quote/ARCX:CHAT
ARCX,CHAU,DIREXION DAILY CSI 300 CHINA A SHARE BULL 2X ETF,CHAU,https://www.nyse.com/quote/ARCX:CHAU
XNMS,CHGX,EA SERIES TRUST STANCE SUSTAINABLE BETA ETF,CHGX,https://www.nyse.com/quote/XNMS:CHGX
ARCX,CHIQ,GLOBAL X FDS MSCI CHINA CONSUMER DISCRETIONARY ETF,CHIQ,https://www.nyse.com/quote/ARCX:CHIQ
BATS,CHNL,CHAINLINK ETF,CHNL,https://www.nyse.com/quote/BATS:CHNL
BATS,CHNU,2X CHAINLINK ETF,CHNU,https://www.nyse.com/quote/BATS:CHNU
XNMS,CHPS,DBX ETF TRUST XTRACKERS SEMICONDUCTOR SELECT EQTY ETF,CHPS,https://www.nyse.com/quote/XNMS:CHPS
XNMS,CHPX,GLOBAL X AI SEMICONDUCTOR & QUANTUM ETF,CHPX,https://www.nyse.com/quote/XNMS:CHPX
ARCX,CHPY,YIELDMAX SEMICONDUCTOR PORTFOLIO OPTION INCOME ETF,CHPY,https://www.nyse.com/quote/ARCX:CHPY
XNMS,CHRI,GLOBAL X FDS S&P 500 CHRISTIAN VALUES ETF,CHRI,https://www.nyse.com/quote/XNMS:CHRI
BATS,CHYG,CORGI 0-5 YEAR HIGH YIELD CORPORATE BOND ETF,CHYG,https://www.nyse.com/quote/BATS:CHYG
XNMS,CIBR,FIRST TRUST EXCH TRADED FUND 2 NASDAQ CYBERSECURITY ETF,CIBR,https://www.nyse.com/quote/XNMS:CIBR
BATS,CIEG,LEVERAGE SHARES 2X LONG CIEN DAILY ETF,CIEG,https://www.nyse.com/quote/BATS:CIEG
BATS,CIEI,CORGI 3-7 YEAR TREASURY BOND ETF,CIEI,https://www.nyse.com/quote/BATS:CIEI
BATS,CIEX,TRADR 2X LONG CIEN DAILY ETF,CIEX,https://www.nyse.com/quote/BATS:CIEX
BATS,CIFC,CORGI CIFR 2X DAILY ETF,CIFC,https://www.nyse.com/quote/BATS:CIFC
XNMS,CIFG,LEVERAGE SHARES 2X LONG CIFR DAILY ETF,CIFG,https://www.nyse.com/quote/XNMS:CIFG
BATS,CIFU,T-REX 2X LONG CIFR DAILY TARGET ETF,CIFU,https://www.nyse.com/quote/BATS:CIFU
BATS,CIR,CORGI CRCL 2X DAILY ETF,CIR,https://www.nyse.com/quote/BATS:CIR
BATS,CIVG,CORGI 1-5 YEAR INVESTMENT GRADE CORPORATE BOND ETF,CIVG,https://www.nyse.com/quote/BATS:CIVG
BATS,CJUL,CORGI U.S. EQUITIES 15% STRUCTURED BUFFER ETF - JULY SERIES,CJUL,https://www.nyse.com/quote/BATS:CJUL
BATS,CJUN,CORGI U.S. EQUITIES 15% STRUCTURED BUFFER ETF,CJUN,https://www.nyse.com/quote/BATS:CJUN
ARCX,CLCG,CROSSMARK LARGE CAP GROWTH ETF,CLCG,https://www.nyse.com/quote/ARCX:CLCG
ARCX,CLCV,CROSSMARK LARGE CAP VALUE ETF,CLCV,https://www.nyse.com/quote/ARCX:CLCV
ARCX,CLIM,CLIMATE GLOBAL - CLIMATE RESILIENT REIT INDEX ETF,CLIM,https://www.nyse.com/quote/ARCX:CLIM
ARCX,CLIP,GLOBAL X FDS 1-3 MONTH T-BILL ETF,CLIP,https://www.nyse.com/quote/ARCX:CLIP
ARCX,CLIX,PROSHARES TRUST LONG ONLINE SHORT STORES ETF,CLIX,https://www.nyse.com/quote/ARCX:CLIX
ARCX,CLNK,BITWISE CHAINLINK ETF,CLNK,https://www.nyse.com/quote/ARCX:CLNK
XNMS,CLOA,BLACKROCK ETF TRUST II ISHARES AAA CLO ACTIVE ETF,CLOA,https://www.nyse.com/quote/XNMS:CLOA
ARCX,CLOB,VANECK AA-BB CLO ETF,CLOB,https://www.nyse.com/quote/ARCX:CLOB
ARCX,CLOC,AAM CRESCENT CLO ETF,CLOC,https://www.nyse.com/quote/ARCX:CLOC
XNMS,CLOD,THEMES ETF TRUST CLOUD COMPUTING ETF,CLOD,https://www.nyse.com/quote/XNMS:CLOD
ARCX,CLOI,VANECK ETF TR CLO ETF,CLOI,https://www.nyse.com/quote/ARCX:CLOI
ARCX,CLOO,NYLI INVESTMENT GRADE CLO ETF,CLOO,https://www.nyse.com/quote/ARCX:CLOO
XNMS,CLOU,GLOBAL X FDS CLOUD COMPUTING ETF,CLOU,https://www.nyse.com/quote/XNMS:CLOU
ARCX,CLOX,ELDRIDGE AAA CLO ETF,CLOX,https://www.nyse.com/quote/ARCX:CLOX
ARCX,CLOZ,ELDRIDGE BBB-B CLO ETF,CLOZ,https://www.nyse.com/quote/ARCX:CLOZ
BATS,CLSE,TRUST FOR PROFESSIONAL MANAGERS CONVERGENCE LONG/SHORT EQUITY ETF,CLSE,https://www.nyse.com/quote/BATS:CLSE
XNMS,CLSM,ETC CABANA TARGET LEADING SECTOR MODERATE ETF,CLSM,https://www.nyse.com/quote/XNMS:CLSM
BATS,CLSX,TRADR 2X LONG CLSK DAILY ETF,CLSX,https://www.nyse.com/quote/BATS:CLSX
XNYS,CLTL,Invesco Treasury Collateral ETF,CLTL,https://www.nyse.com/quote/XNYS:CLTL
ARCX,CLUB,BILLIONAIRES CLUB ETF,CLUB,https://www.nyse.com/quote/ARCX:CLUB
BATS,CMAG,CORGI MAG 7 ETF,CMAG,https://www.nyse.com/quote/BATS:CMAG
BATS,CMAY,CORGI U.S. EQUITIES 15% STRUCTURED BUFFER ETF - MAY SERIES,CMAY,https://www.nyse.com/quote/BATS:CMAY
XNMS,CMBO,WAYFINDER DYNAMIC U.S. INTEREST RATE ETF,CMBO,https://www.nyse.com/quote/XNMS:CMBO
ARCX,CMBS,ISHARES TRUST CMBS ETF,CMBS,https://www.nyse.com/quote/ARCX:CMBS
BATS,CMCI,VANECK ETF TR CMCI COMMODITY STRATEGY ETF,CMCI,https://www.nyse.com/quote/BATS:CMCI
ARCX,CMDT,PIMCO ETF TRUST COMMODITY STRATEGY ACTIVE ETF,CMDT,https://www.nyse.com/quote/ARCX:CMDT
ARCX,CMDY,ISHARES US ETF TRUST BLOOMBERG ROL SELECT COMDTY STRATEGY ETF,CMDY,https://www.nyse.com/quote/ARCX:CMDY
ARCX,CMF,ISHARES TRUST CALIFORNIA MUNI BOND ETF,CMF,https://www.nyse.com/quote/ARCX:CMF
XNMS,CMGG,LEVERAGE SHARES 2X LONG CMG DAILY ETF,CMGG,https://www.nyse.com/quote/XNMS:CMGG
BATS,CNAV,MOHR COMPANY NAV ETF,CNAV,https://www.nyse.com/quote/BATS:CNAV
ARCX,CNBS,AMPLIFY SEYMOUR CANNABIS ETF,CNBS,https://www.nyse.com/quote/ARCX:CNBS
XNMS,CNCG,LEVERAGE SHARES 2X LONG CNC DAILY ETF,CNCG,https://www.nyse.com/quote/XNMS:CNCG
ARCX,CNEQ,THE ALGER ETF TRUST CONCENTRATED EQUITY ETF,CNEQ,https://www.nyse.com/quote/ARCX:CNEQ
XNMS,CNQQ,RAYLIANT-CHINAAMC TRANSFORMATIVE CHINA TECH ETF,CNQQ,https://www.nyse.com/quote/XNMS:CNQQ
ARCX,CNRG,STATE STREET SPDR S&P KENSHO CLEAN POWER ETF,CNRG,https://www.nyse.com/quote/ARCX:CNRG
ARCX,CNXT,VANECK CHINEXT INNOVATORS ETF,CNXT,https://www.nyse.com/quote/ARCX:CNXT
XNYS,CNYA,ISHARES TRUST,CNYA,https://www.nyse.com/quote/XNYS:CNYA
BATS,CNYA,ISHARES TRUST MSCI CHINA A ETF,CNYA,https://www.nyse.com/quote/BATS:CNYA
ARCX,COAL,EXCHANGE TRADED CONCEPTS TRUST RANGE GLOBAL COAL INDEX ETF,COAL,https://www.nyse.com/quote/ARCX:COAL
BATS,COHC,CORGI COHR 2X DAILY ETF,COHC,https://www.nyse.com/quote/BATS:COHC
BATS,COHH,LEVERAGE SHARES 2X LONG COHR DAILY ETF,COHH,https://www.nyse.com/quote/BATS:COHH
BATS,COHX,TRADR 2X LONG COHR DAILY ETF,COHX,https://www.nyse.com/quote/BATS:COHX
ARCX,COIA,PROSHARES ULTRA COIN,COIA,https://www.nyse.com/quote/ARCX:COIA
XNMS,COIG,LEVERAGE SHARES 2X LONG COIN DAILY ETF,COIG,https://www.nyse.com/quote/XNMS:COIG
BATS,COIW,ROUNDHILL COIN WEEKLYPAY ETF,COIW,https://www.nyse.com/quote/BATS:COIW
BATS,COIX,CORGI COIN 2X DAILY ETF,COIX,https://www.nyse.com/quote/BATS:COIX
ARCX,COLO,GLOBAL X MSCI COLOMBIA ETF,COLO,https://www.nyse.com/quote/ARCX:COLO
ARCX,COM,DIREXION SHARES ETF TRUST AUSPICE BROAD COMMODITY STRATEGY ETF,COM,https://www.nyse.com/quote/ARCX:COM
ARCX,COMB,GRANITESHARES ETF TRUST BLOOMBERG COMMODITY BROAD STRATEGY NO K1,COMB,https://www.nyse.com/quote/ARCX:COMB
BATS,COMD,GLOBAL X FDS COMMODITY STRATEGY ETF,COMD,https://www.nyse.com/quote/BATS:COMD
XNMS,COMT,ISHARES US ETF TRUST GSCI COMMODITY DYNAMIC ROLL STRATEGY ETF,COMT,https://www.nyse.com/quote/XNMS:COMT
XNMS,CONI,GRANITESHARES ETF TRUST GRANITESHARES 2X SHORT COIN DAILY ETF,CONI,https://www.nyse.com/quote/XNMS:CONI
XNMS,CONL,GRANITESHARES ETF TRUST 2X LONG COIN DAILY ETF,CONL,https://www.nyse.com/quote/XNMS:CONL
XNMS,CONX,DIREXION DAILY COIN BULL 2X ETF,CONX,https://www.nyse.com/quote/XNMS:CONX
ARCX,CONY,TIDAL TRUST II YIELDMAX COIN OPTION INCOME STRATEGY ETF,CONY,https://www.nyse.com/quote/ARCX:CONY
BATS,COPA,THEMES COPPER MINERS ETF,COPA,https://www.nyse.com/quote/BATS:COPA
XNMS,COPJ,SPROTT FDS TR JUNIOR COPPER MINERS ETF,COPJ,https://www.nyse.com/quote/XNMS:COPJ
XNMS,COPP,SPROTT FDS TR COPPER MINERS ETF,COPP,https://www.nyse.com/quote/XNMS:COPP
ARCX,COPX,GLOBAL X FDS GLOBAL X COPPER MINERS ETF (POST REV SPL,COPX,https://www.nyse.com/quote/ARCX:COPX
ARCX,COPY,"TWEEDY, BROWNE INSIDER + VALUE ETF",COPY,https://www.nyse.com/quote/ARCX:COPY
ARCX,COPZ,DEFIANCE DAILY TARGET 2X LONG COPPER MINERS ETF,COPZ,https://www.nyse.com/quote/ARCX:COPZ
ARCX,CORB,AB CORE BOND ETF,CORB,https://www.nyse.com/quote/ARCX:CORB
BATS,CORD,T-REX 2X INVERSE CRWV DAILY TARGET ETF,CORD,https://www.nyse.com/quote/BATS:CORD
ARCX,CORN,TEUCRIUM COMMODITY TRUST CORN FD SHS,CORN,https://www.nyse.com/quote/ARCX:CORN
XNMS,CORO,ISHARES INTERNATIONAL COUNTRY ROTATION ACTIVE ETF,CORO,https://www.nyse.com/quote/XNMS:CORO
ARCX,CORP,PIMCO ETF TRUST INVESTMENT GRADE CORP BOND ETF,CORP,https://www.nyse.com/quote/ARCX:CORP
BATS,COSW,ROUNDHILL COST WEEKLYPAY ETF,COSW,https://www.nyse.com/quote/BATS:COSW
XNMS,COTG,LEVERAGE SHARES 2X LONG COST DAILY ETF,COTG,https://www.nyse.com/quote/XNMS:COTG
XNMS,COWG,PACER FDS TR US LARGE CAP CASH COWS GRWTH LEADERS ETF,COWG,https://www.nyse.com/quote/XNMS:COWG
XNMS,COWS,AMPLIFY ETF TRUST CASH FLOW DIVID LEADERS ETF,COWS,https://www.nyse.com/quote/XNMS:COWS
BATS,COWZ,PACER FDS TR US CASH COWS 100 ETF,COWZ,https://www.nyse.com/quote/BATS:COWZ
XNMS,COYY,GRANITESHARES YIELDBOOST COIN ETF,COYY,https://www.nyse.com/quote/XNMS:COYY
BATS,COZX,TRADR 2X LONG CORZ DAILY ETF,COZX,https://www.nyse.com/quote/BATS:COZX
XNMS,CPAG,F/M COMPOUNDR U.S. AGGREGATE BOND ETF,CPAG,https://www.nyse.com/quote/XNMS:CPAG
XNYS,CPAI,NORTHERN LIGHTS FUND TRUST III COUNTERPOINT QUANTITATIVE EQUITY ETF,CPAI,https://www.nyse.com/quote/XNYS:CPAI
ARCX,CPER,UNITED STS COMMODITY INDEX FD COM UNIT REPSTG U S COPPER INDEX FD,CPER,https://www.nyse.com/quote/ARCX:CPER
XNMS,CPHY,F/M COMPOUNDR HIGH YIELD BOND ETF,CPHY,https://www.nyse.com/quote/XNMS:CPHY
ARCX,CPII,AMERICAN BEACON IONIC INFLATION PROTECTION ETF,CPII,https://www.nyse.com/quote/ARCX:CPII
ARCX,CPLB,NYLI MACKAY CORE PLUS BOND ETF,CPLB,https://www.nyse.com/quote/ARCX:CPLB
XNMS,CPLS,AB ACTIVE ETFS INC CORE PLUS BOND ETF USD,CPLS,https://www.nyse.com/quote/XNMS:CPLS
ARCX,CPNJ,CALAMOS NASDAQ-100 STRUCTURED ALT PROTECTION ETF - JUNE,CPNJ,https://www.nyse.com/quote/ARCX:CPNJ
ARCX,CPNM,CALAMOS NASDAQ-100 STRUCTURED ALT PROTECTION ETF - MARCH,CPNM,https://www.nyse.com/quote/ARCX:CPNM
ARCX,CPNQ,CALAMOS NASDAQ-100 STRUCTURED ALT PROTECTION ETF - DECEMBER,CPNQ,https://www.nyse.com/quote/ARCX:CPNQ
ARCX,CPNS,CALAMOS NASDAQ-100 STRUCTURED ALT PROTECTION ETF - SEPTEMBER,CPNS,https://www.nyse.com/quote/ARCX:CPNS
BATS,CPNX,TRADR 2X LONG CPNG DAILY ETF,CPNX,https://www.nyse.com/quote/BATS:CPNX
ARCX,CPRA,CALAMOS RUSSELL 2000 STRUCTURED ALT PROTECTION ETF - APRIL,CPRA,https://www.nyse.com/quote/ARCX:CPRA
ARCX,CPRJ,CALAMOS RUSSELL 2000 STRUCTURED ALT PROTECTION ETF - JULY,CPRJ,https://www.nyse.com/quote/ARCX:CPRJ
ARCX,CPRO,CALAMOS RUSSELL 2000 STRUCTURED ALT PROTECTION ETF - OCTOBER,CPRO,https://www.nyse.com/quote/ARCX:CPRO
ARCX,CPRY,CALAMOS RUSSELL 2000 STRUCTURED ALT PROTECTION ETF - JANUARY,CPRY,https://www.nyse.com/quote/ARCX:CPRY
ARCX,CPSA,CALAMOS S&P 500 STRUCTURED ALT PROTECTION ETF - AUGUST,CPSA,https://www.nyse.com/quote/ARCX:CPSA
ARCX,CPSD,CALAMOS S&P 500 STRUCTURED ALT PROTECTION ETF - DECEMBER,CPSD,https://www.nyse.com/quote/ARCX:CPSD
ARCX,CPSF,CALAMOS S&P 500 STRUCTURED ALT PROTECTION ETF - FEBRUARY,CPSF,https://www.nyse.com/quote/ARCX:CPSF
ARCX,CPSJ,CALAMOS S&P 500 STRUCTURED ALT PROTECTION ETF - JULY,CPSJ,https://www.nyse.com/quote/ARCX:CPSJ
BATS,CPSL,CALAMOS LADDERED S&P 500 STRUCTURED ALT PROTECTION ETF,CPSL,https://www.nyse.com/quote/BATS:CPSL
ARCX,CPSM,CALAMOS S&P 500 STRUCTURED ALT PROTECTION ETF MAY,CPSM,https://www.nyse.com/quote/ARCX:CPSM
ARCX,CPSN,CALAMOS S&P 500 STRUCTURED ALT PROTECTION ETF - NOVEMBER,CPSN,https://www.nyse.com/quote/ARCX:CPSN
ARCX,CPSO,CALAMOS S&P 500 STRUCTURED ALT PROTECTION ETF - OCTOBER,CPSO,https://www.nyse.com/quote/ARCX:CPSO
ARCX,CPSP,CALAMOS S&P 500 STRUCTURED ALT PROTECTION ETF - APRIL,CPSP,https://www.nyse.com/quote/ARCX:CPSP
ARCX,CPSR,CALAMOS S&P 500 STRUCTURED ALT PROTECTION ETF - MARCH,CPSR,https://www.nyse.com/quote/ARCX:CPSR
ARCX,CPST,CALAMOS S&P 500 STRUCTURED ALT PROTECTION ETF - SEPTEMBER,CPST,https://www.nyse.com/quote/ARCX:CPST
ARCX,CPSU,CALAMOS S&P 500 STRUCTURED ALT PROTECTION ETF - JUNE,CPSU,https://www.nyse.com/quote/ARCX:CPSU
ARCX,CPSY,CALAMOS S&P 500 STRUCTURED ALT PROTECTION ETF - JANUARY,CPSY,https://www.nyse.com/quote/ARCX:CPSY
ARCX,CPXR,USCF DAILY TARGET 2X COPPER INDEX ETF,CPXR,https://www.nyse.com/quote/ARCX:CPXR
ARCX,CQQQ,INVESCO EXCHANGE TRADED FD TR II CHINA TECHNOLOGY ETF USD,CQQQ,https://www.nyse.com/quote/ARCX:CQQQ
BATS,CQTM,CORGI QUANTUM COMPUTING ETF,CQTM,https://www.nyse.com/quote/BATS:CQTM
ARCX,CRAK,VANECK ETF TR VANECK OIL REFINERS ETF,CRAK,https://www.nyse.com/quote/ARCX:CRAK
ARCX,CRBN,ISHARES LOW CARBON OPTIMIZED MSCI ACWI ETF,CRBN,https://www.nyse.com/quote/ARCX:CRBN
ARCX,CRCA,PROSHARES ULTRA CRCL,CRCA,https://www.nyse.com/quote/ARCX:CRCA
BATS,CRCD,T-REX 2X INVERSE CRCL DAILY TARGET ETF,CRCD,https://www.nyse.com/quote/BATS:CRCD
XNMS,CRCG,LEVERAGE SHARES 2X LONG CRCL DAILY ETF,CRCG,https://www.nyse.com/quote/XNMS:CRCG
ARCX,CRCO,YIELDMAX CRCL OPTION INCOME STRATEGY ETF,CRCO,https://www.nyse.com/quote/ARCX:CRCO
BATS,CRDD,CARDANO ETF,CRDD,https://www.nyse.com/quote/BATS:CRDD
ARCX,CRDT,SIMPLIFY EXCHANGE TRADED FUNDS OPPORTUNISTIC INCOME ETF,CRDT,https://www.nyse.com/quote/ARCX:CRDT
BATS,CRDU,TRADR 2X LONG CRDO DAILY ETF,CRDU,https://www.nyse.com/quote/BATS:CRDU
BATS,CRDX,2X CARDANO ETF,CRDX,https://www.nyse.com/quote/BATS:CRDX
ARCX,CRED,COLUMBIA ETF TR I RESEARCH ENHANCED REAL ESTATE ETF,CRED,https://www.nyse.com/quote/ARCX:CRED
ARCX,CRIB,RUSSELL INVESTMENTS GLOBAL REAL ESTATE ETF,CRIB,https://www.nyse.com/quote/ARCX:CRIB
XNMS,CRMG,LEVERAGE SHARES 2X LONG CRM DAILY ETF,CRMG,https://www.nyse.com/quote/XNMS:CRMG
XNMS,CRMU,LEVERAGE SHARES 2X LONG CRML DAILY ETF,CRMU,https://www.nyse.com/quote/XNMS:CRMU
BATS,CRMX,TRADR 2X LONG CRML DAILY ETF,CRMX,https://www.nyse.com/quote/BATS:CRMX
ARCX,CRPT,FIRST TR EXCHANGE TRADED FD VIII SKYBRIDGE CRYPTO INDSTRY AND DIGTL ECONM,CRPT,https://www.nyse.com/quote/ARCX:CRPT
ARCX,CRSH,YIELDMAX SHORT TSLA OPTION INCOME STRATEGY ETF,CRSH,https://www.nyse.com/quote/ARCX:CRSH
ARCX,CRTC,DBX ETF TRUST XTRACKERS US NATL CRITICAL TECHNOLOGIES,CRTC,https://www.nyse.com/quote/ARCX:CRTC
BATS,CRUC,CORGI CRUS 2X DAILY ETF,CRUC,https://www.nyse.com/quote/BATS:CRUC
ARCX,CRUX,COLUMBIA CORE BOND ETF,CRUX,https://www.nyse.com/quote/ARCX:CRUX
XNMS,CRWG,LEVERAGE SHARES 2X LONG CRWV DAILY ETF,CRWG,https://www.nyse.com/quote/XNMS:CRWG
XNMS,CRWL,GRANITESHARES 2X LONG CRWD DAILY ETF,CRWL,https://www.nyse.com/quote/XNMS:CRWL
BATS,CRWU,T-REX 2X LONG CRWV DAILY TARGET ETF,CRWU,https://www.nyse.com/quote/BATS:CRWU
BATS,CRWX,CORGI CRWV 2X DAILY ETF,CRWX,https://www.nyse.com/quote/BATS:CRWX
ARCX,CRXP,COLUMBIA CORE PLUS BOND ETF,CRXP,https://www.nyse.com/quote/ARCX:CRXP
XNMS,CRY,GRANITESHARES YIELDBOOST CRCL ETF,CRY,https://www.nyse.com/quote/XNMS:CRY
XNMS,CSB,VICTORY PORTFOLIOS II SHARES US SMAL CAP HIGH DIV VOLT WTD ETF,CSB,https://www.nyse.com/quote/XNMS:CSB
XNMS,CSCL,DIREXION DAILY CSCO BULL 2X ETF,CSCL,https://www.nyse.com/quote/XNMS:CSCL
XNMS,CSCS,DIREXION DAILY CSCO BEAR 1X ETF,CSCS,https://www.nyse.com/quote/XNMS:CSCS
ARCX,CSD,INVESCO EXCHANGE TRADED FD TR S&P SPIN OFF ETF,CSD,https://www.nyse.com/quote/ARCX:CSD
XNMS,CSEN,COHEN & STEERS FUTURE OF ENERGY ACTIVE ETF,CSEN,https://www.nyse.com/quote/XNMS:CSEN
BATS,CSEX,TRADR 2X LONG CLS DAILY ETF,CSEX,https://www.nyse.com/quote/BATS:CSEX
ARCX,CSHI,NEOS ETF TRUST ENHANCED INCOME 1-3 MONTH T-BILL ETF,CSHI,https://www.nyse.com/quote/ARCX:CSHI
ARCX,CSHP,ISHARES DYNAMIC SHORT-TERM ACTIVE ETF,CSHP,https://www.nyse.com/quote/ARCX:CSHP
ARCX,CSIO,COHEN & STEERS INFRASTRUCTURE OPPORTUNITIES ACTIVE ETF,CSIO,https://www.nyse.com/quote/ARCX:CSIO
BATS,CSM,PROSHARES TRUST LARGE CAP CORE PLUS,CSM,https://www.nyse.com/quote/BATS:CSM
ARCX,CSMD,PROFESSIONALLY MANAGED PORTFOLIOS CONGRESS SMID GROWTH ETF,CSMD,https://www.nyse.com/quote/ARCX:CSMD
ARCX,CSNR,COHEN & STEERS NATURAL RESOURCES ACTIVE ETF,CSNR,https://www.nyse.com/quote/ARCX:CSNR
ARCX,CSPF,COHEN & STEERS PREFERRED AND INCOME OPPORTUNITIES ACTIVE ETF,CSPF,https://www.nyse.com/quote/ARCX:CSPF
ARCX,CSRE,COHEN & STEERS REAL ESTATE ACTIVE ETF,CSRE,https://www.nyse.com/quote/ARCX:CSRE
ARCX,CSSD,COHEN & STEERS SHORT DURATION PREFERRED AND INCOME ACTIVE ETF,CSSD,https://www.nyse.com/quote/ARCX:CSSD
BATS,CSTK,INVESCO COMSTOCK CONTRARIAN EQUITY ETF,CSTK,https://www.nyse.com/quote/BATS:CSTK
ARCX,CTA,SIMPLIFY EXCHANGE TRADED FUNDS SIMPLIFY MANAGED FUTURES STRATEGY ETF,CTA,https://www.nyse.com/quote/ARCX:CTA
ARCX,CTAP,SIMPLIFY US EQUITY PLUS MANAGED FUTURES STRATEGY ETF,CTAP,https://www.nyse.com/quote/ARCX:CTAP
XNMS,CTEC,GLOBAL X CLIMATETECH ETF,CTEC,https://www.nyse.com/quote/XNMS:CTEC
BATS,CTEF,CASTELLAN TARGETED EQUITY ETF,CTEF,https://www.nyse.com/quote/BATS:CTEF
ARCX,CTEX,PROSHARES TRUST S&P KENSHO CLEANTECH ETF,CTEX,https://www.nyse.com/quote/ARCX:CTEX
BATS,CTIF,CASTELLAN TARGETED INCOME ETF,CTIF,https://www.nyse.com/quote/BATS:CTIF
BATS,CTJL,CORGI U.S. EQUITIES 30% STRUCTURED BUFFER ETF - JULY SERIES,CTJL,https://www.nyse.com/quote/BATS:CTJL
BATS,CTJN,CORGI U.S. EQUITIES 30% STRUCTURED BUFFER ETF,CTJN,https://www.nyse.com/quote/BATS:CTJN
BATS,CTMA,CORGI U.S. EQUITIES 30% STRUCTURED BUFFER ETF - MAY SERIES,CTMA,https://www.nyse.com/quote/BATS:CTMA
ARCX,CTWO,COTWO ADVISORS PHYSICAL EUROPEAN CARBON ALLOWANCE TRUST,CTWO,https://www.nyse.com/quote/ARCX:CTWO
ARCX,CURE,DIREXION DAILY HEALTHCARE BULL 3X ETF,CURE,https://www.nyse.com/quote/ARCX:CURE
XNMS,CUSD,CROSSINGBRIDGE ULTRA-SHORT DURATION ETF,CUSD,https://www.nyse.com/quote/XNMS:CUSD
BATS,CUST,CORGI 1-3 YEAR TREASURY BOND ETF,CUST,https://www.nyse.com/quote/BATS:CUST
ARCX,CUT,INVESCO EXCHANGE TRADED FD TR II MSCI GLOBAL TIMBER ETF,CUT,https://www.nyse.com/quote/ARCX:CUT
BATS,CVAR,ETF OPPORTUNITIES TR CULTIVAR ETF,CVAR,https://www.nyse.com/quote/BATS:CVAR
ARCX,CVGD,CRESALTA GLOBAL DIVIDEND ETF,CVGD,https://www.nyse.com/quote/ARCX:CVGD
ARCX,CVIE,MORGAN STANLEY ETF TRUST CALVERT INTERNATIONAL RESPONSIBLE INDEX,CVIE,https://www.nyse.com/quote/ARCX:CVIE
ARCX,CVLC,MORGAN STANLEY ETF TRUST CALVERT US LARGE CAP CORE RESPNSBLE INDX,CVLC,https://www.nyse.com/quote/ARCX:CVLC
ARCX,CVMC,MORGAN STANLEY ETF TRUST CALVERT US MID CAP CORE RESPONSIBLE INDX,CVMC,https://www.nyse.com/quote/ARCX:CVMC
ARCX,CVNY,YIELDMAX CVNA OPTION INCOME STRATEGY ETF,CVNY,https://www.nyse.com/quote/ARCX:CVNY
ARCX,CVRD,MADISON ETFS TRUST MADISON COVERED CALL ETF,CVRD,https://www.nyse.com/quote/ARCX:CVRD
ARCX,CVRT,CALAMOS ETF TRUST CONVERTIBLE EQUITY ALTERNATIVE ETF,CVRT,https://www.nyse.com/quote/ARCX:CVRT
ARCX,CVSB,MORGAN STANLEY ETF TRUST CALVERT ULTRA SHORT INVESTMENT GRADE ETF,CVSB,https://www.nyse.com/quote/ARCX:CVSB
ARCX,CVSM,CRESALTA SMALL AND MID-CAP ETF,CVSM,https://www.nyse.com/quote/ARCX:CVSM
ARCX,CVY,INVESCO EXCHANGE TRADED FD TR ZACKS MULTI-ASSET INCOME ETF,CVY,https://www.nyse.com/quote/ARCX:CVY
ARCX,CWB,STATE STREET SPDR BLOOMBERG CONVERTIBLE SECURITIES ETF,CWB,https://www.nyse.com/quote/ARCX:CWB
XNYS,CWEB,DIREXION SH ETF TR,CWEB,https://www.nyse.com/quote/XNYS:CWEB
ARCX,CWEB,DIREXION DAILY CSI CHINA INTERNET INDEX BULL 2X ETF,CWEB,https://www.nyse.com/quote/ARCX:CWEB
ARCX,CWI,STATE STREET SPDR MSCI ACWI EX-US ETF,CWI,https://www.nyse.com/quote/ARCX:CWI
ARCX,CWS,ADVISORSHARES TRUST ADVISORSHARES FOCUSED EQUITY ETF,CWS,https://www.nyse.com/quote/ARCX:CWS
BATS,CWVX,TRADR 2X LONG CRWV DAILY ETF,CWVX,https://www.nyse.com/quote/BATS:CWVX
XNMS,CWY,GRANITESHARES YIELDBOOST CRWV ETF,CWY,https://www.nyse.com/quote/XNMS:CWY
ARCX,CXRN,TEUCRIUM 2X DAILY CORN ETF,CXRN,https://www.nyse.com/quote/ARCX:CXRN
XNMS,CXSE,WISDOMTREE TRUST CHINA DIVID EX FINANCIALS F USD,CXSE,https://www.nyse.com/quote/XNMS:CXSE
ARCX,CZA,INVESCO EXCHANGE TRADED FD TR ZACKS MID-CAP ETF,CZA,https://www.nyse.com/quote/ARCX:CZA
XNMS,CZAR,THEMES ETF TRUST NATURAL MONOPOLY ETF,CZAR,https://www.nyse.com/quote/XNMS:CZAR
ARCX,DABS,DOUBLELINE ASSET-BACKED SECURITIES ETF,DABS,https://www.nyse.com/quote/ARCX:DABS
XNMS,DADS,DIGITAL ASSET DEBT STRATEGY ETF,DADS,https://www.nyse.com/quote/XNMS:DADS
XNMS,DAK,DAKOTA ACTIVE EQUITY ETF,DAK,https://www.nyse.com/quote/XNMS:DAK
XNMS,DALI,FIRST TRUST EXCHANGE-TRADED FUND VI FIRST TRUST DORSEY WRIGHT DALI EQUITY ETF,DALI,https://www.nyse.com/quote/XNMS:DALI
ARCX,DAMD,DEFIANCE DAILY TARGET 2X SHORT AMD ETF,DAMD,https://www.nyse.com/quote/ARCX:DAMD
ARCX,DANA,DANA LIMITED VOLATILITY ETF,DANA,https://www.nyse.com/quote/ARCX:DANA
XNMS,DAPP,VANECK ETF TR DIGITAL TRANSFORMATION ETF USD,DAPP,https://www.nyse.com/quote/XNMS:DAPP
BATS,DAPR,FIRST TR EXCHANGE TRADED FD VIII FT VEST U S EQUITY DEEP BUFFER ETF APRIL,DAPR,https://www.nyse.com/quote/BATS:DAPR
ARCX,DARP,TIDAL TRUST II GRIZZLE GROWTH ETF,DARP,https://www.nyse.com/quote/ARCX:DARP
ARCX,DAT,PROSHARES TRUST BIG DATA REFINERS ETF,DAT,https://www.nyse.com/quote/ARCX:DAT
BATS,DAUG,FIRST TR EXCHANGE TRADED FD VIII VEST U S EQUITY DEEP BUFFER ETF AUGUST,DAUG,https://www.nyse.com/quote/BATS:DAUG
XNMS,DAX,GLOBAL X FDS DAX GERMANY ETF,DAX,https://www.nyse.com/quote/XNMS:DAX
ARCX,DBA,INVESCO DB MULTI-SECTOR COMM TR AGRICULTURE ETF USD DIS,DBA,https://www.nyse.com/quote/ARCX:DBA
ARCX,DBAW,DBX ETF TRUST XTRACKERS MSCI ALL WRLD EX US HED EQ ETF,DBAW,https://www.nyse.com/quote/ARCX:DBAW
ARCX,DBB,INVESCO DB MULTI-SECTOR COMM TR BASE METALS FD ETF,DBB,https://www.nyse.com/quote/ARCX:DBB
ARCX,DBC,INVESCO DB COMMODTY INDX TRACKNG FD UNIT,DBC,https://www.nyse.com/quote/ARCX:DBC
ARCX,DBE,INVESCO DB MULTI-SECTOR COMM TR ENERGY FD ETF,DBE,https://www.nyse.com/quote/ARCX:DBE
ARCX,DBEF,DBX ETF TRUST XTRACKERS MSCI EAFE HEDGED EQUITY ETF,DBEF,https://www.nyse.com/quote/ARCX:DBEF
ARCX,DBEM,DBX ETF TRUST XTRACKERS MSCI EMRG MKT HEDGED EQUITY ET,DBEM,https://www.nyse.com/quote/ARCX:DBEM
ARCX,DBEU,DBX ETF TRUST XTRACKERS MSCI EUROPE HEDGED EQUITY ETF,DBEU,https://www.nyse.com/quote/ARCX:DBEU
ARCX,DBEZ,DBX ETF TRUST XTRACKERS MSCI EURZON HEDG EQ ETF,DBEZ,https://www.nyse.com/quote/ARCX:DBEZ
ARCX,DBJP,DBX ETF TRUST XTRACKERS MSCI JAPAN HEDGED EQUITY ETF,DBJP,https://www.nyse.com/quote/ARCX:DBJP
ARCX,DBMF,LITMAN GREGORY FDS TR IMGP DBI MANAGED FUTURES STRATEGY ETF,DBMF,https://www.nyse.com/quote/ARCX:DBMF
ARCX,DBND,DOUBLELINE OPPORTUNISTIC CORE BOND ETF,DBND,https://www.nyse.com/quote/ARCX:DBND
ARCX,DBO,INVESCO DB MULTI-SECTOR COMM TR OIL FD ETF,DBO,https://www.nyse.com/quote/ARCX:DBO
ARCX,DBP,INVESCO DB MULTI-SECTOR COMM TR PRECIOUS METALS FD ETF,DBP,https://www.nyse.com/quote/ARCX:DBP
ARCX,DCMT,DOUBLELINE ETF TRUST COMMODITY STRATEGY ETF,DCMT,https://www.nyse.com/quote/ARCX:DCMT
ARCX,DCOR,DIMENSIONAL ETF TRUST US CORE EQUITY 1 ETF,DCOR,https://www.nyse.com/quote/ARCX:DCOR
ARCX,DCRE,DOUBLELINE COMMERCIAL REAL ESTATE DEBT ETF,DCRE,https://www.nyse.com/quote/ARCX:DCRE
ARCX,DDDD,YIELDMAX U.S. STOCKS TARGET DOUBLE DISTRIBUTION ETF,DDDD,https://www.nyse.com/quote/ARCX:DDDD
BATS,DDEC,FIRST TR EXCHANGE TRADED FD VIII VEST U S EQUITY DEEP BUFFER ETF DECEMBER,DDEC,https://www.nyse.com/quote/BATS:DDEC
BATS,DDFA,INNOVATOR EQUITY DUAL DIRECTIONAL 15 BUFFER ETF - APRIL,DDFA,https://www.nyse.com/quote/BATS:DDFA
BATS,DDFD,INNOVATOR EQUITY DUAL DIRECTIONAL 15 BUFFER ETF - DECEMBER,DDFD,https://www.nyse.com/quote/BATS:DDFD
BATS,DDFF,INNOVATOR EQUITY DUAL DIRECTIONAL 15 BUFFER ETF - FEBRUARY,DDFF,https://www.nyse.com/quote/BATS:DDFF
BATS,DDFJ,INNOVATOR EQUITY DUAL DIRECTIONAL 15 BUFFER ETF - JANUARY,DDFJ,https://www.nyse.com/quote/BATS:DDFJ
BATS,DDFL,INNOVATOR EQUITY DUAL DIRECTIONAL 15 BUFFER ETF - JULY,DDFL,https://www.nyse.com/quote/BATS:DDFL
BATS,DDFM,INNOVATOR EQUITY DUAL DIRECTIONAL 15 BUFFER ETF - MARCH,DDFM,https://www.nyse.com/quote/BATS:DDFM
BATS,DDFN,INNOVATOR EQUITY DUAL DIRECTIONAL 15 BUFFER ETF- NOVEMBER,DDFN,https://www.nyse.com/quote/BATS:DDFN
BATS,DDFO,INNOVATOR EQUITY DUAL DIRECTIONAL 15 BUFFER ETF - OCTOBER,DDFO,https://www.nyse.com/quote/BATS:DDFO
BATS,DDFS,INNOVATOR EQUITY DUAL DIRECTIONAL 15 BUFFER ETF - SEPTEMBER,DDFS,https://www.nyse.com/quote/BATS:DDFS
BATS,DDFY,INNOVATOR EQUITY DUAL DIRECTIONAL 15 BUFFER ETF - MAY,DDFY,https://www.nyse.com/quote/BATS:DDFY
BATS,DDFZ,INNOVATOR EQUITY DUAL DIRECTIONAL 15 BUFFER ETF - JUNE,DDFZ,https://www.nyse.com/quote/BATS:DDFZ
XNMS,DDIV,FIRST TR EXCHANGE TRADED FD VI DORSEY WRIGHT MOMENTUM & DIVIDEND ETF,DDIV,https://www.nyse.com/quote/XNMS:DDIV
BATS,DDLS,WISDOMTREE DYNAMIC INTERNATIONAL SMALLCAP EQUITY FUND,DDLS,https://www.nyse.com/quote/BATS:DDLS
ARCX,DDM,PROSHARES TRUST PSHS ULTRA DOW30,DDM,https://www.nyse.com/quote/ARCX:DDM
BATS,DDNQ,INNOVATOR GROWTH-100 DUAL DIRECTIONAL 5 BUFFER ETF - QUARTERLY,DDNQ,https://www.nyse.com/quote/BATS:DDNQ
BATS,DDSQ,INNOVATOR EQUITY DUAL DIRECTIONAL 5 BUFFER ETF - QUARTERLY,DDSQ,https://www.nyse.com/quote/BATS:DDSQ
BATS,DDTA,INNOVATOR EQUITY DUAL DIRECTIONAL 10 BUFFER ETF - APRIL,DDTA,https://www.nyse.com/quote/BATS:DDTA
BATS,DDTD,INNOVATOR EQUITY DUAL DIRECTIONAL 10 BUFFER ETF - DECEMBER,DDTD,https://www.nyse.com/quote/BATS:DDTD
BATS,DDTF,INNOVATOR EQUITY DUAL DIRECTIONAL 10 BUFFER ETF - FEBRUARY,DDTF,https://www.nyse.com/quote/BATS:DDTF
BATS,DDTJ,INNOVATOR EQUITY DUAL DIRECTIONAL 10 BUFFER ETF - JANUARY,DDTJ,https://www.nyse.com/quote/BATS:DDTJ
BATS,DDTL,INNOVATOR EQUITY DUAL DIRECTIONAL 10 BUFFER ETF - JULY,DDTL,https://www.nyse.com/quote/BATS:DDTL
BATS,DDTM,INNOVATOR EQUITY DUAL DIRECTIONAL 10 BUFFER ETF - MARCH,DDTM,https://www.nyse.com/quote/BATS:DDTM
BATS,DDTN,INNOVATOR EQUITY DUAL DIRECTIONAL 10 BUFFER ETF - NOVEMBER,DDTN,https://www.nyse.com/quote/BATS:DDTN
BATS,DDTO,INNOVATOR EQUITY DUAL DIRECTIONAL 10 BUFFER ETF - OCTOBER,DDTO,https://www.nyse.com/quote/BATS:DDTO
BATS,DDTS,INNOVATOR EQUITY DUAL DIRECTIONAL 10 BUFFER ETF - SEPTEMBER,DDTS,https://www.nyse.com/quote/BATS:DDTS
BATS,DDTY,INNOVATOR EQUITY DUAL DIRECTIONAL 10 BUFFER ETF - MAY,DDTY,https://www.nyse.com/quote/BATS:DDTY
BATS,DDTZ,INNOVATOR EQUITY DUAL DIRECTIONAL 10 BUFFER ETF - JUNE,DDTZ,https://www.nyse.com/quote/BATS:DDTZ
BATS,DDV,DEFINED DURATION 5 ETF,DDV,https://www.nyse.com/quote/BATS:DDV
BATS,DDWM,WISDOMTREE DYNAMIC INTERNATIONAL EQUITY FUND,DDWM,https://www.nyse.com/quote/BATS:DDWM
BATS,DDX,DEFINED DURATION 10 ETF,DDX,https://www.nyse.com/quote/BATS:DDX
BATS,DDXX,DEFINED DURATION 20 ETF,DDXX,https://www.nyse.com/quote/BATS:DDXX
BATS,DECM,FT VEST U.S. EQUITY MAX BUFFER ETF - DECEMBER,DECM,https://www.nyse.com/quote/BATS:DECM
XNMS,DECO,STATE STREET GALAXY DIGITAL ASSET ECOSYSTEM ETF,DECO,https://www.nyse.com/quote/XNMS:DECO
BATS,DECP,PGIM S&P 500 BUFFER 12 ETF - DECEMBER,DECP,https://www.nyse.com/quote/BATS:DECP
BATS,DECT,ALLIANZIM U.S. EQUITY BUFFER10 DEC ETF,DECT,https://www.nyse.com/quote/BATS:DECT
BATS,DECU,ALLIANZIM U.S. EQUITY BUFFER15 UNCAPPED DEC ETF,DECU,https://www.nyse.com/quote/BATS:DECU
BATS,DECW,ALLIANZIM U.S. EQUITY BUFFER20 DEC ETF,DECW,https://www.nyse.com/quote/BATS:DECW
BATS,DECZ,LISTED FUND TRUST TRUESHARES STRUCTURED OUTCM DEC ETF,DECZ,https://www.nyse.com/quote/BATS:DECZ
ARCX,DEED,FIRST TRUST SECURITIZED PLUS ETF,DEED,https://www.nyse.com/quote/ARCX:DEED
ARCX,DEEF,DBX ETF TRUST XTRACKERS FTSE DEV EX US MULTIFACTOR ETF,DEEF,https://www.nyse.com/quote/ARCX:DEEF
ARCX,DEEP,ACQUIRERS SMALL AND MICRO DEEP VALUE ETF,DEEP,https://www.nyse.com/quote/ARCX:DEEP
ARCX,DEFI,HASHDEX COMMODITIES TRUST,DEFI,https://www.nyse.com/quote/ARCX:DEFI
BATS,DEFR,APTUS DEFERRED INCOME ETF,DEFR,https://www.nyse.com/quote/BATS:DEFR
ARCX,DEHP,DIMENSIONAL ETF TRUST EMERGING MARKETS HIGH PROFITABILITY ETF,DEHP,https://www.nyse.com/quote/ARCX:DEHP
ARCX,DEM,WISDOMTREE TRUST EMERGING MKTS HIGH DIVID FD,DEM,https://www.nyse.com/quote/ARCX:DEM
XNMS,DEMZ,ADVISORS INNER CIRCLE FD III DEMOCRATIC LARGE CAP CORE ETF,DEMZ,https://www.nyse.com/quote/XNMS:DEMZ
ARCX,DES,WISDOMTREE TRUST US SMALLCAP DIVIDEND FUND,DES,https://www.nyse.com/quote/ARCX:DES
ARCX,DESK,VANECK ETF TR OFFICE & COML REIT ETF,DESK,https://www.nyse.com/quote/ARCX:DESK
ARCX,DEUS,DBX ETF TRUST XTRACKERS RUSSELL US MULTIFACTOR ETF,DEUS,https://www.nyse.com/quote/ARCX:DEUS
ARCX,DEW,WISDOMTREE TRUST GLOBAL HIGH DIVID FD,DEW,https://www.nyse.com/quote/ARCX:DEW
ARCX,DEXC,DIMENSIONAL EMERGING MARKETS EX CHINA CORE EQUITY ETF,DEXC,https://www.nyse.com/quote/ARCX:DEXC
ARCX,DFAC,DIMENSIONAL ETF TRUST US CORE EQUITY 2 ETF,DFAC,https://www.nyse.com/quote/ARCX:DFAC
ARCX,DFAE,DIMENSIONAL ETF TRUST EMERGING CORE EQUITY MARKET ETF,DFAE,https://www.nyse.com/quote/ARCX:DFAE
ARCX,DFAI,DIMENSIONAL ETF TRUST INTERNATIONAL CORE EQUITY MARKET ETF,DFAI,https://www.nyse.com/quote/ARCX:DFAI
BATS,DFAL,DIMENSIONAL US LARGE CAP CORE EQUITY MARKET ETF,DFAL,https://www.nyse.com/quote/BATS:DFAL
ARCX,DFAR,DIMENSIONAL ETF TRUST DIMENSIONAL US REAL ESTATE ETF,DFAR,https://www.nyse.com/quote/ARCX:DFAR
ARCX,DFAS,DIMENSIONAL ETF TRUST US SMALL CAP ETF,DFAS,https://www.nyse.com/quote/ARCX:DFAS
ARCX,DFAT,DIMENSIONAL ETF TRUST US TARGET VALUE ETF,DFAT,https://www.nyse.com/quote/ARCX:DFAT
ARCX,DFAU,DIMENSIONAL ETF TRUST US CORE EQUITY MARKET ETF,DFAU,https://www.nyse.com/quote/ARCX:DFAU
ARCX,DFAW,DIMENSIONAL ETF TRUST DIMENSIONAL WORLD EQUITY ETF,DFAW,https://www.nyse.com/quote/ARCX:DFAW
ARCX,DFAX,DIMENSIONAL ETF TRUST WORLD EX US CORE EQUITY 2 ETF,DFAX,https://www.nyse.com/quote/ARCX:DFAX
ARCX,DFCA,DIMENSIONAL ETF TRUST CALIFORNIA MUNICIPAL BOND ETF,DFCA,https://www.nyse.com/quote/ARCX:DFCA
ARCX,DFCF,DIMENSIONAL ETF TRUST CORE FIXED INCOME ETF,DFCF,https://www.nyse.com/quote/ARCX:DFCF
ARCX,DFE,WISDOMTREE TRUST EUROPE SMALLCAP DIVIDEND FD SBI USD0.001,DFE,https://www.nyse.com/quote/ARCX:DFE
BATS,DFEB,FIRST TR EXCHANGE TRADED FD VIII VEST US EQUITY DEEP BUFFER ETF FEB,DFEB,https://www.nyse.com/quote/BATS:DFEB
ARCX,DFEM,DIMENSIONAL ETF TRUST EMERGING MARKETS CORE EQUITY 2 ETF,DFEM,https://www.nyse.com/quote/ARCX:DFEM
ARCX,DFEN,DIREXION DAILY AEROSPACE & DEFENSE BULL 3X ETF,DFEN,https://www.nyse.com/quote/ARCX:DFEN
ARCX,DFEV,DIMENSIONAL ETF TRUST EMERGING MARKETS VALUE ETF,DFEV,https://www.nyse.com/quote/ARCX:DFEV
XNMS,DFGP,DIMENSIONAL ETF TRUST GLOBAL CORE PLUS FIXED INCOME ETF,DFGP,https://www.nyse.com/quote/XNMS:DFGP
ARCX,DFGR,DIMENSIONAL ETF TRUST GLOBAL REAL ESTATE ETF,DFGR,https://www.nyse.com/quote/ARCX:DFGR
XNMS,DFGX,DIMENSIONAL INTERNATIONAL CORE FIXED INCOME ETF,DFGX,https://www.nyse.com/quote/XNMS:DFGX
BATS,DFIC,DIMENSIONAL ETF TRUST INTERNATIONAL CORE EQUITY 2 ETF,DFIC,https://www.nyse.com/quote/BATS:DFIC
ARCX,DFII,FT VEST BITCOIN STRATEGY & TARGET INCOME ETF,DFII,https://www.nyse.com/quote/ARCX:DFII
ARCX,DFIP,DIMENSIONAL ETF TRUST INFLATION PROTECTED SECURITIES ETF,DFIP,https://www.nyse.com/quote/ARCX:DFIP
BATS,DFIS,DIMENSIONAL ETF TRUST INTERNATIONAL SMALL CAP ETF,DFIS,https://www.nyse.com/quote/BATS:DFIS
ARCX,DFIV,DIMENSIONAL ETF TRUST INTERNATIONAL VALUE ETF,DFIV,https://www.nyse.com/quote/ARCX:DFIV
ARCX,DFJ,WISDOMTREE TRUST JAPAN SMALLCAP DIVIDEND FD SBI USD0.001,DFJ,https://www.nyse.com/quote/ARCX:DFJ
ARCX,DFLV,DIMENSIONAL ETF TRUST US LARGE CAP VALUE ETF,DFLV,https://www.nyse.com/quote/ARCX:DFLV
ARCX,DFMC,U.S. MICRO CAP PORTFOLIO,DFMC,https://www.nyse.com/quote/ARCX:DFMC
BATS,DFNL,DAVIS FUNDAMENTAL ETF TR SELECT FINANCIAL ETF,DFNL,https://www.nyse.com/quote/BATS:DFNL
ARCX,DFNM,DIMENSIONAL ETF TRUST NATIONAL MUNICIPAL BOND ETF,DFNM,https://www.nyse.com/quote/ARCX:DFNM
ARCX,DFSB,DIMENSIONAL ETF TRUST GLOBAL SUSTAINABILITY FIXED INCOME ETF,DFSB,https://www.nyse.com/quote/ARCX:DFSB
ARCX,DFSD,DIMENSIONAL ETF TRUST SHORT DURATION FIXED INCOME ETF,DFSD,https://www.nyse.com/quote/ARCX:DFSD
ARCX,DFSE,DIMENSIONAL ETF TRUST EMERGING MARKETS SUSTAINABILITY CORE 1,DFSE,https://www.nyse.com/quote/ARCX:DFSE
ARCX,DFSI,DIMENSIONAL ETF TRUST INTERNATIONAL SUSTAINABILITY CORE 1 ETF,DFSI,https://www.nyse.com/quote/ARCX:DFSI
ARCX,DFSU,DIMENSIONAL ETF TRUST US SUSTAINABILITY CORE 1 ETF,DFSU,https://www.nyse.com/quote/ARCX:DFSU
ARCX,DFSV,DIMENSIONAL ETF TRUST DIMENSIONAL US SMALL CAP VALUE ETF,DFSV,https://www.nyse.com/quote/ARCX:DFSV
ARCX,DFTT,DF TACTICAL 30 ETF,DFTT,https://www.nyse.com/quote/ARCX:DFTT
ARCX,DFUS,DIMENSIONAL U.S. EQUITY MARKET ETF,DFUS,https://www.nyse.com/quote/ARCX:DFUS
ARCX,DFUV,DIMENSIONAL ETF TRUST US MARKETWIDE VALUE ETF,DFUV,https://www.nyse.com/quote/ARCX:DFUV
ARCX,DFVE,DOUBLELINE ETF TRUST FORTUNE 500 EQUAL WEIGHT ETF,DFVE,https://www.nyse.com/quote/ARCX:DFVE
ARCX,DFVX,DIMENSIONAL ETF TRUST DIMENSIONAL US LARGE CAP VECTOR ETF,DFVX,https://www.nyse.com/quote/ARCX:DFVX
BATS,DGAP,FT VEST U.S. EQUITY BUFFER & DIGITAL RETURN ETF - APRIL,DGAP,https://www.nyse.com/quote/BATS:DGAP
XNMS,DGCB,DIMENSIONAL ETF TRUST GLOBAL CR ETF,DGCB,https://www.nyse.com/quote/XNMS:DGCB
ARCX,DGIN,VANECK ETF TR VANECK DIGITAL INDIA ETF,DGIN,https://www.nyse.com/quote/ARCX:DGIN
BATS,DGJA,FT VEST U.S. EQUITY BUFFER & DIGITAL RETURN ETF - JANUARY,DGJA,https://www.nyse.com/quote/BATS:DGJA
XNMS,DGLO,FIRST TRUST RBA DEGLOBALIZATION ETF,DGLO,https://www.nyse.com/quote/XNMS:DGLO
BATS,DGOC,FT VEST U.S. EQUITY BUFFER & DIGITAL RETURN ETF - OCTOBER,DGOC,https://www.nyse.com/quote/BATS:DGOC
XNMS,DGRE,WISDOMTREE TRUST EMERGING MKTS QULITY DIV USD,DGRE,https://www.nyse.com/quote/XNMS:DGRE
ARCX,DGRO,ISHARES TRUST CORE DIVID GWTH,DGRO,https://www.nyse.com/quote/ARCX:DGRO
XNMS,DGRS,WISDOMTREE TRUST US SMALLCAP QULITY DIV USD,DGRS,https://www.nyse.com/quote/XNMS:DGRS
XNMS,DGRW,WISDOMTREE TRUST US QUALITY DIV GRWTH USD,DGRW,https://www.nyse.com/quote/XNMS:DGRW
ARCX,DGS,WISDOMTREE TRUST EMERGING MKTS SMALLCAP DIVID USD,DGS,https://www.nyse.com/quote/ARCX:DGS
ARCX,DGT,STATE STREET SPDR GLOBAL DOW ETF,DGT,https://www.nyse.com/quote/ARCX:DGT
BATS,DHDG,FT VEST U.S. EQUITY QUARTERLY 2.5 TO 15 BUFFER ETF,DHDG,https://www.nyse.com/quote/BATS:DHDG
ARCX,DHLX,DIAMOND HILL LARGE CAP CONCENTRATED ETF,DHLX,https://www.nyse.com/quote/ARCX:DHLX
ARCX,DHS,WISDOMTREE TRUST US HIGH DIVIDEND FUND,DHS,https://www.nyse.com/quote/ARCX:DHS
ARCX,DHSB,DAY HAGAN SMART BUFFER ETF,DHSB,https://www.nyse.com/quote/ARCX:DHSB
ARCX,DIA,STATE STREET SPDR DOW JONES INDUSTRIAL AVERAGE ETF,DIA,https://www.nyse.com/quote/ARCX:DIA
ARCX,DIAL,COLUMBIA ETF TR I DIVERSIFIED FXD INCOME ALLOCATION ETF,DIAL,https://www.nyse.com/quote/ARCX:DIAL
ARCX,DIEM,FRANKLIN TEMPLETON ETF TR EMERGING MARKET CORE DIVIDEND TILT INDEX,DIEM,https://www.nyse.com/quote/ARCX:DIEM
ARCX,DIG,PROSHARES TRUST ULTRA ENERGY,DIG,https://www.nyse.com/quote/ARCX:DIG
BATS,DIHP,DIMENSIONAL ETF TRUST INTERNATIONAL HIGH PROFITABILITY ETF,DIHP,https://www.nyse.com/quote/BATS:DIHP
ARCX,DIM,WISDOMTREE TRUST INTL MIDCAP DIVIDEND FD SBI USD0.001,DIM,https://www.nyse.com/quote/ARCX:DIM
XNMS,DIME,COINSHARES ALTCOINS ETF,DIME,https://www.nyse.com/quote/XNMS:DIME
XNMS,DINE,SIMPLIFY TAX AWARE DIVERSIFIED INCOME STRATEGY ETF,DINE,https://www.nyse.com/quote/XNMS:DINE
BATS,DINT,DAVIS FUNDAMENTAL ETF TR SELECT INTERNATIONAL ETF,DINT,https://www.nyse.com/quote/BATS:DINT
BATS,DIPR,CORGI SPACE & SATELLITE COMMUNICATIONS ETF,DIPR,https://www.nyse.com/quote/BATS:DIPR
ARCX,DIPS,YIELDMAX SHORT NVDA OPTION INCOME STRATEGY ETF,DIPS,https://www.nyse.com/quote/ARCX:DIPS
ARCX,DISK,TEMA MEMORY ETF,DISK,https://www.nyse.com/quote/ARCX:DISK
BATS,DISV,DIMENSIONAL ETF TRUST INTERNATIONAL SMALL CAP VALUE ETF,DISV,https://www.nyse.com/quote/BATS:DISV
ARCX,DIV,GLOBAL X FDS GLOBAL X SUPERDIVIDEND U S ETF,DIV,https://www.nyse.com/quote/ARCX:DIV
BATS,DIVB,ISHARES TRUST CORE DIVIDEND ETF,DIVB,https://www.nyse.com/quote/BATS:DIVB
XNMS,DIVD,EA SERIES TRUST ALTRIUS GLOBAL DIVIDEND ETF,DIVD,https://www.nyse.com/quote/XNMS:DIVD
ARCX,DIVE,DANA CONCENTRATED DIVIDEND ETF,DIVE,https://www.nyse.com/quote/ARCX:DIVE
ARCX,DIVG,INVESCO EXCHANGE TRADED FD TR II S&P 500 HIGH DIVIDEND GROWERS ETF,DIVG,https://www.nyse.com/quote/ARCX:DIVG
ARCX,DIVI,FRANKLIN TEMPLETON ETF TR INTERNATIONAL CORE DIVIDEND TILT INDEX E,DIVI,https://www.nyse.com/quote/ARCX:DIVI
ARCX,DIVL,MADISON ETFS TRUST MADISON DIVIDEND VALUE ETF,DIVL,https://www.nyse.com/quote/ARCX:DIVL
BATS,DIVN,HORIZON DIVIDEND INCOME ETF,DIVN,https://www.nyse.com/quote/BATS:DIVN
ARCX,DIVO,AMPLIFY ETF TRUST CWP ENHANCED DIVIDEND INCOME ETF,DIVO,https://www.nyse.com/quote/ARCX:DIVO
ARCX,DIVP,ADVISORS INNER CIRCLE FUND II INC CULLEN ENHANCED EQUITY INCOME ETF,DIVP,https://www.nyse.com/quote/ARCX:DIVP
ARCX,DIVS,GUINNESS ATKINSON DIVIDEND BUILDER ETF,DIVS,https://www.nyse.com/quote/ARCX:DIVS
XNYS,DIVY,SOUND EQUITY DIVIDEND INCOME ETF,DIVY,https://www.nyse.com/quote/XNYS:DIVY
ARCX,DIVZ,POLEN DIVIDEND INCOME ETF,DIVZ,https://www.nyse.com/quote/ARCX:DIVZ
BATS,DJAN,FIRST TR EXCHANGE TRADED FD VIII VEST US EQTY DEEP BUFFER ETF JAN,DJAN,https://www.nyse.com/quote/BATS:DJAN
ARCX,DJD,INVESCO EXCHANGE TRADED FD TR DOW JONES INDL AVERAGE DIV ETF,DJD,https://www.nyse.com/quote/ARCX:DJD
ARCX,DJIA,GLOBAL X FDS DOW 30 COVERED CALL ETF,DJIA,https://www.nyse.com/quote/ARCX:DJIA
XNYS,DJPRD,iPath Bloomberg Commodity Index Total Return ETN,DJPRD,https://www.nyse.com/quote/XNYS:DJPRD
BATS,DJTU,T-REX 2X LONG DJT DAILY TARGET ETF,DJTU,https://www.nyse.com/quote/BATS:DJTU
BATS,DJUL,FIRST TR EXCHANGE TRADED FD VIII VEST US EQTY DEEP BUFFER JULY ETF,DJUL,https://www.nyse.com/quote/BATS:DJUL
BATS,DJUN,FIRST TR EXCHANGE TRADED FD VIII VEST US EQUITY DEEP BUFFER ETF JUNE,DJUN,https://www.nyse.com/quote/BATS:DJUN
XNMS,DKNX,DEFIANCE DAILY TARGET 2X LONG DKNG ETF,DKNX,https://www.nyse.com/quote/XNMS:DKNX
BATS,DLAG,FT VEST U.S. EQUITY DUAL DIRECTIONAL BUFFER ETF - AUGUST,DLAG,https://www.nyse.com/quote/BATS:DLAG
BATS,DLFE,FT VEST U.S. EQUITY DUAL DIRECTIONAL BUFFER ETF - FEBRUARY,DLFE,https://www.nyse.com/quote/BATS:DLFE
XNMS,DLLL,GRANITESHARES 2X LONG DELL DAILY ETF,DLLL,https://www.nyse.com/quote/XNMS:DLLL
BATS,DLMY,FT VEST U.S. EQUITY DUAL DIRECTIONAL BUFFER ETF - MAY,DLMY,https://www.nyse.com/quote/BATS:DLMY
ARCX,DLN,WISDOMTREE TRUST US LARGECAP DIVIDEND FUND,DLN,https://www.nyse.com/quote/ARCX:DLN
BATS,DLNV,FT VEST U.S. EQUITY DUAL DIRECTIONAL BUFFER ETF - NOVEMBER,DLNV,https://www.nyse.com/quote/BATS:DLNV
ARCX,DLS,WISDOMTREE TRUST INTL SMALLCAP DIVIDEND FD SBI USD0.001,DLS,https://www.nyse.com/quote/ARCX:DLS
ARCX,DLUX,DOUBLELINE ULTRASHORT INCOME ETF,DLUX,https://www.nyse.com/quote/ARCX:DLUX
BATS,DMAR,FIRST TR EXCHANGE TRADED FD VIII VEST US EQUITY DEEP BUFFR ETF MARCH,DMAR,https://www.nyse.com/quote/BATS:DMAR
BATS,DMAX,ISHARES LARGE CAP MAX BUFFER DEC ETF,DMAX,https://www.nyse.com/quote/BATS:DMAX
BATS,DMAY,FIRST TR EXCHANGE TRADED FD VIII VEST US EQUITY DEEP BUFFER ETF MAY,DMAY,https://www.nyse.com/quote/BATS:DMAY
ARCX,DMBS,DOUBLELINE ETF TRUST MORTGAGE ETF USD,DMBS,https://www.nyse.com/quote/ARCX:DMBS
ARCX,DMX,DOUBLELINE MULTI-SECTOR INCOME ETF,DMX,https://www.nyse.com/quote/ARCX:DMX
XNMS,DMXF,ISHARES TRUST ESG ADVANCED MSCI EAFE ETF,DMXF,https://www.nyse.com/quote/XNMS:DMXF
ARCX,DNL,WISDOMTREE GLOBAL EX-U.S. QUALITY GROWTH FUND,DNL,https://www.nyse.com/quote/ARCX:DNL
XNMS,DNNG,LEVERAGE SHARES 2X LONG DNN DAILY ETF,DNNG,https://www.nyse.com/quote/XNMS:DNNG
BATS,DNOV,FIRST TR EXCHANGE TRADED FD VIII VEST US EQTY DEEP BUFFER ETF NOV,DNOV,https://www.nyse.com/quote/BATS:DNOV
BATS,DOCK,"CORGI PORTS, RAIL & FREIGHT ETF",DOCK,https://www.nyse.com/quote/BATS:DOCK
BATS,DOCT,FIRST TR EXCHANGE TRADED FD VIII VEST US EQTY DEEP BUFFER ETF OCT,DOCT,https://www.nyse.com/quote/BATS:DOCT
ARCX,DOG,PROSHARES TRUST SHORT DOW30 (POST REV SPLIT),DOG,https://www.nyse.com/quote/ARCX:DOG
BATS,DOGG,FIRST TR EXCHANGE TRADED FD IV FT VEST DJIA DOGS 10 TARGET INCOME,DOGG,https://www.nyse.com/quote/BATS:DOGG
BATS,DOJE,REX-OSPREY DOGE ETF,DOJE,https://www.nyse.com/quote/BATS:DOJE
ARCX,DOL,WISDOMTREE TRUE DEVELOPED INTERNATIONAL FUND,DOL,https://www.nyse.com/quote/ARCX:DOL
ARCX,DON,WISDOMTREE TRUST US MIDCAP DIVIDEND FUND,DON,https://www.nyse.com/quote/ARCX:DON
ARCX,DPRE,VIRTUS DUFF & PHELPS REAL ESTATE INCOME ETF,DPRE,https://www.nyse.com/quote/ARCX:DPRE
ARCX,DPST,DIREXION DAILY REGIONAL BANKS BULL 3X ETF,DPST,https://www.nyse.com/quote/ARCX:DPST
BATS,DQJN,FIRST TR EXCHANGE TRADED FD VIII VEST NASDAQ 100 DUAL DIRECTIONAL BUFFER,DQJN,https://www.nyse.com/quote/BATS:DQJN
ARCX,DRAI,DRACO EVOLUTION AI ETF,DRAI,https://www.nyse.com/quote/ARCX:DRAI
BATS,DRAL,DEFIANCE DAILY TARGET 2X LONG DRAM ETF,DRAL,https://www.nyse.com/quote/BATS:DRAL
BATS,DRAM,ROUNDHILL ETF TRUST MEMORY ETF,DRAM,https://www.nyse.com/quote/BATS:DRAM
ARCX,DRAY,YIELDMAX DKNG OPTION INCOME STRATEGY ETF,DRAY,https://www.nyse.com/quote/ARCX:DRAY
ARCX,DRES,GMO DOMESTIC RESILIENCE ETF,DRES,https://www.nyse.com/quote/ARCX:DRES
BATS,DRGN,THEMES CHINA GENERATIVE ARTIFICIAL INTELLIGENCE ETF,DRGN,https://www.nyse.com/quote/BATS:DRGN
ARCX,DRIP,DIREXION DAILY S&P OIL & GAS EXP. & PROD. BEAR 2X ETF,DRIP,https://www.nyse.com/quote/ARCX:DRIP
XNMS,DRIV,GLOBAL X FDS AUTONOMOUS AND ELECTRIC VEHICLES ETF,DRIV,https://www.nyse.com/quote/XNMS:DRIV
ARCX,DRKY,VISTASHARES TARGET 15 DRUKMACRO DISTRIBUTION ETF,DRKY,https://www.nyse.com/quote/ARCX:DRKY
XNYS,DRLL,EA SERIES TRUST STRIVE US ENERGY ETF,DRLL,https://www.nyse.com/quote/XNYS:DRLL
BATS,DRMP,TUTTLE CAPITAL MEMORY STACK INCOME BLAST ETF,DRMP,https://www.nyse.com/quote/BATS:DRMP
ARCX,DRN,DIREXION DAILY REAL ESTATE BULL 3X ETF,DRN,https://www.nyse.com/quote/ARCX:DRN
BATS,DRNL,DEFIANCE 2X DAILY LONG PURE DRONE AND AERIAL AUTOMATION ETF,DRNL,https://www.nyse.com/quote/BATS:DRNL
XNMS,DRNZ,REX DRONE ETF,DRNZ,https://www.nyse.com/quote/XNMS:DRNZ
BATS,DRSK,ETF SERIES SOLUTIONS APTUS DEFINED RISK ETF,DRSK,https://www.nyse.com/quote/BATS:DRSK
ARCX,DRUP,GRANITESHARES ETF TRUST NASDAQ SELECT DISRUPTORS ETF,DRUP,https://www.nyse.com/quote/ARCX:DRUP
ARCX,DRV,DIREXION DAILY REAL ESTATE BEAR 3X ETF,DRV,https://www.nyse.com/quote/ARCX:DRV
ARCX,DRVR,AMPLIFY S&P 500 DIVIDEND DRIVERS ETF,DRVR,https://www.nyse.com/quote/ARCX:DRVR
ARCX,DSCO,DOUBLELINE SECURITIZED CREDIT ETF,DSCO,https://www.nyse.com/quote/ARCX:DSCO
BATS,DSEP,FIRST TR EXCHANGE TRADED FD VIII VEST US EQTY DEEP BUFFER ETF SEPT,DSEP,https://www.nyse.com/quote/BATS:DSEP
ARCX,DSI,ISHARES ESG MSCI KLD 400 ETF,DSI,https://www.nyse.com/quote/ARCX:DSI
XNYS,DSMC,ETF SERIES SOLUTIONS DISTILLATE SMALL MID CASH FLOW ETF,DSMC,https://www.nyse.com/quote/XNYS:DSMC
ARCX,DSPY,TEMA S&P 500 HISTORICAL WEIGHT ETF STRATEGY,DSPY,https://www.nyse.com/quote/ARCX:DSPY
ARCX,DSTL,ETF SERIES SOLUTIONS DISTILLATE US FUNDMNTL STABLTY & VAL ETF,DSTL,https://www.nyse.com/quote/ARCX:DSTL
XNYS,DSTX,ETF SERIES SOLUTIONS DISTILLATE INTL FUNDMTL STBLTY & VAL ETF,DSTX,https://www.nyse.com/quote/XNYS:DSTX
ARCX,DTAN,SPARKLINE INTERNATIONAL INTANGIBLE VALUE ETF,DTAN,https://www.nyse.com/quote/ARCX:DTAN
XNMS,DTCR,GLOBAL X FDS DATA CENTER & DIGITAL INFRASTRUCTURE ETF,DTCR,https://www.nyse.com/quote/XNMS:DTCR
ARCX,DTD,WISDOMTREE TRUST US TOTAL DIVIDEND FUND,DTD,https://www.nyse.com/quote/ARCX:DTD
ARCX,DTEC,ALPS ETF TRUST DISRUPTIVE TECHNOLOGIES ETF,DTEC,https://www.nyse.com/quote/ARCX:DTEC
ARCX,DTH,WISDOMTREE TRUST INTL HIGH DIVID FD,DTH,https://www.nyse.com/quote/ARCX:DTH
ARCX,DTRE,FIRST TR FTSE EPRA/NAREIT DEVL ALERIAN DISRUPTIVE TECHNOLOGY REAL ESTAT,DTRE,https://www.nyse.com/quote/ARCX:DTRE
BATS,DUBS,ETF SERIES SOLUTIONS APTUS LARGE CAP ENHANCED YIELD ETF,DUBS,https://www.nyse.com/quote/BATS:DUBS
ARCX,DUG,PROSHARES ULTRASHORT ENERGY,DUG,https://www.nyse.com/quote/ARCX:DUG
ARCX,DUHP,DIMENSIONAL ETF TRUST DIMENSIONAL US HIGH PROFITABILITY ETF,DUHP,https://www.nyse.com/quote/ARCX:DUHP
XNMS,DUKH,OCEAN PARK HIGH INCOME ETF,DUKH,https://www.nyse.com/quote/XNMS:DUKH
ARCX,DUKQ,OCEAN PARK DOMESTIC ETF,DUKQ,https://www.nyse.com/quote/ARCX:DUKQ
XNMS,DUKX,OCEAN PARK INTERNATIONAL ETF,DUKX,https://www.nyse.com/quote/XNMS:DUKX
ARCX,DUKZ,OCEAN PARK DIVERSIFIED INCOME ETF,DUKZ,https://www.nyse.com/quote/ARCX:DUKZ
XNYS,DULL,BANK OF MONTREAL,DULL,https://www.nyse.com/quote/XNYS:DULL
ARCX,DULL,"MICROSECTORS GOLD -3X INVERSE LEVERAGED ETNS DUE JANUARY 29, 2043",DULL,https://www.nyse.com/quote/ARCX:DULL
ARCX,DUNK,DANA UNCONSTRAINED EQUITY ETF,DUNK,https://www.nyse.com/quote/ARCX:DUNK
XNMS,DUOG,LEVERAGE SHARES 2X LONG DUOL DAILY ETF,DUOG,https://www.nyse.com/quote/XNMS:DUOG
BATS,DURA,VANECK ETF TR DURABLE HIGH DIVIDEND ETF,DURA,https://www.nyse.com/quote/BATS:DURA
BATS,DUSA,DAVIS FUNDAMENTAL ETF TR SELECT US EQUITY ETF,DUSA,https://www.nyse.com/quote/BATS:DUSA
ARCX,DUSB,DIMENSIONAL ETF TRUST DIMENSIONAL ULTRASHORT FIXED INCOME ETF,DUSB,https://www.nyse.com/quote/ARCX:DUSB
XNMS,DUSG,DFA INVESTMENT DIMENSIONS GROUP INC U S SMALL CAP GROWTH PORTFOLIO ETF CL SH,DUSG,https://www.nyse.com/quote/XNMS:DUSG
ARCX,DUSL,DIREXION DAILY INDUSTRIALS BULL 3X ETF,DUSL,https://www.nyse.com/quote/ARCX:DUSL
ARCX,DUST,DIREXION DAILY GOLD MINERS INDEX BEAR 2X ETF,DUST,https://www.nyse.com/quote/ARCX:DUST
ARCX,DUTY,U.S. DEFENSE ETF,DUTY,https://www.nyse.com/quote/ARCX:DUTY
XNMS,DVAL,FRANKLIN TEMPLETON ETF TR BRANDYWINEGLOBAL DYNAMIC US LARGE CAP VA,DVAL,https://www.nyse.com/quote/XNMS:DVAL
ARCX,DVDN,ETF OPPORTUNITIES TR KINGSBARN DIVIDEND OPPORTUNITY ETF,DVDN,https://www.nyse.com/quote/ARCX:DVDN
XNMS,DVGR,DAC 3D DIVIDEND GROWTH ETF,DVGR,https://www.nyse.com/quote/XNMS:DVGR
XNMS,DVIN,WEBS INDUSTRIALS XLI DEFINED VOLATILITY ETF,DVIN,https://www.nyse.com/quote/XNMS:DVIN
XNMS,DVLU,FIRST TR EXCHANGE TRADED FD VI DORSEYWRIGHT MOMENTUM & VALUE ETF,DVLU,https://www.nyse.com/quote/XNMS:DVLU
ARCX,DVND,TOUCHSTONE ETF TRUST DIVIDEND SELECT ETF,DVND,https://www.nyse.com/quote/ARCX:DVND
XNMS,DVOL,FIRST TR EXCHANGE TRADED FD VI DORSEYWRIGHT MOMENTUM & LOW VOLATILITY,DVOL,https://www.nyse.com/quote/XNMS:DVOL
XNMS,DVQQ,WEBS QQQ DEFINED VOLATILITY ETF,DVQQ,https://www.nyse.com/quote/XNMS:DVQQ
XNMS,DVRE,WEBS REAL ESTATE XLRE DEFINED VOLATILITY ETF,DVRE,https://www.nyse.com/quote/XNMS:DVRE
XNMS,DVSP,WEBS SPY DEFINED VOLATILITY ETF,DVSP,https://www.nyse.com/quote/XNMS:DVSP
XNMS,DVUT,WEBS UTILITIES XLU DEFINED VOLATILITY ETF,DVUT,https://www.nyse.com/quote/XNMS:DVUT
BATS,DVVY,INVESCO DIVERSIFIED DIVIDEND OPPORTUNITIES ETF,DVVY,https://www.nyse.com/quote/BATS:DVVY
XNMS,DVXB,WEBS MATERIALS XLB DEFINED VOLATILITY ETF,DVXB,https://www.nyse.com/quote/XNMS:DVXB
XNMS,DVXC,WEBS COMMUNICATION SERVICES XLC DEFINED VOLATILITY ETF,DVXC,https://www.nyse.com/quote/XNMS:DVXC
XNMS,DVXE,WEBS ENERGY XLE DEFINED VOLATILITY ETF,DVXE,https://www.nyse.com/quote/XNMS:DVXE
XNMS,DVXF,WEBS FINANCIAL XLF DEFINED VOLATILITY ETF,DVXF,https://www.nyse.com/quote/XNMS:DVXF
XNMS,DVXK,WEBS TECHNOLOGY XLK DEFINED VOLATILITY ETF,DVXK,https://www.nyse.com/quote/XNMS:DVXK
XNMS,DVXP,WEBS CONSUMER STAPLES XLP DEFINED VOLATILITY ETF,DVXP,https://www.nyse.com/quote/XNMS:DVXP
XNMS,DVXV,WEBS HEALTH CARE XLV DEFINED VOLATILITY ETF,DVXV,https://www.nyse.com/quote/XNMS:DVXV
XNMS,DVXY,WEBS CONSUMER DISCRETIONARY XLY DEFINED VOLATILITY ETF,DVXY,https://www.nyse.com/quote/XNMS:DVXY
XNMS,DVY,ISHARES TRUST SELECT DIVIDEND ETF,DVY,https://www.nyse.com/quote/XNMS:DVY
ARCX,DVYA,ISHARES INC ASIA/PACIFIC DIVIDEND ETF,DVYA,https://www.nyse.com/quote/ARCX:DVYA
ARCX,DVYE,ISHARES INC EMERGING MARKETS DIV ETF,DVYE,https://www.nyse.com/quote/ARCX:DVYE
XNMS,DWAS,INVESCO EXCHANGE TRADED FD TR II DORSEY WRIGHT SMALLCAP MOME,DWAS,https://www.nyse.com/quote/XNMS:DWAS
XNMS,DWAW,ADVISORSHARES TRUST DORSEY WRIGHT FSM ALL CAP WORLD ETF,DWAW,https://www.nyse.com/quote/XNMS:DWAW
BATS,DWLD,DAVIS FUNDAMENTAL ETF TR SELECT WORLDWIDE ETF,DWLD,https://www.nyse.com/quote/BATS:DWLD
XNAS,DWLV,PowerShares DWA Momentum & Low Volatility Rotation,DWLV,https://www.nyse.com/quote/XNAS:DWLV
ARCX,DWM,WISDOMTREE TRUST INTERNATIONAL EQUITY FUND,DWM,https://www.nyse.com/quote/ARCX:DWM
ARCX,DWMF,WISDOMTREE TRUST INTERNATIONAL MULTIFACTOR FUND,DWMF,https://www.nyse.com/quote/ARCX:DWMF
XNMS,DWSH,ADVISORSHARES TRUST DORSEY WRIGHT SHORT ETF,DWSH,https://www.nyse.com/quote/XNMS:DWSH
XNMS,DWUS,ADVISORSHARES TRUST DORSEY WRIGHT FSM US CORE ETF,DWUS,https://www.nyse.com/quote/XNMS:DWUS
BATS,DWWN,PRINCIPAL LONG DURATION ETF,DWWN,https://www.nyse.com/quote/BATS:DWWN
ARCX,DWX,STATE STREET SPDR S&P INTERNATIONAL DIVIDEND ETF,DWX,https://www.nyse.com/quote/ARCX:DWX
ARCX,DXD,PROSHARES TRUST ULTRASHORT DOW 30 (POST REV SPLIT),DXD,https://www.nyse.com/quote/ARCX:DXD
ARCX,DXIV,DIMENSIONAL INTERNATIONAL VECTOR EQUITY ETF,DXIV,https://www.nyse.com/quote/ARCX:DXIV
ARCX,DXJ,WISDOMTREE TRUST JAPAN HEDGED EQTY FD,DXJ,https://www.nyse.com/quote/ARCX:DXJ
ARCX,DXUV,DIMENSIONAL US VECTOR EQUITY ETF,DXUV,https://www.nyse.com/quote/ARCX:DXUV
XNMS,DYFI,ETF OPPORTUNITIES TR IDX DYNAMIC FIXED INCOME ETF,DYFI,https://www.nyse.com/quote/XNMS:DYFI
ARCX,DYLD,TWO RDS SHARED TRUST LEADERSHARES DYNAMIC YIELD ETF,DYLD,https://www.nyse.com/quote/ARCX:DYLD
ARCX,DYLG,GLOBAL X FDS DOW 30 COVERED CALL & GROWTH ETF,DYLG,https://www.nyse.com/quote/ARCX:DYLG
XNMS,DYNB,HARTFORD FUNDS EXCHANGE TRADED TR DYNAMIC BOND ETF,DYNB,https://www.nyse.com/quote/XNMS:DYNB
ARCX,DYNF,ISHARES U.S. EQUITY FACTOR ROTATION ACTIVE ETF,DYNF,https://www.nyse.com/quote/ARCX:DYNF
XNMS,DYTA,RBB FUND INC SGI DYNAMIC TACTICAL ETF,DYTA,https://www.nyse.com/quote/XNMS:DYTA
ARCX,EAFG,PACER FDS TR DEVELOPED MKTS CASH COWS GROWTH LEADERS,EAFG,https://www.nyse.com/quote/ARCX:EAFG
ARCX,EAGG,ISHARES TRUST ESG AWARE US AGGREGATE BOND ETF,EAGG,https://www.nyse.com/quote/ARCX:EAGG
ARCX,EAGL,2023 ETF SER TRUST EAGLE CAP SELECT EQUITY ETF USD,EAGL,https://www.nyse.com/quote/ARCX:EAGL
BATS,EALT,INNOVATOR ETFS TRUST US EQUITY 5 TO 15 BUFFER ETF QUARTERLY,EALT,https://www.nyse.com/quote/BATS:EALT
BATS,EAOA,ISHARES ESG AWARE 80/20 AGGRESSIVE ALLOCATION ETF,EAOA,https://www.nyse.com/quote/BATS:EAOA
BATS,EAOK,ISHARES ESG AWARE 30/70 CONSERVATIVE ALLOCATION ETF,EAOK,https://www.nyse.com/quote/BATS:EAOK
BATS,EAOM,ISHARES ESG AWARE 40/60 MODERATE ALLOCATION ETF,EAOM,https://www.nyse.com/quote/BATS:EAOM
BATS,EAOR,ISHARES ESG AWARE 60/40 BALANCED ALLOCATION ETF,EAOR,https://www.nyse.com/quote/BATS:EAOR
ARCX,EAPR,INNOVATOR ETFS TRUST EMERGING MARKETS POWER BUFFER ETF APRIL,EAPR,https://www.nyse.com/quote/ARCX:EAPR
XNMS,EART,GLOBAL X RARE EARTH & CRITICAL MATERIALS ETF,EART,https://www.nyse.com/quote/XNMS:EART
ARCX,EASG,XTRACKERS MSCI EAFE SELECTION EQUITY ETF,EASG,https://www.nyse.com/quote/ARCX:EASG
XNMS,EASY,LIBERTY ONE DEFENSIVE DIVIDEND GROWTH ETF,EASY,https://www.nyse.com/quote/XNMS:EASY
XNMS,EBI,THE RBB FUND TRUST LONGVIEW ADVANTAGE ETF,EBI,https://www.nyse.com/quote/XNMS:EBI
ARCX,EBIT,HARBOR ALPHAEDGE SMALL CAP EARNERS ETF,EBIT,https://www.nyse.com/quote/ARCX:EBIT
XNMS,EBIZ,GLOBAL X FDS E COMMERCE ETF,EBIZ,https://www.nyse.com/quote/XNMS:EBIZ
ARCX,EBND,STATE STREET SPDR BLOOMBERG EMERGING MARKETS LOCAL BOND ETF,EBND,https://www.nyse.com/quote/ARCX:EBND
ARCX,EBUF,INNOVATOR EMERGING MARKETS 10 BUFFER ETF - QUARTERLY,EBUF,https://www.nyse.com/quote/ARCX:EBUF
BATS,ECH,ISHARES INC ISHARES MSCI CHILE CAPPED ETF USD DIS,ECH,https://www.nyse.com/quote/BATS:ECH
XNMS,ECHX,LEVERAGE SHARES 2X LONG ECHO DAILY ETF,ECHX,https://www.nyse.com/quote/XNMS:ECHX
ARCX,ECML,EA SERIES TRUST EUCLIDEAN FUNDAMENTAL VALUE ETF,ECML,https://www.nyse.com/quote/ARCX:ECML
ARCX,ECNS,ISHARES TRUST MSCI CHINA SMALL-CAP ETF,ECNS,https://www.nyse.com/quote/ARCX:ECNS
ARCX,ECON,COLUMBIA RESEARCH ENHANCED EMERGING ECONOMIES ETF,ECON,https://www.nyse.com/quote/ARCX:ECON
XNMS,ECOW,PACER FDS TR EMERGING MARKETS CASH COWS 100 ETF,ECOW,https://www.nyse.com/quote/XNMS:ECOW
ARCX,EDC,DIREXION DAILY MSCI EMERGING MARKETS BULL 3X ETF,EDC,https://www.nyse.com/quote/ARCX:EDC
BATS,EDEN,ISHARES TRUST MSCI DENMARK ETF,EDEN,https://www.nyse.com/quote/BATS:EDEN
BATS,EDGE,MRBL ENHANCED EQUITY ETF,EDGE,https://www.nyse.com/quote/BATS:EDGE
ARCX,EDGF,3EDGE DYNAMIC FIXED INCOME ETF,EDGF,https://www.nyse.com/quote/ARCX:EDGF
ARCX,EDGH,3EDGE DYNAMIC HARD ASSETS ETF,EDGH,https://www.nyse.com/quote/ARCX:EDGH
ARCX,EDGI,3EDGE DYNAMIC INTERNATIONAL EQUITY ETF,EDGI,https://www.nyse.com/quote/ARCX:EDGI
ARCX,EDGQ,GLOBAL X NASDAQ-100 INCOME EDGE ETF,EDGQ,https://www.nyse.com/quote/ARCX:EDGQ
ARCX,EDGU,3EDGE DYNAMIC US EQUITY ETF,EDGU,https://www.nyse.com/quote/ARCX:EDGU
ARCX,EDGX,GLOBAL X U.S. 500 INCOME EDGE ETF,EDGX,https://www.nyse.com/quote/ARCX:EDGX
ARCX,EDIV,STATE STREET SPDR S&P EMERGING MARKETS DIVIDEND ETF,EDIV,https://www.nyse.com/quote/ARCX:EDIV
ARCX,EDOG,ALPS ETF TRUST EMERGING SECTOR DIVID DOGS ETF,EDOG,https://www.nyse.com/quote/ARCX:EDOG
ARCX,EDOW,FIRST TRUST EXCHANGE TRADED FUND DOW 30 EQUAL WEIGHT ETF USD,EDOW,https://www.nyse.com/quote/ARCX:EDOW
ARCX,EDV,VANGUARD WORLD FUND EXTENDED DURATION TREAS ETF,EDV,https://www.nyse.com/quote/ARCX:EDV
ARCX,EDZ,DIREXION DAILY MSCI EMERGING MARKETS BEAR 3X ETF,EDZ,https://www.nyse.com/quote/ARCX:EDZ
XNMS,EEE,CYBER HORNET S&P 500 AND ETHEREUM 75/25 STRATEGY ETF,EEE,https://www.nyse.com/quote/XNMS:EEE
ARCX,EELV,INVESCO EXCHANGE TRADED FD TR II S&P EMERGING MKTS LOW VOLATILITY ETF,EELV,https://www.nyse.com/quote/ARCX:EELV
ARCX,EEM,ISHARES TRUST MSCI EMG MKTS ETF USD DIS,EEM,https://www.nyse.com/quote/ARCX:EEM
XNMS,EEMA,ISHARES INC MSCI EMERGING MKTS ASIA ETF,EEMA,https://www.nyse.com/quote/XNMS:EEMA
ARCX,EEMO,INVESCO EXCHANGE TRADED FD TR II S&P EMERGING MKTS MOMENTUM ETF,EEMO,https://www.nyse.com/quote/ARCX:EEMO
ARCX,EEMS,ISHARES INC MSCI EMERGING MARKETS SMALL CAP ETF,EEMS,https://www.nyse.com/quote/ARCX:EEMS
BATS,EEMV,ISHARES INC MSCI EMERGING MARKETS MIN VOL FACTOR ETF,EEMV,https://www.nyse.com/quote/BATS:EEMV
ARCX,EEMX,STATE STREET SPDR MSCI EMERGING MARKETS FOSSIL FUEL RESERVES FREE ETF,EEMX,https://www.nyse.com/quote/ARCX:EEMX
XNYS,EEMX,SPDR INDEX SHS FDS,EEMX,https://www.nyse.com/quote/XNYS:EEMX
ARCX,EES,WISDOMTREE TRUST US SMALLCAP FUND,EES,https://www.nyse.com/quote/ARCX:EES
ARCX,EET,PROSHARES TRUST ULTRA MSCI EMERGING MKTS,EET,https://www.nyse.com/quote/ARCX:EET
ARCX,EETH,PROSHARES ETHER ETF,EETH,https://www.nyse.com/quote/ARCX:EETH
ARCX,EEV,PROSHARES TRUST ULTRASHORT MSCI EMERGING MKT (REV SPLIT),EEV,https://www.nyse.com/quote/ARCX:EEV
ARCX,EFA,ISHARES TRUST MSCI EAFE ETF,EFA,https://www.nyse.com/quote/ARCX:EFA
ARCX,EFAA,INVESCO MSCI EAFE INCOME ADVANTAGE ETF,EFAA,https://www.nyse.com/quote/ARCX:EFAA
BATS,EFAD,PROSHARES TRUST MSCI EAFE DIVIDEND GROWERS,EFAD,https://www.nyse.com/quote/BATS:EFAD
XNMS,EFAS,GLOBAL X FDS MSCI SUPERDIVIDEND EAFE ETF,EFAS,https://www.nyse.com/quote/XNMS:EFAS
XNYS,EFAS,GLOBAL X FDS,EFAS,https://www.nyse.com/quote/XNYS:EFAS
BATS,EFAV,ISHARES TRUST MSCI EAFE MIN VOL FACTOR ETF,EFAV,https://www.nyse.com/quote/BATS:EFAV
XNYS,EFAX,SPDR INDEX SHS FDS,EFAX,https://www.nyse.com/quote/XNYS:EFAX
ARCX,EFAX,STATE STREET SPDR MSCI EAFE FOSSIL FUEL RESERVES FREE ETF,EFAX,https://www.nyse.com/quote/ARCX:EFAX
ARCX,EFFE,HARBOR OSMOSIS EMERGING MARKETS RESOURCE EFFICIENT ETF,EFFE,https://www.nyse.com/quote/ARCX:EFFE
ARCX,EFFI,HARBOR OSMOSIS INTERNATIONAL RESOURCE EFFICIENT ETF,EFFI,https://www.nyse.com/quote/ARCX:EFFI
BATS,EFG,ISHARES TRUST MSCI EAFE GROWTH ETF,EFG,https://www.nyse.com/quote/BATS:EFG
ARCX,EFIV,STATE STREET SPDR S&P 500 ESG ETF,EFIV,https://www.nyse.com/quote/ARCX:EFIV
BATS,EFNL,ISHARES TRUST MSCI FINLAND ETF,EFNL,https://www.nyse.com/quote/BATS:EFNL
ARCX,EFO,PROSHARES TRUST ULTRA MSCI EAFE,EFO,https://www.nyse.com/quote/ARCX:EFO
XNMS,EFRA,ISHARES TRUST ENVIRONMENTAL INFRASTRUCTURE AND INDUSTR,EFRA,https://www.nyse.com/quote/XNMS:EFRA
ARCX,EFU,PROSHARES ULTRASHORT MSCI EAFE,EFU,https://www.nyse.com/quote/ARCX:EFU
BATS,EFV,ISHARES TRUST MSCI EAFE VALUE ETF,EFV,https://www.nyse.com/quote/BATS:EFV
ARCX,EFZ,PROSHARES TRUST SHORT MSCI EAFE (POST REV SPLIT),EFZ,https://www.nyse.com/quote/ARCX:EFZ
XNMS,EGGQ,NESTYIELD VISIONARY ETF,EGGQ,https://www.nyse.com/quote/XNMS:EGGQ
ARCX,EGGS,NESTYIELD TOTAL RETURN GUARD ETF,EGGS,https://www.nyse.com/quote/ARCX:EGGS
ARCX,EGGY,NESTYIELD DYNAMIC INCOME ETF,EGGY,https://www.nyse.com/quote/ARCX:EGGY
ARCX,EGLE,GLOBAL X S&P 500 U.S. REVENUE LEADERS ETF,EGLE,https://www.nyse.com/quote/ARCX:EGLE
BATS,EGUS,ISHARES TRUST ESG AWARE MSCI USA GROWTH ETF,EGUS,https://www.nyse.com/quote/BATS:EGUS
BATS,EHCC,GLOBAL X FDS X ETHEREUM COVERED CALL ETF,EHCC,https://www.nyse.com/quote/BATS:EHCC
XNMS,EHLS,TIDAL TRUST II EVEN HERD LONG SHORT ETF,EHLS,https://www.nyse.com/quote/XNMS:EHLS
BATS,EHY,AMPLIFY ETHEREUM MAX INCOME COVERED CALL ETF,EHY,https://www.nyse.com/quote/BATS:EHY
ARCX,EIDO,ISHARES TRUST MSCI INDONESIA ETF,EIDO,https://www.nyse.com/quote/ARCX:EIDO
ARCX,EINC,VANECK ETF TR VANECK VECTORS ENERGY INCOME ETF,EINC,https://www.nyse.com/quote/ARCX:EINC
ARCX,EIPI,FT ENERGY INCOME PARTNERS ENHANCED INCOME ETF,EIPI,https://www.nyse.com/quote/ARCX:EIPI
ARCX,EIPX,FIRST TR EXCHANGE TRADED FD IV ENERGY INCOME PARTNERS STRATEGY ETF USD,EIPX,https://www.nyse.com/quote/ARCX:EIPX
ARCX,EIRL,ISHARES TRUST MSCI IRELAND ETF,EIRL,https://www.nyse.com/quote/ARCX:EIRL
ARCX,EIS,ISHARES INC MSCI ISRAEL ETF,EIS,https://www.nyse.com/quote/ARCX:EIS
ARCX,EJAN,INNOVATOR ETFS TRUST EMERGING MARKETS POWR BUFFER ETF JANUARY,EJAN,https://www.nyse.com/quote/ARCX:EJAN
ARCX,EJUL,INNOVATOR ETFS TRUST EMERGING MARKETS POWER BUFFER ETF JULY,EJUL,https://www.nyse.com/quote/ARCX:EJUL
XNMS,EKG,FIRST TRUST EXCH TRADED FUND 2 NASDAQ LUX DIGITAL HEALTH SOLUTIONS ETF,EKG,https://www.nyse.com/quote/XNMS:EKG
ARCX,ELCV,EVENTIDE HIGH DIVIDEND ETF,ELCV,https://www.nyse.com/quote/ARCX:ELCV
ARCX,ELD,WISDOMTREE TRUST EMERGING MKTS LOCAL DEBT FD ETF,ELD,https://www.nyse.com/quote/ARCX:ELD
XNMS,ELFY,ALPS ELECTRIFICATION INFRASTRUCTURE ETF,ELFY,https://www.nyse.com/quote/XNMS:ELFY
XNMS,ELIL,DIREXION DAILY LLY BULL 2X ETF,ELIL,https://www.nyse.com/quote/XNMS:ELIL
ARCX,ELM,ELM MARKET NAVIGATOR ETF,ELM,https://www.nyse.com/quote/ARCX:ELM
XNMS,EMB,ISHARES TRUST J.P. MORGAN USD EMERGING MARKETS BD ETF,EMB,https://www.nyse.com/quote/XNMS:EMB
ARCX,EMBD,GLOBAL X FDS EMERGING MKTS BD ETF,EMBD,https://www.nyse.com/quote/ARCX:EMBD
ARCX,EMBX,VANECK EMERGING MARKETS BOND ETF,EMBX,https://www.nyse.com/quote/ARCX:EMBX
ARCX,EMC,GLOBAL X FDS EMERGING MARKETS GREAT CONSUMER ETF,EMC,https://www.nyse.com/quote/ARCX:EMC
XNMS,EMCB,WISDOMTREE TRUST EMERG MARKETS CORP BOND FD,EMCB,https://www.nyse.com/quote/XNMS:EMCB
ARCX,EMCR,DBX ETF TRUST XTRACKERS EMRG MRKTS CARBON REDUCTION AN,EMCR,https://www.nyse.com/quote/ARCX:EMCR
ARCX,EMCS,XTRACKERS MSCI EMERGING MARKETS SELECT ETF,EMCS,https://www.nyse.com/quote/ARCX:EMCS
ARCX,EMDM,FIRST TRUST EXCH TRADED FUND 2 BLOOMBERG EMERGING MARKET DEMOCRACIES ET,EMDM,https://www.nyse.com/quote/ARCX:EMDM
BATS,EMDV,PROSHARES TRUST MSCI EMERGING MARKETS DIVIDEND GROWERS,EMDV,https://www.nyse.com/quote/BATS:EMDV
XNMS,EMEM,SOPHUS CAPITAL EMERGING MARKET ETF,EMEM,https://www.nyse.com/quote/XNMS:EMEM
XNMS,EMEQ,NOMURA FOCUSED EMERGING MARKETS EQUITY ETF,EMEQ,https://www.nyse.com/quote/XNMS:EMEQ
ARCX,EMES,HARBOR EMERGING MARKETS SELECT ETF,EMES,https://www.nyse.com/quote/ARCX:EMES
ARCX,EMET,VANECK COPPER AND ELECTRIFICATION METALS ETF,EMET,https://www.nyse.com/quote/ARCX:EMET
ARCX,EMFI,PICTET EMERGING MARKETS DEBT ETF,EMFI,https://www.nyse.com/quote/ARCX:EMFI
BATS,EMGF,ISHARES INC EMERGING MARKETS EQUITY FACTOR ETF,EMGF,https://www.nyse.com/quote/BATS:EMGF
ARCX,EMHC,STATE STREET SPDR BLOOMBERG EMERGING MARKETS USD BOND ETF,EMHC,https://www.nyse.com/quote/ARCX:EMHC
BATS,EMHY,ISHARES INC J P MORGAN EM HIGH YIELD BOND ETF,EMHY,https://www.nyse.com/quote/BATS:EMHY
XNMS,EMIF,ISHARES TRUST EMERGING MARKETS INFRASTRUCTURE ETF,EMIF,https://www.nyse.com/quote/XNMS:EMIF
BATS,EMJL,CORGI EMERGING MARKETS EQUITIES 15% STRUCTURED BUFFER ETF - JULY SERIES,EMJL,https://www.nyse.com/quote/BATS:EMJL
BATS,EMJN,CORGI EMERGING MARKETS EQUITIES 15% STRUCTURED BUFFER ETF,EMJN,https://www.nyse.com/quote/BATS:EMJN
ARCX,EMKT,LAZARD EMERGING MARKETS OPPORTUNITIES ETF,EMKT,https://www.nyse.com/quote/ARCX:EMKT
ARCX,EMLC,VANECK ETF TR VANECK J. P. MORGAN EM LOCAL CURRENCY BO,EMLC,https://www.nyse.com/quote/ARCX:EMLC
ARCX,EMLP,FIRST TR EXCHANGE TRADED FD IV NORTH AMERN ENERGY INFRASTR,EMLP,https://www.nyse.com/quote/ARCX:EMLP
ARCX,EMM,GLOBAL X FDS EMERGING MARKETS EX-CHINA ETF,EMM,https://www.nyse.com/quote/ARCX:EMM
ARCX,EMMF,WISDOMTREE TRUST EMERGING MARKETS MULTIFACTOR FUND,EMMF,https://www.nyse.com/quote/ARCX:EMMF
BATS,EMMY,CORGI EMERGING MARKETS EQUITIES 15% STRUCTURED BUFFER ETF - MAY SERIES,EMMY,https://www.nyse.com/quote/BATS:EMMY
ARCX,EMNT,PIMCO ETF TRUST PIMCO ENHANCED SHRT MATURITY ACTIVE ESG,EMNT,https://www.nyse.com/quote/ARCX:EMNT
ARCX,EMOP,AB EMERGING MARKETS OPPORTUNITIES ETF,EMOP,https://www.nyse.com/quote/ARCX:EMOP
ARCX,EMOT,FIRST TRUST S&P 500 ECONOMIC MOAT ETF,EMOT,https://www.nyse.com/quote/ARCX:EMOT
ARCX,EMPB,EFFICIENT MARKET PORTFOLIO PLUS ETF,EMPB,https://www.nyse.com/quote/ARCX:EMPB
ARCX,EMQQ,THE EMERGING MARKETS INTERNET ETF,EMQQ,https://www.nyse.com/quote/ARCX:EMQQ
XNMS,EMSC,SOPHUS CAPITAL EMERGING MARKET SMALL CAP ETF,EMSC,https://www.nyse.com/quote/XNMS:EMSC
ARCX,EMSF,MATTHEWS INTERNATIONAL FUNDS EMERGING MARKETS SUSTAINABLE FUTURE ACTI,EMSF,https://www.nyse.com/quote/ARCX:EMSF
BATS,EMTL,STATE STREET DOUBLELINE EMERGING MARKETS FIXED INCOME ETF,EMTL,https://www.nyse.com/quote/BATS:EMTL
ARCX,EMTY,PROSHARES TRUST DECLINE RETAIL STORE ETF (OST REV SPLIT),EMTY,https://www.nyse.com/quote/ARCX:EMTY
XNMS,EMXC,ISHARES INC MSCI EMERGING MARKETS EX CHINA USD,EMXC,https://www.nyse.com/quote/XNMS:EMXC
XNMS,EMXF,ISHARES TRUST ESG ADVANCED MSCI EM ETF,EMXF,https://www.nyse.com/quote/XNMS:EMXF
BATS,EMXX,CORGI EMERGING MARKETS 2X DAILY ETF,EMXX,https://www.nyse.com/quote/BATS:EMXX
XNMS,ENDW,CAMBRIA ENDOWMENT STYLE ETF,ENDW,https://www.nyse.com/quote/XNMS:ENDW
ARCX,ENFR,ALPS ETF TRUST ALERIAN ENERGY INFRASTRUCTURE ETF,ENFR,https://www.nyse.com/quote/ARCX:ENFR
XNMS,ENHI,ISHARES ENHANCED INTERNATIONAL ACTIVE ETF,ENHI,https://www.nyse.com/quote/XNMS:ENHI
XNMS,ENHU,ISHARES ENHANCED LARGE CAP CORE ACTIVE ETF,ENHU,https://www.nyse.com/quote/XNMS:ENHU
BATS,ENOR,ISHARES TRUST MSCI NORWAY ETF,ENOR,https://www.nyse.com/quote/BATS:ENOR
BATS,ENTL,LEVERAGE SHARES 2X LONG ENTG DAILY ETF,ENTL,https://www.nyse.com/quote/BATS:ENTL
XNMS,ENZL,ISHARES TRUST MSCI NEW ZEALAND ETF,ENZL,https://www.nyse.com/quote/XNMS:ENZL
BATS,EO,CORGI EOSE 2X DAILY ETF,EO,https://www.nyse.com/quote/BATS:EO
ARCX,EOCT,INNOVATOR ETFS TRUST EMERGING MKTS PWR BUFFER ETF,EOCT,https://www.nyse.com/quote/ARCX:EOCT
BATS,EOSU,T-REX 2X LONG EOSE DAILY TARGET ETF,EOSU,https://www.nyse.com/quote/BATS:EOSU
ARCX,EPAI,HARBOR AI INFLECTION STRATEGY ETF,EPAI,https://www.nyse.com/quote/ARCX:EPAI
ARCX,EPEM,HARBOR EMERGING MARKETS EQUITY ETF,EPEM,https://www.nyse.com/quote/ARCX:EPEM
ARCX,EPHE,ISHARES TRUST MSCI PHILIPPINES ETF,EPHE,https://www.nyse.com/quote/ARCX:EPHE
ARCX,EPI,WISDOMTREE TRUST INDIA EARNINGS USD,EPI,https://www.nyse.com/quote/ARCX:EPI
ARCX,EPIN,HARBOR INTERNATIONAL EQUITY ETF,EPIN,https://www.nyse.com/quote/ARCX:EPIN
ARCX,EPMB,HARBOR MID CAP CORE ETF,EPMB,https://www.nyse.com/quote/ARCX:EPMB
ARCX,EPMV,HARBOR MID CAP VALUE ETF,EPMV,https://www.nyse.com/quote/ARCX:EPMV
ARCX,EPOL,ISHARES TRUST MSCI POLAND ETF,EPOL,https://www.nyse.com/quote/ARCX:EPOL
ARCX,EPP,ISHARES INC MSCI PACIFIC EX JAPAN ETF,EPP,https://www.nyse.com/quote/ARCX:EPP
BATS,EPRF,INNOVATOR ETFS TRUST S&P INVT GRADE PFD ETF,EPRF,https://www.nyse.com/quote/BATS:EPRF
ARCX,EPS,WISDOMTREE TRUST US LARGECAP FUND,EPS,https://www.nyse.com/quote/ARCX:EPS
ARCX,EPSB,HARBOR SMID CAP CORE ETF,EPSB,https://www.nyse.com/quote/ARCX:EPSB
ARCX,EPSV,HARBOR SMID CAP VALUE ETF,EPSV,https://www.nyse.com/quote/ARCX:EPSV
ARCX,EPU,ISHARES TRUST MSCI PERU AND GLOBAL EXPOSURE ETF,EPU,https://www.nyse.com/quote/ARCX:EPU
ARCX,EPV,PROSHARES ULTRASHORT FTSE EUROPE,EPV,https://www.nyse.com/quote/ARCX:EPV
ARCX,EQAL,INVESCO EXCHANGE TRADED FD TR II RUSSELL 1000 EQL WGT ETF,EQAL,https://www.nyse.com/quote/ARCX:EQAL
ARCX,EQIN,COLUMBIA U.S. EQUITY INCOME ETF,EQIN,https://www.nyse.com/quote/ARCX:EQIN
ARCX,EQL,ALPS ETF TRUST EQUAL SECTOR WEIGHT ETF,EQL,https://www.nyse.com/quote/ARCX:EQL
BATS,EQLT,ISHARES MSCI EMERGING MARKETS QUALITY FACTOR ETF,EQLT,https://www.nyse.com/quote/BATS:EQLT
XNYS,EQLT,ISHARES TRUST,EQLT,https://www.nyse.com/quote/XNYS:EQLT
XNMS,EQRR,PROSHARES TRUST EQUITIES FOR RISING RATES ETF,EQRR,https://www.nyse.com/quote/XNMS:EQRR
ARCX,EQTY,VALUED ADVISERS TRUST KOVITZ CORE EQUITY ETF,EQTY,https://www.nyse.com/quote/ARCX:EQTY
ARCX,EQWL,INVESCO EXCHANGE TRADED FD TR S&P 100 EQUAL WEIGHT ETF,EQWL,https://www.nyse.com/quote/ARCX:EQWL
XNMS,ERET,ISHARES TRUST ENVIRONMENTALLY AWARE REAL ESTATE ETF,ERET,https://www.nyse.com/quote/XNMS:ERET
ARCX,ERTH,INVESCO EXCHANGE TRADED FD TR INVESCO MSCI SUSTAINABLE FUTURE ETF,ERTH,https://www.nyse.com/quote/ARCX:ERTH
ARCX,ERX,DIREXION DAILY ENERGY BULL 2X ETF,ERX,https://www.nyse.com/quote/ARCX:ERX
ARCX,ERY,DIREXION DAILY ENERGY BEAR 2X ETF,ERY,https://www.nyse.com/quote/ARCX:ERY
ARCX,ESBG,FIRST TRUST ENHANCED STOCKS BONDS & GOLD ETF,ESBG,https://www.nyse.com/quote/ARCX:ESBG
BATS,ESG,FLEXSHARES TRUST STOXX US ESG SELECT INDEX FUND,ESG,https://www.nyse.com/quote/BATS:ESG
XNMS,ESGD,ISHARES TRUST ESG AWARE MSCI EAFE ETF,ESGD,https://www.nyse.com/quote/XNMS:ESGD
XNAS,ESGD,ISHARES TRUST,ESGD,https://www.nyse.com/quote/XNAS:ESGD
XNAS,ESGE,ISHARES INC,ESGE,https://www.nyse.com/quote/XNAS:ESGE
XNMS,ESGE,ISHARES INC ESG AWARE MSCI EM ETF,ESGE,https://www.nyse.com/quote/XNMS:ESGE
BATS,ESGG,FLEXSHARES TRUST STOXX GLOBAL ESG SELECT INDEX FUND,ESGG,https://www.nyse.com/quote/BATS:ESGG
XNMS,ESGU,ISHARES TRUST ESG AWARE MSCI USA ETF,ESGU,https://www.nyse.com/quote/XNMS:ESGU
XNAS,ESGU,ISHARES TRUST,ESGU,https://www.nyse.com/quote/XNAS:ESGU
BATS,ESGV,VANGUARD WORLD FUND ESG U.S. STOCK ETF,ESGV,https://www.nyse.com/quote/BATS:ESGV
ARCX,ESIM,EVENTIDE INTERNATIONAL ETF,ESIM,https://www.nyse.com/quote/ARCX:ESIM
ARCX,ESLG,EVENTIDE LARGE CAP GROWTH ETF,ESLG,https://www.nyse.com/quote/ARCX:ESLG
ARCX,ESLV,EVENTIDE LARGE CAP VALUE ETF,ESLV,https://www.nyse.com/quote/ARCX:ESLV
BATS,ESML,ISHARES TRUST ESG AWARE MSCI USA SMALL CAP ETF,ESML,https://www.nyse.com/quote/BATS:ESML
XNMS,ESMV,ISHARES TRUST ISHARES ESG OPTIMIZED MSCI USA MIN VOL FACTOR ETF,ESMV,https://www.nyse.com/quote/XNMS:ESMV
XNMS,ESN,ESSENTIAL 40 STOCK ETF,ESN,https://www.nyse.com/quote/XNMS:ESN
XNMS,ESPO,VANECK ETF TR VIDEO GAMING AND ESPORTS ETF,ESPO,https://www.nyse.com/quote/XNMS:ESPO
ARCX,ESSC,EVENTIDE SMALL CAP ETF,ESSC,https://www.nyse.com/quote/ARCX:ESSC
ARCX,ESUM,EVENTIDE US MARKET ETF,ESUM,https://www.nyse.com/quote/ARCX:ESUM
ARCX,ETCO,GRAYSCALE ETHEREUM COVERED CALL ETF,ETCO,https://www.nyse.com/quote/ARCX:ETCO
XNMS,ETEC,ISHARES TRUST BREAKTHROUGH ENVIRONMENTAL SOLUTIONS ETF,ETEC,https://www.nyse.com/quote/XNMS:ETEC
ARCX,ETFT,FUNDSMITH EQUITY ETF,ETFT,https://www.nyse.com/quote/ARCX:ETFT
ARCX,ETH,GRAYSCALE ETHEREUM STAKING MINI ETF,ETH,https://www.nyse.com/quote/ARCX:ETH
XNMS,ETHA,ISHARES ETHEREUM TRUST ETF,ETHA,https://www.nyse.com/quote/XNMS:ETHA
XNMS,ETHB,ISHARES STAKED ETHEREUM TRUST ETF,ETHB,https://www.nyse.com/quote/XNMS:ETHB
ARCX,ETHD,PROSHARES ULTRASHORT ETHER ETF,ETHD,https://www.nyse.com/quote/ARCX:ETHD
ARCX,ETHE,GRAYSCALE ETHEREUM STAKING ETF,ETHE,https://www.nyse.com/quote/ARCX:ETHE
ARCX,ETHO,AMPLIFY ETF TRUST ETHO CLIMATE LEADERSHIP U.S. ETF,ETHO,https://www.nyse.com/quote/ARCX:ETHO
ARCX,ETHT,PROSHARES ULTRA ETHER ETF,ETHT,https://www.nyse.com/quote/ARCX:ETHT
BATS,ETHU,2X ETHER ETF,ETHU,https://www.nyse.com/quote/BATS:ETHU
BATS,ETHV,VANECK ETHEREUM ETF,ETHV,https://www.nyse.com/quote/BATS:ETHV
ARCX,ETHW,BITWISE ETHEREUM ETF,ETHW,https://www.nyse.com/quote/ARCX:ETHW
BATS,ETNG,LEVERAGE SHARES 2X LONG ETN DAILY ETF,ETNG,https://www.nyse.com/quote/BATS:ETNG
BATS,ETTY,AMPLIFY ETHEREUM 3% MONTHLY OPTION INCOME ETF,ETTY,https://www.nyse.com/quote/BATS:ETTY
BATS,ETU,T-REX 2X LONG ETHER DAILY TARGET ETF,ETU,https://www.nyse.com/quote/BATS:ETU
BATS,EUAD,SELECT STOXX EUROPE AEROSPACE & DEFENSE ETF,EUAD,https://www.nyse.com/quote/BATS:EUAD
ARCX,EUDG,WISDOMTREE TRUST EUROPE QUALITY DIVID GROWTH,EUDG,https://www.nyse.com/quote/ARCX:EUDG
BATS,EUDV,PROSHARES TRUST MSCI EUROPE DIVIDEND GROWERS ETF,EUDV,https://www.nyse.com/quote/BATS:EUDV
XNMS,EUFN,ISHARES TRUST MSCI EUROPE FINANACIALS ETF,EUFN,https://www.nyse.com/quote/XNMS:EUFN
BATS,EUHY,ISHARES EURO HIGH YIELD CORPORATE BOND USD HEDGED ETF,EUHY,https://www.nyse.com/quote/BATS:EUHY
BATS,EUIG,ISHARES EURO INVESTMENT GRADE CORPORATE BOND USD HEDGED ETF,EUIG,https://www.nyse.com/quote/BATS:EUIG
ARCX,EUM,PROSHARES SHORT MSCI EMERGING MARKETS,EUM,https://www.nyse.com/quote/ARCX:EUM
ARCX,EUO,PROSHARES TRUST II PROSHARES ULTRASHORT EURO,EUO,https://www.nyse.com/quote/ARCX:EUO
ARCX,EURL,DIREXION DAILY FTSE EUROPE BULL 3X ETF,EURL,https://www.nyse.com/quote/ARCX:EURL
ARCX,EUSA,ISHARES INC MSCI USA EQUAL WEIGHTED ETF,EUSA,https://www.nyse.com/quote/ARCX:EUSA
ARCX,EUSB,ISHARES ESG ADVANCED UNIVERSAL USD BOND ETF,EUSB,https://www.nyse.com/quote/ARCX:EUSB
BATS,EUV,CORGI LITHOGRAPHY & SEMICONDUCTOR PHOTONICS ETF,EUV,https://www.nyse.com/quote/BATS:EUV
BATS,EUVX,CORGI LITHOGRAPHY & SEMICONDUCTOR PHOTONICS 2X DAILY ETF,EUVX,https://www.nyse.com/quote/BATS:EUVX
ARCX,EVHY,MORGAN STANLEY ETF TRUST EATON VANCE HIGH YIELD ETF USD,EVHY,https://www.nyse.com/quote/ARCX:EVHY
ARCX,EVIM,MORGAN STANLEY ETF TRUST EATON VANCE INTERMEDIATE MUNICIPAL INCOM,EVIM,https://www.nyse.com/quote/ARCX:EVIM
ARCX,EVLN,MORGAN STANLEY ETF TRUST EATON VANCE FLOATING RATE ETF USD,EVLN,https://www.nyse.com/quote/ARCX:EVLN
BATS,EVLU,ISHARES MSCI EMERGING MARKETS VALUE FACTOR ETF,EVLU,https://www.nyse.com/quote/BATS:EVLU
ARCX,EVMO,EATON VANCE MORTGAGE OPPORTUNITIES ETF,EVMO,https://www.nyse.com/quote/ARCX:EVMO
XNMS,EVMT,INVESCO ACT MANAGE EXCH TR CMDTY FD ELEC VEH METALS COMMODIT STRA NO K-1 ETF,EVMT,https://www.nyse.com/quote/XNMS:EVMT
ARCX,EVMU,DIREXION DAILY ETHER BULL 2X ETF,EVMU,https://www.nyse.com/quote/ARCX:EVMU
ARCX,EVNT,ALTSHARES TR EVENT-DRIVEN ETF,EVNT,https://www.nyse.com/quote/ARCX:EVNT
XNMS,EVPF,EATON VANCE PREFERRED SECURITIES AND INCOME ETF,EVPF,https://www.nyse.com/quote/XNMS:EVPF
ARCX,EVSB,MORGAN STANLEY ETF TRUST EATON VANCE ULTRA-SHORT INCOME ETF USD,EVSB,https://www.nyse.com/quote/ARCX:EVSB
XNMS,EVSD,EATON VANCE SHORT DURATION INCOME ETF,EVSD,https://www.nyse.com/quote/XNMS:EVSD
ARCX,EVSM,MORGAN STANLEY ETF TRUST EATON VANCE SHORT DURATION MUNICIPAL INC,EVSM,https://www.nyse.com/quote/ARCX:EVSM
XNYS,EVTR,MORGAN STANLEY ETF TRUST EATON VANCE TOTAL RETURN BOND ETF USD,EVTR,https://www.nyse.com/quote/XNYS:EVTR
BATS,EVUS,ISHARES TRUST ESG AWARE MSCI USA VALUE ETF,EVUS,https://www.nyse.com/quote/BATS:EVUS
ARCX,EVX,VANECK ETF TR VANECK ENVIRONMENTAL SERVICES ETF,EVX,https://www.nyse.com/quote/ARCX:EVX
XNMS,EVYM,EATON VANCE HIGH INCOME MUNICIPAL ETF,EVYM,https://www.nyse.com/quote/XNMS:EVYM
ARCX,EWA,ISHARES INC MSCI AUSTRALIA ETF,EWA,https://www.nyse.com/quote/ARCX:EWA
ARCX,EWC,ISHARES INC MSCI CANADA ETF,EWC,https://www.nyse.com/quote/ARCX:EWC
ARCX,EWD,ISHARES INC MSCI SWEDEN ETF,EWD,https://www.nyse.com/quote/ARCX:EWD
ARCX,EWG,ISHARES INC MSCI GERMANY ETF,EWG,https://www.nyse.com/quote/ARCX:EWG
ARCX,EWH,ISHARES INC MSCI HONG KONG ETF,EWH,https://www.nyse.com/quote/ARCX:EWH
ARCX,EWI,ISHARES INC MSCI ITALY ETF,EWI,https://www.nyse.com/quote/ARCX:EWI
ARCX,EWJ,ISHARES INC MSCI JAPAN ETF NEW,EWJ,https://www.nyse.com/quote/ARCX:EWJ
XNMS,EWJV,ISHARES TRUST MSCI JAPAN VALUE ETF,EWJV,https://www.nyse.com/quote/XNMS:EWJV
ARCX,EWK,ISHARES INC MSCI BELGIUM ETF,EWK,https://www.nyse.com/quote/ARCX:EWK
ARCX,EWL,ISHARES INC MSCI SWITZERLAND ETF,EWL,https://www.nyse.com/quote/ARCX:EWL
ARCX,EWM,ISHARES INC MSCI MALAYSIA ETF (POST REV SPLT),EWM,https://www.nyse.com/quote/ARCX:EWM
ARCX,EWN,ISHARES INC MSCI NETHERLANDS ETF,EWN,https://www.nyse.com/quote/ARCX:EWN
ARCX,EWO,ISHARES INC MSCI AUSTRIA ETF,EWO,https://www.nyse.com/quote/ARCX:EWO
ARCX,EWP,ISHARES INC MSCI SPAIN ETF,EWP,https://www.nyse.com/quote/ARCX:EWP
ARCX,EWQ,ISHARES INC MSCI FRANCE ETF,EWQ,https://www.nyse.com/quote/ARCX:EWQ
ARCX,EWS,ISHARES INC MSCI SINGAPORE ETF,EWS,https://www.nyse.com/quote/ARCX:EWS
ARCX,EWT,ISHARES INC MSCI TAIWAN ETF,EWT,https://www.nyse.com/quote/ARCX:EWT
ARCX,EWU,ISHARES TRUST MSCI UTD KINGDOM ETF NEW,EWU,https://www.nyse.com/quote/ARCX:EWU
BATS,EWUS,ISHARES TRUST MSCI UNITED KINGDOM SMALL-CAP ETF,EWUS,https://www.nyse.com/quote/BATS:EWUS
ARCX,EWV,PROSHARES ULTRASHORT MSCI JAPAN,EWV,https://www.nyse.com/quote/ARCX:EWV
ARCX,EWW,ISHARES INC MSCI MEXICO ETF,EWW,https://www.nyse.com/quote/ARCX:EWW
ARCX,EWX,STATE STREET SPDR S&P EMERGING MARKETS SMALL CAP ETF,EWX,https://www.nyse.com/quote/ARCX:EWX
ARCX,EWY,ISHARES INC MSCI SOUTH KOREA ETF,EWY,https://www.nyse.com/quote/ARCX:EWY
ARCX,EWZ,ISHARES INC MSCI BRAZIL ETF,EWZ,https://www.nyse.com/quote/ARCX:EWZ
XNMS,EWZS,ISHARES TRUST MSCI BRAZIL SMALL-CAP ETF,EWZS,https://www.nyse.com/quote/XNMS:EWZS
ARCX,EXEQ,WEDBUSH RETURNONLEADERSHIP U.S. LARGE-CAP ETF,EXEQ,https://www.nyse.com/quote/ARCX:EXEQ
ARCX,EXI,ISHARES TRUST GLOBAL INDUSTRIALS ETF,EXI,https://www.nyse.com/quote/ARCX:EXI
XNMS,EXUS,NOMURA FOCUSED INTERNATIONAL CORE ETF,EXUS,https://www.nyse.com/quote/XNMS:EXUS
XNMS,EYEG,AB ACTIVE ETFS INC CORPORATE BOND ETF USD,EYEG,https://www.nyse.com/quote/XNMS:EYEG
BATS,EYES,CORGI DATA & SURVEILLANCE ETF,EYES,https://www.nyse.com/quote/BATS:EYES
BATS,EYLD,CAMBRIA ETF TRUST EMERGING SHAREHOLDER YIELD ETF,EYLD,https://www.nyse.com/quote/BATS:EYLD
ARCX,EZA,ISHARES INC MSCI SOUTH AFRICA ETF,EZA,https://www.nyse.com/quote/ARCX:EZA
BATS,EZBC,FRANKLIN TEMPLETON DIGITAL HLDGS TR BITCOIN ETF SHS,EZBC,https://www.nyse.com/quote/BATS:EZBC
BATS,EZET,FRANKLIN ETHEREUM ETF,EZET,https://www.nyse.com/quote/BATS:EZET
ARCX,EZJ,PROSHARES TRUST ULTRA MSCI JAPAN,EZJ,https://www.nyse.com/quote/ARCX:EZJ
ARCX,EZM,WISDOMTREE TRUST US MIDCAP FUND,EZM,https://www.nyse.com/quote/ARCX:EZM
XNMS,EZMO,ALPHADROID BROAD MARKETS MOMENTUM ETF,EZMO,https://www.nyse.com/quote/XNMS:EZMO
BATS,EZPZ,FRANKLIN CRYPTO INDEX ETF,EZPZ,https://www.nyse.com/quote/BATS:EZPZ
XNMS,EZRO,ALPHADROID DEFENSIVE SECTOR ROTATION ETF,EZRO,https://www.nyse.com/quote/XNMS:EZRO
BATS,EZU,ISHARES INC MSCI EUROZONE ETF,EZU,https://www.nyse.com/quote/BATS:EZU
XNMS,FAAA,FIDELITY AAA CLO ETF,FAAA,https://www.nyse.com/quote/XNMS:FAAA
XNMS,FAAR,FIRST TR EXCHANGE-TRADED FD VII ALTERNATIVE ABSOLUTE RETURN STRATEGY,FAAR,https://www.nyse.com/quote/XNMS:FAAR
XNMS,FAB,FIRST TR EXCH TRADED ALPHADEX FD SHS ISUD BY FIST TR EXCHNG TRDED ALPH FD,FAB,https://www.nyse.com/quote/XNMS:FAB
XNMS,FAD,FIRST TR EXCH TRADED ALPHADEX FD SHS MULTI CAP GROWTH ALPHADEX FUND,FAD,https://www.nyse.com/quote/XNMS:FAD
ARCX,FAI,FIRST TRUST BLOOMBERG ARTIFICIAL INTELLIGENCE ETF,FAI,https://www.nyse.com/quote/ARCX:FAI
XNMS,FALN,ISHARES TRUST FALLEN ANGELS USD BD ETF,FALN,https://www.nyse.com/quote/XNMS:FALN
XNAS,FALN,ISHARES TRUST,FALN,https://www.nyse.com/quote/XNAS:FALN
ARCX,FAN,FIRST TRUST EXCH TRADED FUND 2 GLOBAL WIND ENERGY ETF,FAN,https://www.nyse.com/quote/ARCX:FAN
BATS,FAPR,FIRST TR EXCHANGE TRADED FD VIII VEST US EQUITY BUFFER ETF APRIL,FAPR,https://www.nyse.com/quote/BATS:FAPR
ARCX,FARX,FRONTIER ASSET ABSOLUTE RETURN ETF,FARX,https://www.nyse.com/quote/ARCX:FARX
ARCX,FAS,DIREXION DAILY FINANCIAL BULL 3X ETF,FAS,https://www.nyse.com/quote/ARCX:FAS
BATS,FAUG,FIRST TR EXCHANGE TRADED FD VIII VEST US EQUITY BUFFER ETF AUGUST,FAUG,https://www.nyse.com/quote/BATS:FAUG
ARCX,FAZ,DIREXION DAILY FINANCIAL BEAR 3X ETF,FAZ,https://www.nyse.com/quote/ARCX:FAZ
BATS,FB,PROSHARES S&P 500 DYNAMIC BUFFER ETF,FB,https://www.nyse.com/quote/BATS:FB
BATS,FBCG,FIDELITY COVINGTON TRUST BLUE CHIP GROWTH ETF,FBCG,https://www.nyse.com/quote/BATS:FBCG
BATS,FBCV,FIDELITY COVINGTON TRUST BLUE CHIP VALUE ETF,FBCV,https://www.nyse.com/quote/BATS:FBCV
ARCX,FBDC,FT CONFLUENCE BDC & SPECIALTY FINANCE INCOME ETF,FBDC,https://www.nyse.com/quote/ARCX:FBDC
XNMS,FBL,GRANITESHARES ETF TRUST 2X LONG META DAILY ETF,FBL,https://www.nyse.com/quote/XNMS:FBL
ARCX,FBND,FIDELITY MERRIMACK STREET TRUST TOTAL BD ETF,FBND,https://www.nyse.com/quote/ARCX:FBND
XNMS,FBOT,FIDELITY COVINGTON TRUST DISRUPTIVE AUTOMATION ETF USD,FBOT,https://www.nyse.com/quote/XNMS:FBOT
ARCX,FBT,FIRST TRUST EXCHANGE TRADED FUND NYSE ARCA BIOTECHNOLOGY INDEX FUND,FBT,https://www.nyse.com/quote/ARCX:FBT
BATS,FBTC,FIDELITY WISE ORIGIN BITCOIN FD SHARES OF BENEFICIAL INTEREST,FBTC,https://www.nyse.com/quote/BATS:FBTC
BATS,FBUF,FIDELITY DYNAMIC BUFFERED EQUITY ETF,FBUF,https://www.nyse.com/quote/BATS:FBUF
BATS,FBX,CORGI META 2X DAILY ETF,FBX,https://www.nyse.com/quote/BATS:FBX
ARCX,FBY,TIDAL TRUST II YIELDMAX META OPTION INCOME STRATEGY ETF,FBY,https://www.nyse.com/quote/ARCX:FBY
XNMS,FBYY,GRANITESHARES YIELDBOOST META ETF,FBYY,https://www.nyse.com/quote/XNMS:FBYY
XNMS,FCA,FIRST TR EXCH TRADED ALPHADEX FD II CHINA ALPHADEX FD,FCA,https://www.nyse.com/quote/XNMS:FCA
XNMS,FCAL,FIRST TR EXCHANGE-TRADED FD III CALIFORNIA MUNICIPAL HIGH INCOME ETF,FCAL,https://www.nyse.com/quote/XNMS:FCAL
ARCX,FCBD,FRONTIER ASSET CORE BOND ETF,FCBD,https://www.nyse.com/quote/ARCX:FCBD
XNMS,FCEF,FIRST TR EXCHANGE TRADED FD VIII FIRST TRUST INCOME OPPORTUNITY ETF,FCEF,https://www.nyse.com/quote/XNMS:FCEF
XNYS,FCEF,FIRST TR ETF VIII,FCEF,https://www.nyse.com/quote/XNYS:FCEF
ARCX,FCFY,FIRST TRUST EXCHANGE TRADED FUND S&P 500 DIVERSIFIED FREE CASH FLOW ETF U,FCFY,https://www.nyse.com/quote/ARCX:FCFY
ARCX,FCG,FIRST TRUST EXCHANGE TRADED FUND NATURAL GAS ETF,FCG,https://www.nyse.com/quote/ARCX:FCG
BATS,FCLD,FIDELITY COVINGTON TRUST CLOUD COMPUTING ETF USD,FCLD,https://www.nyse.com/quote/BATS:FCLD
XNMS,FCLO,FIDELITY CLO ETF,FCLO,https://www.nyse.com/quote/XNMS:FCLO
ARCX,FCOM,FIDELITY COVINGTON TRUST MSCI COMMUNICATION SERVICES INDEX ETF,FCOM,https://www.nyse.com/quote/ARCX:FCOM
ARCX,FCOR,FIDELITY MERRIMACK STREET TRUST CORPORATE BD ETF,FCOR,https://www.nyse.com/quote/ARCX:FCOR
BATS,FCPI,FIDELITY COVINGTON TRUST STKS FOR INFLATION ETF,FCPI,https://www.nyse.com/quote/BATS:FCPI
ARCX,FCSH,FEDERATED HERMES ETF TRUST SHORT DURATION CORPORATE ETF,FCSH,https://www.nyse.com/quote/ARCX:FCSH
XNMS,FCTE,SMI 3FOURTEEN FULL-CYCLE TREND ETF,FCTE,https://www.nyse.com/quote/XNMS:FCTE
BATS,FCTR,FIRST TRUST EXCHANGE TRADED FUND LUNT US FACTOR ROTATION ETF,FCTR,https://www.nyse.com/quote/BATS:FCTR
ARCX,FCUS,TIDAL TRUST II PINNACLE FOCUSED OPPORTUNITIES ETF,FCUS,https://www.nyse.com/quote/ARCX:FCUS
XNMS,FCVT,FIRST TR EXCHANGE TRADED FD IV SSI STRATEGIC CONV SECS ETF,FCVT,https://www.nyse.com/quote/XNMS:FCVT
XNMS,FCXG,LEVERAGE SHARES 2X LONG FCX DAILY ETF,FCXG,https://www.nyse.com/quote/XNMS:FCXG
ARCX,FDAT,TIDAL TRUST II TACTICAL ADVANTAGE ETF,FDAT,https://www.nyse.com/quote/ARCX:FDAT
XNMS,FDCF,FIDELITY COVINGTON TRUST DISRUPTIVE COMMUNICATIONS ETF USD,FDCF,https://www.nyse.com/quote/XNMS:FDCF
ARCX,FDD,FIRST TRUST STOXX EUROPEAN SELECT DIVIDEND INDEX FUND,FDD,https://www.nyse.com/quote/ARCX:FDD
BATS,FDEC,FIRST TR EXCHANGE TRADED FD VIII VEST US EQUITY BUFFER ETF DECEMBER,FDEC,https://www.nyse.com/quote/BATS:FDEC
BATS,FDEM,FIDELITY COVINGTON TRUST EMERGING MARKETS MULTIFACTOR ETF,FDEM,https://www.nyse.com/quote/BATS:FDEM
BATS,FDEV,FIDELITY COVINGTON TRUST INTERNATIONAL MULTIFACTOR ETF,FDEV,https://www.nyse.com/quote/BATS:FDEV
XNMS,FDFF,FIDELITY COVINGTON TRUST DISRUPTIVE FINANCE ETF USD,FDFF,https://www.nyse.com/quote/XNMS:FDFF
ARCX,FDG,AMERICAN CENTURY ETF TRUST FOCUSED DYNAMIC GROWTH ETF,FDG,https://www.nyse.com/quote/ARCX:FDG
ARCX,FDHY,FIDELITY ENHANCED HIGH YIELD ETF,FDHY,https://www.nyse.com/quote/ARCX:FDHY
XNMS,FDIF,FIDELITY COVINGTON TRUST DISRUPTORS ETF USD,FDIF,https://www.nyse.com/quote/XNMS:FDIF
XNMS,FDIG,FIDELITY COVINGTON TRUST CRYPTO INDUSTRY AND DIGITAL PAYMENTS ETF,FDIG,https://www.nyse.com/quote/XNMS:FDIG
XNMS,FDIQ,INVESCO BLOOMBERG FINANCIAL DATA PROVIDERS ETF,FDIQ,https://www.nyse.com/quote/XNMS:FDIQ
ARCX,FDIS,FIDELITY COVINGTON TRUST MSCI CONSUMER DISCRETIONARY,FDIS,https://www.nyse.com/quote/ARCX:FDIS
XNMS,FDIV,EA SERIES TRUST MARKETDESK FOCUSED U S DIVID ETF,FDIV,https://www.nyse.com/quote/XNMS:FDIV
ARCX,FDL,FIRST TRUST EXCHANGE TRADED FUND FUNDS,FDL,https://www.nyse.com/quote/ARCX:FDL
ARCX,FDLO,FIDELITY COVINGTON TRUST LOW VOLATILITY FACTOR ETF,FDLO,https://www.nyse.com/quote/ARCX:FDLO
ARCX,FDLS,NORTHERN LIGHTS FUND TRUST IV INSPIRE FIDELIS MULTI FACTOR ETF,FDLS,https://www.nyse.com/quote/ARCX:FDLS
ARCX,FDM,FIRST TRUST EXCHANGE TRADED FUND FIRST TR DOW JONES SELECT MICROCAP INDEX,FDM,https://www.nyse.com/quote/ARCX:FDM
ARCX,FDMO,FIDELITY COVINGTON TRUST MOMENTUM FACTOR ETF,FDMO,https://www.nyse.com/quote/ARCX:FDMO
ARCX,FDN,FIRST TRUST EXCHANGE TRADED FUND DOW JONES INTERNET INDEX USD DIS,FDN,https://www.nyse.com/quote/ARCX:FDN
BATS,FDND,FIRST TR EXCHANGE TRADED FD IV FT VEST DOW JONES INTERNET TARGT INCM E,FDND,https://www.nyse.com/quote/BATS:FDND
XNMS,FDNI,FIRST TRUST EXCH TRADED FUND 2 DOW JONES INTERNATIONAL INTERNET ETF,FDNI,https://www.nyse.com/quote/XNMS:FDNI
ARCX,FDRR,FIDELITY COVINGTON TRUST DIVIDEND ETF FOR RISING RATES,FDRR,https://www.nyse.com/quote/ARCX:FDRR
XNMS,FDRS,FOUNDER-LED ETF,FDRS,https://www.nyse.com/quote/XNMS:FDRS
BATS,FDRV,FIDELITY COVINGTON TRUST ELECTRIC VEHICLES & FUTURE TRANSPORTATIO,FDRV,https://www.nyse.com/quote/BATS:FDRV
XNMS,FDRX,FOUNDER-LED 2X DAILY ETF,FDRX,https://www.nyse.com/quote/XNMS:FDRX
XNMS,FDT,FIRST TR EXCH TRADED ALPHADEX FD II DEV MKTS EX US ALPHADEX FD,FDT,https://www.nyse.com/quote/XNMS:FDT
XNMS,FDTS,FIRST TR EXCH TRADED ALPHADEX FD II DEV MKTS EX-US SMALL CAP ALPHADEX FD,FDTS,https://www.nyse.com/quote/XNMS:FDTS
XNMS,FDTX,FIDELITY COVINGTON TRUST DISRUPTIVE TECH ETF USD,FDTX,https://www.nyse.com/quote/XNMS:FDTX
ARCX,FDV,FEDERATED HERMES ETF TRUST US STRATEGIC DIVIDEND ETF,FDV,https://www.nyse.com/quote/ARCX:FDV
ARCX,FDVV,FIDELITY COVINGTON TRUST HIGH DIVIDEND ETF,FDVV,https://www.nyse.com/quote/ARCX:FDVV
ARCX,FEAC,FIDELITY ENHANCED U.S. ALL-CAP EQUITY ETF,FEAC,https://www.nyse.com/quote/ARCX:FEAC
BATS,FEBM,FT VEST U.S. EQUITY MAX BUFFER ETF - FEBRUARY,FEBM,https://www.nyse.com/quote/BATS:FEBM
BATS,FEBP,PGIM S&P 500 BUFFER 12 ETF - FEBRUARY,FEBP,https://www.nyse.com/quote/BATS:FEBP
BATS,FEBT,ALLIANZIM U.S. EQUITY BUFFER10 FEB ETF,FEBT,https://www.nyse.com/quote/BATS:FEBT
BATS,FEBU,ALLIANZIM U.S. EQUITY BUFFER15 UNCAPPED FEB ETF,FEBU,https://www.nyse.com/quote/BATS:FEBU
BATS,FEBW,ALLIANZIM U.S. EQUITY BUFFER20 FEB ETF,FEBW,https://www.nyse.com/quote/BATS:FEBW
BATS,FEBZ,LISTED FUND TRUST TRUESHARES STRUCTURED OUTCOME FEB ETF,FEBZ,https://www.nyse.com/quote/BATS:FEBZ
ARCX,FECM,FIRST EAGLE CORE MUNICIPAL ETF,FECM,https://www.nyse.com/quote/ARCX:FECM
ARCX,FEDM,FLEXSHARES TRUST ESG & CLIMATE DEV MKTS EX-US CORE IDX ET,FEDM,https://www.nyse.com/quote/ARCX:FEDM
XNYS,FEGE,FIRST EAGLE GLOBAL EQUITY ETF,FEGE,https://www.nyse.com/quote/XNYS:FEGE
ARCX,FEIG,FLEXSHARES TRUST ESG & CLIMATE INVT GRADE CORP CORE IDX E,FEIG,https://www.nyse.com/quote/ARCX:FEIG
ARCX,FELC,FIDELITY COVINGTON TRUST ENHANCED LARGE CAP CORE ETF,FELC,https://www.nyse.com/quote/ARCX:FELC
ARCX,FELG,FIDELITY COVINGTON TRUST ENHANCED LARGE CAP GROWTH ETF,FELG,https://www.nyse.com/quote/ARCX:FELG
ARCX,FELV,FIDELITY COVINGTON TRUST ENHANCED LARGE CAP VALUE ETF,FELV,https://www.nyse.com/quote/ARCX:FELV
XNMS,FEM,FIRST TR EXCH TRADED ALPHADEX FD II EMERGING MKTS ALPHADEX FD,FEM,https://www.nyse.com/quote/XNMS:FEM
XNMS,FEMB,FIRST TR EXCHANGE-TRADED FD III EMERGING MKT LOCAL CCY BD ETF,FEMB,https://www.nyse.com/quote/XNMS:FEMB
ARCX,FEMD,FIRST EAGLE MID CAP EQUITY ETF,FEMD,https://www.nyse.com/quote/ARCX:FEMD
ARCX,FEMG,FIDELITY ENHANCED MID CAP GROWTH ETF,FEMG,https://www.nyse.com/quote/ARCX:FEMG
ARCX,FEMR,FIDELITY ENHANCED EMERGING MARKETS ETF,FEMR,https://www.nyse.com/quote/ARCX:FEMR
XNMS,FEMS,FIRST TR EXCH TRADED ALPHADEX FD II EMERGING MARKETS SMALL CAP ALPHADEX FD,FEMS,https://www.nyse.com/quote/XNMS:FEMS
ARCX,FEMV,FIDELITY ENHANCED MID CAP VALUE ETF,FEMV,https://www.nyse.com/quote/ARCX:FEMV
ARCX,FENI,FIDELITY COVINGTON TRUST ENHANCED INTERNATIONAL ETF,FENI,https://www.nyse.com/quote/ARCX:FENI
ARCX,FENY,FIDELITY COVINGTON TRUST MSCI ENERGY INDEX ETF,FENY,https://www.nyse.com/quote/ARCX:FENY
XNYS,FEOE,FIRST EAGLE OVERSEAS EQUITY ETF,FEOE,https://www.nyse.com/quote/XNYS:FEOE
XNMS,FEP,FIRST TR EXCH TRADED ALPHADEX FD II EUROPE ALPHADEX FD,FEP,https://www.nyse.com/quote/XNMS:FEP
XNMS,FEPI,ETF OPPORTUNITIES TR REX FANG & INNVATN EQUITY PREMIUM INCOME,FEPI,https://www.nyse.com/quote/XNMS:FEPI
ARCX,FESC,FIRST EAGLE SMALL CAP EQUITY ETF,FESC,https://www.nyse.com/quote/ARCX:FESC
ARCX,FESM,FIDELITY ENHANCED SMALL CAP CORE ETF,FESM,https://www.nyse.com/quote/ARCX:FESM
BATS,FETH,FIDELITY ETHEREUM FUND,FETH,https://www.nyse.com/quote/BATS:FETH
ARCX,FEUS,FLEXSHARES TRUST ESG & CLIMATE US LARGE CAP CORE IDX ETF,FEUS,https://www.nyse.com/quote/ARCX:FEUS
XNMS,FEUZ,FIRST TR EXCH TRADED ALPHADEX FD II EUROZONE ALPHADEX,FEUZ,https://www.nyse.com/quote/XNMS:FEUZ
XNMS,FEX,FIRST TR EXCH TRADED ALPHADEX FD COM SHS,FEX,https://www.nyse.com/quote/XNMS:FEX
ARCX,FEZ,STATE STREET SPDR EURO STOXX 50 ETF,FEZ,https://www.nyse.com/quote/ARCX:FEZ
BATS,FFDI,FIDELITY FUNDAMENTAL DEVELOPED INTERNATIONAL ETF,FFDI,https://www.nyse.com/quote/BATS:FFDI
BATS,FFEB,FIRST TR EXCHANGE TRADED FD VIII VEST US EQUITY BUFFER ETF FEB,FFEB,https://www.nyse.com/quote/BATS:FFEB
BATS,FFEM,FIDELITY FUNDAMENTAL EMERGING MARKETS ETF,FFEM,https://www.nyse.com/quote/BATS:FFEM
BATS,FFF,FOUNDERS 100 ETF,FFF,https://www.nyse.com/quote/BATS:FFF
BATS,FFGX,FIDELITY FUNDAMENTAL GLOBAL EX-U.S. ETF,FFGX,https://www.nyse.com/quote/BATS:FFGX
ARCX,FFIU,SPINNAKER ETF SERIES UVA UNCONSTRAINED MEDUM TRM FXD INCM ETF,FFIU,https://www.nyse.com/quote/ARCX:FFIU
BATS,FFLC,FIDELITY COVINGTON TRUST FUNDAMENTAL LARGE CAP CORE ETF,FFLC,https://www.nyse.com/quote/BATS:FFLC
BATS,FFLG,FIDELITY COVINGTON TRUST FUNDAMENTAL LARGE CAP GROWTH ETF,FFLG,https://www.nyse.com/quote/BATS:FFLG
ARCX,FFLS,NORTHERN LIGHTS FUND TRUST II THE FUTURE FUND LONG/SHORT ETF,FFLS,https://www.nyse.com/quote/ARCX:FFLS
BATS,FFLV,FIDELITY COVINGTON TRUST FUNDAMENTAL LARGE CAP VALUE ETF,FFLV,https://www.nyse.com/quote/BATS:FFLV
ARCX,FFND,ONE GLOBAL ETF,FFND,https://www.nyse.com/quote/ARCX:FFND
BATS,FFOG,FRANKLIN FOCUSED DYNAMIC GROWTH ETF,FFOG,https://www.nyse.com/quote/BATS:FFOG
ARCX,FFOX,FUNDX FUTURE FUND OPPORTUNITIES ETF,FFOX,https://www.nyse.com/quote/ARCX:FFOX
BATS,FFSM,FIDELITY COVINGTON TRUST FUNDAMENTAL SMALL MID CAP ETF,FFSM,https://www.nyse.com/quote/BATS:FFSM
ARCX,FFTY,CAPFORCE IBD 50 ETF,FFTY,https://www.nyse.com/quote/ARCX:FFTY
XNMS,FFUT,FIDELITY MANAGED FUTURES ETF,FFUT,https://www.nyse.com/quote/XNMS:FFUT
ARCX,FGD,FIRST TRUST EXCH TRADED FUND 2 FIRST TR DJ GBL SELECT DIVD,FGD,https://www.nyse.com/quote/ARCX:FGD
ARCX,FGDL,FRANKLIN TEMPLETON HOLDINGS TRUST RESPONSIBLY SOURCED GOLD ETF,FGDL,https://www.nyse.com/quote/ARCX:FGDL
XNMS,FGM,FIRST TR EXCH TRADED ALPHADEX FD II GERMANY ALPHADEX FD,FGM,https://www.nyse.com/quote/XNMS:FGM
BATS,FGRU,T-REX 2X LONG FIGR DAILY TARGET ETF,FGRU,https://www.nyse.com/quote/BATS:FGRU
XNMS,FGSI,FT VEST GROWTH STRENGTH & TARGET INCOME ETF,FGSI,https://www.nyse.com/quote/XNMS:FGSI
ARCX,FGSM,FRONTIER ASSET GLOBAL SMALL CAP EQUITY ETF,FGSM,https://www.nyse.com/quote/ARCX:FGSM
BATS,FHDG,FT VEST U.S. EQUITY QUARTERLY DYNAMIC BUFFER ETF,FHDG,https://www.nyse.com/quote/BATS:FHDG
BATS,FHEQ,FIDELITY HEDGED EQUITY ETF,FHEQ,https://www.nyse.com/quote/BATS:FHEQ
BATS,FHIL,FEDERATED HERMES INTERNATIONAL LEADERS ETF,FHIL,https://www.nyse.com/quote/BATS:FHIL
ARCX,FHLC,FIDELITY COVINGTON TRUST MSCI HEALTH CARE INDEX ETF,FHLC,https://www.nyse.com/quote/ARCX:FHLC
ARCX,FHYS,FEDERATED HERMES ETF TRUST SHORT DURATION HIGH YIELD ETF,FHYS,https://www.nyse.com/quote/ARCX:FHYS
ARCX,FIAT,YIELDMAX SHORT COIN OPTION INCOME STRATEGY ETF,FIAT,https://www.nyse.com/quote/ARCX:FIAT
ARCX,FIAX,TIDAL TRUST II NICHOLAS FIXED INCOME ALTERNATIVE ETF,FIAX,https://www.nyse.com/quote/ARCX:FIAX
XNMS,FICS,FIRST TR EXCHANGE TRADED FD VI INTERNATIONAL DEV CAP STRENGTH ETF USD,FICS,https://www.nyse.com/quote/XNMS:FICS
XNMS,FID,FIRST TR EXCHANGE TRADED FD VI S&P INTL DIVID ARISTOCRATS ETF,FID,https://www.nyse.com/quote/XNMS:FID
ARCX,FIDI,FIDELITY COVINGTON TRUST INTERNATIONAL HIGH DIVIDEND ETF,FIDI,https://www.nyse.com/quote/ARCX:FIDI
ARCX,FIDU,FIDELITY COVINGTON TRUST MSCI INDUSTRIALS INDEX,FIDU,https://www.nyse.com/quote/ARCX:FIDU
ARCX,FIGB,FIDELITY MERRIMACK STREET TRUST FIDELITY INVT GRADE BD ETF,FIGB,https://www.nyse.com/quote/ARCX:FIGB
XNMS,FIGG,LEVERAGE SHARES 2X LONG FIG DAILY ETF,FIGG,https://www.nyse.com/quote/XNMS:FIGG
ARCX,FIIG,FIRST TR EXCHANGE TRADED FD IV INTERMEDIATE DURATION INVESTMENT GRADE C,FIIG,https://www.nyse.com/quote/ARCX:FIIG
XNMS,FIMU,FIDELITY INTERMEDIATE MUNICIPAL INCOME ETF,FIMU,https://www.nyse.com/quote/XNMS:FIMU
ARCX,FINA,FIDELITY MSCI NORTH AMERICAN SUBSET INDEX ETF,FINA,https://www.nyse.com/quote/ARCX:FINA
ARCX,FINT,FRONTIER ASSET TOTAL INTERNATIONAL EQUITY ETF,FINT,https://www.nyse.com/quote/ARCX:FINT
XNYS,FINX,GLOBAL X FDS,FINX,https://www.nyse.com/quote/XNYS:FINX
XNMS,FINX,GLOBAL X FDS FINTECH ETF,FINX,https://www.nyse.com/quote/XNMS:FINX
XNMS,FINY,GRANITESHARES YIELDBOOST FINANCIALS ETF,FINY,https://www.nyse.com/quote/XNMS:FINY
ARCX,FISR,STATE STREET FIXED INCOME SECTOR ROTATION ETF,FISR,https://www.nyse.com/quote/ARCX:FISR
ARCX,FITE,STATE STREET SPDR S&P KENSHO FUTURE SECURITY ETF,FITE,https://www.nyse.com/quote/ARCX:FITE
ARCX,FITZ,FITZ-GERALD MUST HAVE PORTFOLIO ETF,FITZ,https://www.nyse.com/quote/ARCX:FITZ
ARCX,FIVA,FIDELITY COVINGTON TRUST INTERNATIONAL VALUE FACTOR ETF,FIVA,https://www.nyse.com/quote/ARCX:FIVA
ARCX,FIW,FIRST TRUST EXCHANGE TRADED FUND WATER ETF,FIW,https://www.nyse.com/quote/ARCX:FIW
XNMS,FIXD,FIRST TRUST EXCHANGE-TRADED FUND VIII FIRST TRUST SMITH OPPORTUNISTIC FIXED INCOME ETF,FIXD,https://www.nyse.com/quote/XNMS:FIXD
ARCX,FIXP,FOLIOBEYOND ENHANCED FIXED INCOME PREMIUM ETF,FIXP,https://www.nyse.com/quote/ARCX:FIXP
XNYS,FIXT,TCW CORE PLUS BOND ETF,FIXT,https://www.nyse.com/quote/XNYS:FIXT
XNMS,FIYY,GRANITESHARES YIELDBOOST 20Y TREASURIES ETF,FIYY,https://www.nyse.com/quote/XNMS:FIYY
BATS,FJAN,FIRST TR EXCHANGE TRADED FD VIII VEST US EQUITY BUFFER ETF JAN,FJAN,https://www.nyse.com/quote/BATS:FJAN
XNMS,FJP,FIRST TR EXCH TRADED ALPHADEX FD II JAPAN ALPHADEX FD,FJP,https://www.nyse.com/quote/XNMS:FJP
BATS,FJUL,FIRST TR EXCHANGE TRADED FD VIII VEST US EQUITY BUFFER ETF JULY,FJUL,https://www.nyse.com/quote/BATS:FJUL
BATS,FJUN,FIRST TR EXCHANGE TRADED FD VIII VEST U S EQUITY BUFFER ETF JUNE,FJUN,https://www.nyse.com/quote/BATS:FJUN
XNMS,FKU,FIRST TR EXCH TRADED ALPHADEX FD II UNITED KINGDOM ALPHADEX FD,FKU,https://www.nyse.com/quote/XNMS:FKU
ARCX,FLAG,GLOBAL X S&P 500 U.S. MARKET LEADERS TOP 50 ETF,FLAG,https://www.nyse.com/quote/ARCX:FLAG
BATS,FLAO,ALLIANZIM U.S. EQUITY 6 MONTH FLOOR5 APR/OCT ETF,FLAO,https://www.nyse.com/quote/BATS:FLAO
ARCX,FLAU,FRANKLIN TEMPLETON ETF TR FTSE AUSTRALIA ETF,FLAU,https://www.nyse.com/quote/ARCX:FLAU
ARCX,FLAX,FRANKLIN TEMPLETON ETF TR FRANKLIN FTSE ASIA EX JAPAN ETF,FLAX,https://www.nyse.com/quote/ARCX:FLAX
BATS,FLBL,FRANKLIN TEMPLETON ETF TR SENIOR LOAN ETF,FLBL,https://www.nyse.com/quote/BATS:FLBL
ARCX,FLBR,FRANKLIN TEMPLETON ETF TR FTSE BRAZIL ETF,FLBR,https://www.nyse.com/quote/ARCX:FLBR
ARCX,FLCA,FRANKLIN TEMPLETON ETF TR FTSE CANADA ETF,FLCA,https://www.nyse.com/quote/ARCX:FLCA
ARCX,FLCB,FRANKLIN TEMPLETON ETF TR U S CORE BOND ETF,FLCB,https://www.nyse.com/quote/ARCX:FLCB
ARCX,FLCC,FEDERATED HERMES MDT LARGE CAP CORE ETF,FLCC,https://www.nyse.com/quote/ARCX:FLCC
ARCX,FLCE,FRONTIER ASSET U.S. LARGE CAP EQUITY ETF,FLCE,https://www.nyse.com/quote/ARCX:FLCE
ARCX,FLCG,FEDERATED HERMES MDT LARGE CAP GROWTH ETF,FLCG,https://www.nyse.com/quote/ARCX:FLCG
ARCX,FLCH,FRANKLIN TEMPLETON ETF TR FTSE CHINA ETF,FLCH,https://www.nyse.com/quote/ARCX:FLCH
ARCX,FLCO,FRANKLIN TEMPLETON ETF TR INVESTMENT GRADE CORPORATE ETF,FLCO,https://www.nyse.com/quote/ARCX:FLCO
ARCX,FLCV,FEDERATED HERMES MDT LARGE CAP VALUE ETF,FLCV,https://www.nyse.com/quote/ARCX:FLCV
XNMS,FLDB,FIDELITY COVINGTON TRUST LOW DURATION BOND ETF USD,FLDB,https://www.nyse.com/quote/XNMS:FLDB
BATS,FLDR,FIDELITY MERRIMACK STREET TRUST LOW DURATION BD FACTOR ETF,FLDR,https://www.nyse.com/quote/BATS:FLDR
BATS,FLDZ,TRUESHARES PATRIOT DEFENSE ETF,FLDZ,https://www.nyse.com/quote/BATS:FLDZ
ARCX,FLEE,FRANKLIN TEMPLETON ETF TR FTSE EUROPE ETF,FLEE,https://www.nyse.com/quote/ARCX:FLEE
ARCX,FLEU,FRANKLIN TEMPLETON ETF TR FTSE EUROZONE ETF,FLEU,https://www.nyse.com/quote/ARCX:FLEU
ARCX,FLGB,FRANKLIN TEMPLETON ETF TR FTSE UNITED KINGDOM ETF,FLGB,https://www.nyse.com/quote/ARCX:FLGB
ARCX,FLGR,FRANKLIN TEMPLETON ETF TR FTSE GERMANY ETF,FLGR,https://www.nyse.com/quote/ARCX:FLGR
ARCX,FLGV,FRANKLIN TEMPLETON ETF TR US TREASURY BOND ETF,FLGV,https://www.nyse.com/quote/ARCX:FLGV
BATS,FLHY,FRANKLIN TEMPLETON ETF TR HIGH YIELD CORPORATE ETF,FLHY,https://www.nyse.com/quote/BATS:FLHY
BATS,FLIA,FRANKLIN TEMPLETON ETF TR INTERNATIONAL AGGREGATE BOND ETF,FLIA,https://www.nyse.com/quote/BATS:FLIA
ARCX,FLIN,FRANKLIN TEMPLETON ETF TR FRANKLIN FTSE INDIA ETF,FLIN,https://www.nyse.com/quote/ARCX:FLIN
ARCX,FLJH,FRANKLIN TEMPLETON ETF TR FTSE JAPAN HEDGED ETF,FLJH,https://www.nyse.com/quote/ARCX:FLJH
BATS,FLJJ,ALLIANZIM U.S. EQUITY 6 MONTH FLOOR5 JAN/JUL ETF,FLJJ,https://www.nyse.com/quote/BATS:FLJJ
ARCX,FLJP,FRANKLIN TEMPLETON ETF TR FTSE JAPAN ETF,FLJP,https://www.nyse.com/quote/ARCX:FLJP
ARCX,FLKR,FRANKLIN TEMPLETON ETF TR FTSE SOUTH KOREA ETF,FLKR,https://www.nyse.com/quote/ARCX:FLKR
ARCX,FLLA,FRANKLIN TEMPLETON ETF TR FTSE LATIN AMERICA ETF,FLLA,https://www.nyse.com/quote/ARCX:FLLA
ARCX,FLMB,FRANKLIN TEMPLETON ETF TR MUNICIPAL GREEN BOND ETF,FLMB,https://www.nyse.com/quote/ARCX:FLMB
ARCX,FLMI,FRANKLIN TEMPLETON ETF TR FRANKLIN DYNAMIC MUNICIPAL BOND ETF,FLMI,https://www.nyse.com/quote/ARCX:FLMI
ARCX,FLMX,FRANKLIN TEMPLETON ETF TR FTSE MEXICO ETF,FLMX,https://www.nyse.com/quote/ARCX:FLMX
XNMS,FLN,FIRST TR EXCH TRADED ALPHADEX FD II LATIN AMER ALPHADEX FD,FLN,https://www.nyse.com/quote/XNMS:FLN
BATS,FLOT,ISHARES TRUST FLOATING RATE NOTE ETF,FLOT,https://www.nyse.com/quote/BATS:FLOT
ARCX,FLOW,GLOBAL X FDS US CASH FLOW KINGS 100 ETF,FLOW,https://www.nyse.com/quote/ARCX:FLOW
BATS,FLQL,FRANKLIN TEMPLETON ETF TR U.S. LARGE CAP MULTIFACTOR INDEX ETF,FLQL,https://www.nyse.com/quote/BATS:FLQL
BATS,FLQM,FRANKLIN TEMPLETON ETF TR U.S. MID CAP MULTIFACTOR INDEX ETF,FLQM,https://www.nyse.com/quote/BATS:FLQM
BATS,FLQS,FRANKLIN TEMPLETON ETF TR U.S. SMALL CAP MULTIFACTOR INDEX ETF,FLQS,https://www.nyse.com/quote/BATS:FLQS
ARCX,FLRG,FIDELITY COVINGTON TRUST US MULTIFACTOR ETF,FLRG,https://www.nyse.com/quote/ARCX:FLRG
ARCX,FLRN,STATE STREET SPDR BLOOMBERG INVESTMENT GRADE FLOATING RATE ETF,FLRN,https://www.nyse.com/quote/ARCX:FLRN
ARCX,FLRT,PACER ARISTOTLE PACIFIC FLOATING RATE HIGH INCOME ETF,FLRT,https://www.nyse.com/quote/ARCX:FLRT
ARCX,FLSA,FRANKLIN TEMPLETON ETF TR FTSE SAUDI ARABIA ETF,FLSA,https://www.nyse.com/quote/ARCX:FLSA
ARCX,FLSP,FRANKLIN TEMPLETON ETF TR SYSTEMATIC STYLE PREMIA ETF,FLSP,https://www.nyse.com/quote/ARCX:FLSP
ARCX,FLSW,FRANKLIN TEMPLETON ETF TR FRANKLIN FTSE SWITZERLAND ETF,FLSW,https://www.nyse.com/quote/ARCX:FLSW
ARCX,FLTB,FIDELITY MERRIMACK STREET TRUST LTD TERM BF ETF,FLTB,https://www.nyse.com/quote/ARCX:FLTB
ARCX,FLTR,VANECK ETF TR IG FLOATING RATE ETF,FLTR,https://www.nyse.com/quote/ARCX:FLTR
ARCX,FLTW,FRANKLIN TEMPLETON ETF TR FTSE TAIWAN ETF,FLTW,https://www.nyse.com/quote/ARCX:FLTW
ARCX,FLUD,FRANKLIN TEMPLETON ETF TR ULTRA SHORT BOND ETF,FLUD,https://www.nyse.com/quote/ARCX:FLUD
ARCX,FLV,AMERICAN CENTURY ETF TRUST FOCUSED LARGE CAP VALUE ETF,FLV,https://www.nyse.com/quote/ARCX:FLV
BATS,FLXI,INVESCO FLEXIBLE INCOME ETF,FLXI,https://www.nyse.com/quote/BATS:FLXI
BATS,FLXN,HORIZON FLEXIBLE INCOME ETF,FLXN,https://www.nyse.com/quote/BATS:FLXN
XNYS,FLXR,TCW FLEXIBLE INCOME ETF,FLXR,https://www.nyse.com/quote/XNYS:FLXR
BATS,FLYT,TRADR 2X LONG FLY DAILY ETF,FLYT,https://www.nyse.com/quote/BATS:FLYT
BATS,FMAG,FIDELITY COVINGTON TRUST MAGELLAN ETF,FMAG,https://www.nyse.com/quote/BATS:FMAG
BATS,FMAR,FIRST TR EXCHANGE TRADED FD VIII VEST US EQUITY BUFFER ETF MARCH,FMAR,https://www.nyse.com/quote/BATS:FMAR
ARCX,FMAT,FIDELITY COVINGTON TRUST MSCI MATERIALS INDEX ETF,FMAT,https://www.nyse.com/quote/ARCX:FMAT
BATS,FMAY,FIRST TR EXCHANGE TRADED FD VIII VEST US EQUITY BUFFER ETF MAY,FMAY,https://www.nyse.com/quote/BATS:FMAY
XNMS,FMB,FIRST TR EXCHANGE-TRADED FD III MANAGED MUN ETF,FMB,https://www.nyse.com/quote/XNMS:FMB
ARCX,FMCE,FM COMPOUNDERS EQUITY ETF,FMCE,https://www.nyse.com/quote/ARCX:FMCE
ARCX,FMCX,FM FOCUS EQUITY ETF,FMCX,https://www.nyse.com/quote/ARCX:FMCX
ARCX,FMDE,FIDELITY ENHANCED MID CAP CORE ETF,FMDE,https://www.nyse.com/quote/ARCX:FMDE
XNMS,FMED,FIDELITY COVINGTON TRUST DISRUPTIVE MEDICINE ETF USD,FMED,https://www.nyse.com/quote/XNMS:FMED
XNMS,FMET,FIDELITY COVINGTON TRUST METAVERSE ETF USD,FMET,https://www.nyse.com/quote/XNMS:FMET
ARCX,FMF,FIRST TR EXCHANGE-TRADED FD V MANAGED FUTURES STRATEGY FUND,FMF,https://www.nyse.com/quote/ARCX:FMF
XNMS,FMHI,FIRST TR EXCHANGE-TRADED FD III MUNICIPAL HIGH INCOME ETF,FMHI,https://www.nyse.com/quote/XNMS:FMHI
ARCX,FMKT,THE FREE MARKETS ETF,FMKT,https://www.nyse.com/quote/ARCX:FMKT
ARCX,FMNY,FIRST TR EXCHANGE-TRADED FD III NEW YORK MUNICIPAL HIGH INCOME ETF,FMNY,https://www.nyse.com/quote/ARCX:FMNY
ARCX,FMQQ,THE NEXT FRONTIER INTERNET ETF,FMQQ,https://www.nyse.com/quote/ARCX:FMQQ
ARCX,FMTL,FIRST TRUST INDXX CRITICAL METALS ETF,FMTL,https://www.nyse.com/quote/ARCX:FMTL
XNMS,FMTM,MARKETDESK FOCUSED U.S. MOMENTUM ETF,FMTM,https://www.nyse.com/quote/XNMS:FMTM
XNMS,FMUB,FIDELITY MUNICIPAL BOND OPPORTUNITIES ETF,FMUB,https://www.nyse.com/quote/XNMS:FMUB
XNMS,FMUN,FIDELITY SYSTEMATIC MUNICIPAL BOND INDEX ETF,FMUN,https://www.nyse.com/quote/XNMS:FMUN
ARCX,FNCL,FIDELITY COVINGTON TRUST MSCI FINLS INDEX ETF,FNCL,https://www.nyse.com/quote/ARCX:FNCL
ARCX,FNDA,SCHWAB FUNDAMENTAL U.S. SMALL COMPANY ETF,FNDA,https://www.nyse.com/quote/ARCX:FNDA
ARCX,FNDB,SCHWAB FUNDAMENTAL U.S. BROAD MARKET ETF,FNDB,https://www.nyse.com/quote/ARCX:FNDB
ARCX,FNDC,SCHWAB FUNDAMENTAL INTERNATIONAL SMALL EQUITY ETF,FNDC,https://www.nyse.com/quote/ARCX:FNDC
ARCX,FNDE,SCHWAB FUNDAMENTAL EMERGING MARKETS EQUITY ETF,FNDE,https://www.nyse.com/quote/ARCX:FNDE
ARCX,FNDF,SCHWAB FUNDAMENTAL INTERNATIONAL EQUITY ETF,FNDF,https://www.nyse.com/quote/ARCX:FNDF
ARCX,FNDX,SCHWAB FUNDAMENTAL U.S. LARGE COMPANY ETF,FNDX,https://www.nyse.com/quote/ARCX:FNDX
BATS,FNG,LEVERAGE SHARES 2X LONG FN DAILY ETF,FNG,https://www.nyse.com/quote/BATS:FNG
ARCX,FNGG,DIREXION DAILY NYSE FANG+ BULL 2X ETF,FNGG,https://www.nyse.com/quote/ARCX:FNGG
ARCX,FNGU,"MICROSECTORS FANG+ 3X LEVERAGED ETNS DUE FEBRUARY 17, 2045",FNGU,https://www.nyse.com/quote/ARCX:FNGU
XNMS,FNK,FIRST TR EXCH TRADED ALPHADEX FD MID CAP VALUE ALPHADEX FD,FNK,https://www.nyse.com/quote/XNMS:FNK
BATS,FNOV,FIRST TR EXCHANGE TRADED FD VIII VEST US EQUITY BUFFER ETF NOV,FNOV,https://www.nyse.com/quote/BATS:FNOV
XNMS,FNX,FIRST TR EXCH TRADED ALPHADEX FD COM SHS,FNX,https://www.nyse.com/quote/XNMS:FNX
XNMS,FNY,FIRST TR EXCH TRADED ALPHADEX FD MID CAP GROWTH ALPHADEX FD,FNY,https://www.nyse.com/quote/XNMS:FNY
BATS,FOCT,FIRST TR EXCHANGE TRADED FD VIII VEST US EQUITY BUFFER ETF OCTOBER,FOCT,https://www.nyse.com/quote/BATS:FOCT
BATS,FOMG,LEVERAGE SHARES 2X LONG FORM DAILY ETF,FOMG,https://www.nyse.com/quote/BATS:FOMG
ARCX,FOPC,FRONTIER ASSET OPPORTUNISTIC CREDIT ETF,FOPC,https://www.nyse.com/quote/ARCX:FOPC
BATS,FORH,FORMIDABLE ETF,FORH,https://www.nyse.com/quote/BATS:FORH
BATS,FOTO,TUTTLE CAPITAL PURE PLAY PHOTONICS ETF,FOTO,https://www.nyse.com/quote/BATS:FOTO
BATS,FOWF,PACER SOLACTIVE WHITNEY FUTURE OF WARFARE ETF,FOWF,https://www.nyse.com/quote/BATS:FOWF
ARCX,FOXY,SIMPLIFY CURRENCY STRATEGY ETF,FOXY,https://www.nyse.com/quote/ARCX:FOXY
XNMS,FPA,FIRST TR EXCH TRADED ALPHADEX FD II ASIA PAC EX JAPAN ALPHADEX FD,FPA,https://www.nyse.com/quote/XNMS:FPA
BATS,FPAA,FPA GLOBAL ALLOCATION ETF,FPAA,https://www.nyse.com/quote/BATS:FPAA
BATS,FPAG,NORTHERN LIGHTS FUND TRUST III FPA GLOBAL EQUITY ETF,FPAG,https://www.nyse.com/quote/BATS:FPAG
BATS,FPAS,FPA SHORT DURATION GOVERNMENT ETF,FPAS,https://www.nyse.com/quote/BATS:FPAS
ARCX,FPE,FIRST TR EXCHANGE-TRADED FD III FIRST TR PFD SECS & INCOME ETF,FPE,https://www.nyse.com/quote/ARCX:FPE
ARCX,FPEI,FIRST TR EXCHANGE-TRADED FD III INSTITUTIONAL PFD SECS & INCOME ETF,FPEI,https://www.nyse.com/quote/ARCX:FPEI
BATS,FPFD,FIDELITY COVINGTON TRUST PFD SECS & INCOME ETF,FPFD,https://www.nyse.com/quote/BATS:FPFD
BATS,FPRO,FIDELITY COVINGTON TRUST REAL ESTATE INVT ETF,FPRO,https://www.nyse.com/quote/BATS:FPRO
BATS,FPSX,LEVERAGE SHARES 2X LONG FPS DAILY ETF,FPSX,https://www.nyse.com/quote/BATS:FPSX
ARCX,FPWR,FIRST TRUST EIP POWER SOLUTIONS ETF,FPWR,https://www.nyse.com/quote/ARCX:FPWR
ARCX,FPX,FIRST TRUST EXCHANGE TRADED FUND FIRST TRUST US EQUITY OPPORTUNITIES ETF,FPX,https://www.nyse.com/quote/ARCX:FPX
XNMS,FPXE,FIRST TRUST EXCH TRADED FUND 2 IPOX EUROPE EQUITY OPPORTUNITIES ETF USD,FPXE,https://www.nyse.com/quote/XNMS:FPXE
XNMS,FPXI,FIRST TRUST EXCH TRADED FUND 2 FIRST TRUST INTL EQ OPPS ETF A USD DIS,FPXI,https://www.nyse.com/quote/XNMS:FPXI
ARCX,FQAL,FIDELITY COVINGTON TRUST QUALITY FACTOR ETF,FQAL,https://www.nyse.com/quote/ARCX:FQAL
BATS,FRDM,EA SERIES TRUST FREEDOM 100 EMERGING MKTS ETF,FRDM,https://www.nyse.com/quote/BATS:FRDM
XNMS,FREI,FIDELITY REAL ESTATE INCOME ETF,FREI,https://www.nyse.com/quote/XNMS:FREI
ARCX,FREL,FIDELITY COVINGTON TRUST MSCI REAL ESTATE INDEX ETF,FREL,https://www.nyse.com/quote/ARCX:FREL
ARCX,FRGN,HORIZON INTERNATIONAL EQUITY ETF,FRGN,https://www.nyse.com/quote/ARCX:FRGN
ARCX,FRI,FIRST TRUST EXCHANGE TRADED FUND SHS FIRST TRUST S&P REIT INDEX FUND,FRI,https://www.nyse.com/quote/ARCX:FRI
ARCX,FRIZ,FRANKLIN DIVIDEND GROWTH ETF,FRIZ,https://www.nyse.com/quote/ARCX:FRIZ
BATS,FRNW,FIDELITY COVINGTON TRUST CLEAN ENERGY ETF USD,FRNW,https://www.nyse.com/quote/BATS:FRNW
ARCX,FRTY,THE ALGER ETF TRUST MID CAP 40 ETF,FRTY,https://www.nyse.com/quote/ARCX:FRTY
XNMS,FRWD,NOMURA TRANSFORMATIONAL TECHNOLOGIES ETF,FRWD,https://www.nyse.com/quote/XNMS:FRWD
ARCX,FSCC,FEDERATED HERMES MDT SMALL CAP CORE ETF,FSCC,https://www.nyse.com/quote/ARCX:FSCC
XNMS,FSCS,FIRST TRUST EXCHANGE-TRADED FUND VI FIRST TRUST SMID CAPITAL STRENGTH ETF,FSCS,https://www.nyse.com/quote/XNMS:FSCS
ARCX,FSEC,FIDELITY MERRIMACK STREET TRUST FIDELITY INVT GRADE SECURITIZED ETF,FSEC,https://www.nyse.com/quote/ARCX:FSEC
ARCX,FSEG,FIDELITY ENHANCED SMALL CAP GROWTH ETF,FSEG,https://www.nyse.com/quote/ARCX:FSEG
BATS,FSEP,FIRST TR EXCHANGE TRADED FD VIII VEST US EQUITY BUFFER ETF SEPTEMBER,FSEP,https://www.nyse.com/quote/BATS:FSEP
ARCX,FSEV,FIDELITY ENHANCED SMALL CAP VALUE ETF,FSEV,https://www.nyse.com/quote/ARCX:FSEV
XNMS,FSGS,FIRST TRUST EXCHANGE-TRADED FUND VI FIRST TRUST SMID GROWTH STRENGTH ETF,FSGS,https://www.nyse.com/quote/XNMS:FSGS
ARCX,FSIG,FIRST TR EXCHANGE TRADED FD IV LIMITED DURATION INV GRADE CORP ETF USD,FSIG,https://www.nyse.com/quote/ARCX:FSIG
ARCX,FSMB,FIRST TR EXCHANGE-TRADED FD III SHORT DURATION MANAGED MUNICIPAL ETF,FSMB,https://www.nyse.com/quote/ARCX:FSMB
ARCX,FSMD,FIDELITY COVINGTON TRUST SMALL MID MULTIFACTOR ETF,FSMD,https://www.nyse.com/quote/ARCX:FSMD
ARCX,FSML,FRANKLIN SMALL CAP ENHANCED ETF,FSML,https://www.nyse.com/quote/ARCX:FSML
ARCX,FSOL,FIDELITY SOLANA FUND,FSOL,https://www.nyse.com/quote/ARCX:FSOL
ARCX,FSPC,FIRST TRUST BLOOMBERG SPACE ECONOMY ETF,FSPC,https://www.nyse.com/quote/ARCX:FSPC
XNYS,FSSL,FS SPECIALTY LENDING FUND,FSSL,https://www.nyse.com/quote/XNYS:FSSL
ARCX,FSTA,FIDELITY COVINGTON TRUST MSCI CONSUMER STAPLES INDEX ETF,FSTA,https://www.nyse.com/quote/ARCX:FSTA
XNMS,FSTB,FIDELITY SHORT-TERM BOND ETF,FSTB,https://www.nyse.com/quote/XNMS:FSTB
ARCX,FSYD,FIDELITY COVINGTON TRUST SUSTAINABLE HIGH YIELD ETF,FSYD,https://www.nyse.com/quote/ARCX:FSYD
XNMS,FSZ,FIRST TR EXCH TRADED ALPHADEX FD II SWITZERLAND ALPHADEX FD,FSZ,https://www.nyse.com/quote/XNMS:FSZ
XNMS,FTA,FIRST TR EXCH TRADED ALPHADEX FD COM SHS,FTA,https://www.nyse.com/quote/XNMS:FTA
XNMS,FTAG,FIRST TRUST EXCH TRADED FUND 2 INDXX GLOBAL AGRICULTURE ETF A USD DIS,FTAG,https://www.nyse.com/quote/XNMS:FTAG
ARCX,FTBD,FIDELITY MERRIMACK STREET TRUST TACTICAL BOND ETF,FTBD,https://www.nyse.com/quote/ARCX:FTBD
ARCX,FTBI,FIRST TRUST BALANCED INCOME ETF,FTBI,https://www.nyse.com/quote/ARCX:FTBI
XNMS,FTC,FIRST TR EXCH TRADED ALPHADEX FD COM SHS,FTC,https://www.nyse.com/quote/XNMS:FTC
ARCX,FTCA,FRANKLIN CALIFORNIA MUNICIPAL INCOME ETF,FTCA,https://www.nyse.com/quote/ARCX:FTCA
ARCX,FTCB,FIRST TR EXCHANGE TRADED FD IV CORE INVESTMENT GRADE ETF,FTCB,https://www.nyse.com/quote/ARCX:FTCB
ARCX,FTCE,FIRST TRUST NEW CONSTRUCTS CORE EARNINGS LEADERS ETF,FTCE,https://www.nyse.com/quote/ARCX:FTCE
XNMS,FTCS,FIRST TRUST EXCHANGE TRADED FUND CAPITAL STRENGTH ETF,FTCS,https://www.nyse.com/quote/XNMS:FTCS
XNMS,FTDS,FIRST TRUST EXCHANGE TRADED FUND DIVIDEND STRENGTH ETF,FTDS,https://www.nyse.com/quote/XNMS:FTDS
ARCX,FTEC,FIDELITY COVINGTON TRUST MSCI INFORMATION TECHNOLOGY INDEX ETF,FTEC,https://www.nyse.com/quote/ARCX:FTEC
XNMS,FTGC,FIRST TR EXCHANGE-TRADED FD VII FST TR GLB TACTICAL COMMODITY STRAT FD,FTGC,https://www.nyse.com/quote/XNMS:FTGC
XNMS,FTGS,FIRST TRUST EXCHANGE TRADED FUND GROWTH STRENGTH ETF USD,FTGS,https://www.nyse.com/quote/XNMS:FTGS
ARCX,FTHB,FIS FAITH INCOME ETF,FTHB,https://www.nyse.com/quote/ARCX:FTHB
ARCX,FTHF,FIRST TRUST EXCH TRADED FUND 2 EMERGING MKTS HUMAN FLOURISHING ETF USD,FTHF,https://www.nyse.com/quote/ARCX:FTHF
XNMS,FTHI,FIRST TR EXCHANGE TRADED FD VI BUYWRITE INCOME ETF,FTHI,https://www.nyse.com/quote/XNMS:FTHI
ARCX,FTIF,FIRST TRUST EXCHANGE TRADED FUND BLOOMBERG INFLATION SENSITIVE EQUITY ETF,FTIF,https://www.nyse.com/quote/ARCX:FTIF
ARCX,FTKI,FIRST TRUST SMALL CAP BUYWRITE INCOME ETF,FTKI,https://www.nyse.com/quote/ARCX:FTKI
ARCX,FTLS,FIRST TR EXCHANGE-TRADED FD III FIRST TR LONG/SHORT EQUITY,FTLS,https://www.nyse.com/quote/ARCX:FTLS
ARCX,FTMA,FRANKLIN MASSACHUSETTS MUNICIPAL INCOME ETF,FTMA,https://www.nyse.com/quote/ARCX:FTMA
ARCX,FTMH,FRANKLIN MUNICIPAL HIGH YIELD ETF,FTMH,https://www.nyse.com/quote/ARCX:FTMH
ARCX,FTMN,FRANKLIN MINNESOTA MUNICIPAL INCOME ETF,FTMN,https://www.nyse.com/quote/ARCX:FTMN
ARCX,FTMS,FRANKLIN SHORT-TERM MUNICIPAL INCOME ETF,FTMS,https://www.nyse.com/quote/ARCX:FTMS
ARCX,FTMU,FRANKLIN MUNICIPAL INCOME ETF,FTMU,https://www.nyse.com/quote/ARCX:FTMU
ARCX,FTNJ,FRANKLIN NEW JERSEY MUNICIPAL INCOME ETF,FTNJ,https://www.nyse.com/quote/ARCX:FTNJ
ARCX,FTNY,FRANKLIN NEW YORK MUNICIPAL INCOME ETF,FTNY,https://www.nyse.com/quote/ARCX:FTNY
ARCX,FTOH,FRANKLIN OHIO MUNICIPAL INCOME ETF,FTOH,https://www.nyse.com/quote/ARCX:FTOH
ARCX,FTPA,FRANKLIN PENNSYLVANIA MUNICIPAL INCOME ETF,FTPA,https://www.nyse.com/quote/ARCX:FTPA
XNMS,FTQI,FIRST TR EXCHANGE TRADED FD VI NASDAQ BUYWRITE INCOME ETF,FTQI,https://www.nyse.com/quote/XNMS:FTQI
ARCX,FTRB,FEDERATED HERMES ETF TRUST FEDERATED HERMES TOTAL RETURN BOND ETF,FTRB,https://www.nyse.com/quote/ARCX:FTRB
XNMS,FTRI,FIRST TRUST EXCH TRADED FUND 2 INDEX GLOBAL NATURAL RESOURCES INC,FTRI,https://www.nyse.com/quote/XNMS:FTRI
ARCX,FTSD,FRANKLIN ETF TR SHORT DURATION U S GOVERNMENT ETF,FTSD,https://www.nyse.com/quote/ARCX:FTSD
XNMS,FTSL,FIRST TR EXCHANGE TRADED FD IV SENIOR LN FD ETF USD,FTSL,https://www.nyse.com/quote/XNMS:FTSL
XNMS,FTSM,FIRST TR EXCHANGE TRADED FD IV FIRST TR ENHD SHORT MATURITY ETF(R/S),FTSM,https://www.nyse.com/quote/XNMS:FTSM
XNYS,FTWO,STRIVE NATURAL RESOURCES AND SECURITY ETF,FTWO,https://www.nyse.com/quote/XNYS:FTWO
XNMS,FTXG,FIRST TR EXCHANGE TRADED FD VI FIRST TRUST NASDAQ FOOD & BEVERAGE ETF,FTXG,https://www.nyse.com/quote/XNMS:FTXG
XNYS,FTXG,FIRST TR ETF VI,FTXG,https://www.nyse.com/quote/XNYS:FTXG
XNYS,FTXH,FIRST TR ETF VI,FTXH,https://www.nyse.com/quote/XNYS:FTXH
XNMS,FTXH,FIRST TR EXCHANGE TRADED FD VI FIRST TRUST NASDAQ PHARMACEUTICALS ETF,FTXH,https://www.nyse.com/quote/XNMS:FTXH
XNMS,FTXL,FIRST TR EXCHANGE TRADED FD VI FIRST TRUST NASDAQ SEMICONDUCTOR ETF,FTXL,https://www.nyse.com/quote/XNMS:FTXL
XNYS,FTXL,FIRST TR ETF VI,FTXL,https://www.nyse.com/quote/XNYS:FTXL
XNMS,FTXN,FIRST TR EXCHANGE TRADED FD VI FIRST TRUST NASDAQ OIL & GAS ETF,FTXN,https://www.nyse.com/quote/XNMS:FTXN
XNYS,FTXN,FIRST TR ETF VI,FTXN,https://www.nyse.com/quote/XNYS:FTXN
XNMS,FTXO,FIRST TR EXCHANGE TRADED FD VI FIRST TRUST NASDAQ BANK ETF,FTXO,https://www.nyse.com/quote/XNMS:FTXO
XNYS,FTXO,FIRST TR ETF VI,FTXO,https://www.nyse.com/quote/XNYS:FTXO
XNYS,FTXR,FIRST TR ETF VI,FTXR,https://www.nyse.com/quote/XNYS:FTXR
XNMS,FTXR,FIRST TR EXCHANGE TRADED FD VI FIRST TRUST NASDAQ TRANSPORTATION ETF,FTXR,https://www.nyse.com/quote/XNMS:FTXR
ARCX,FUMB,FIRST TR EXCHANGE-TRADED FD III ULTRA SHORT DURATION MUNICIPAL ETF,FUMB,https://www.nyse.com/quote/ARCX:FUMB
BATS,FUSD,FEDERATED HERMES ULTRASHORT BOND ETF,FUSD,https://www.nyse.com/quote/BATS:FUSD
ARCX,FUSI,AMERICAN CENTURY ETF TRUST MULTISECTOR FLOATING INCOME ETF USD,FUSI,https://www.nyse.com/quote/ARCX:FUSI
XNMS,FUTG,LEVERAGE SHARES 2X LONG FUTU DAILY ETF,FUTG,https://www.nyse.com/quote/XNMS:FUTG
ARCX,FUTY,FIDELITY COVINGTON TRUST MSCI UTILS INDEX ETF,FUTY,https://www.nyse.com/quote/ARCX:FUTY
XNMS,FV,FIRST TR EXCHANGE TRADED FD VI DORSEY WRIGHT FOCUS 5 ETF,FV,https://www.nyse.com/quote/XNMS:FV
ARCX,FVAL,FIDELITY COVINGTON TRUST VALUE FACTOR ETF,FVAL,https://www.nyse.com/quote/ARCX:FVAL
XNMS,FVC,FIRST TR EXCHANGE TRADED FD VI DORSEY WRIGHT DYNAMIC FOCUS 5 USD,FVC,https://www.nyse.com/quote/XNMS:FVC
ARCX,FVD,FIRST TRUST EXCHANGE TRADED FUND SHS ETF,FVD,https://www.nyse.com/quote/ARCX:FVD
ARCX,FWD,AB ACTIVE ETFS INC DISRUPTORS ETF USD,FWD,https://www.nyse.com/quote/ARCX:FWD
ARCX,FXA,INVESCO CCY SHS AUSTRALIAN DLR TR AUSTRALIAN DOLLAR SHS ETF,FXA,https://www.nyse.com/quote/ARCX:FXA
ARCX,FXB,INVESCO CCY SHS BRIT POUND STLG TR BRIT POUND STERLING SHS ETF,FXB,https://www.nyse.com/quote/ARCX:FXB
ARCX,FXC,INVESCO CCY SHS CDN DLR TR CDN DLR SHS ETF,FXC,https://www.nyse.com/quote/ARCX:FXC
ARCX,FXD,FIRST TRUST EXCH TRADED FUND 2 CONSUMER DISCRETIONARY ALPHADEX FD USD,FXD,https://www.nyse.com/quote/ARCX:FXD
ARCX,FXE,INVESCO CCY SHS EURO TR EURO SHS ETF,FXE,https://www.nyse.com/quote/ARCX:FXE
XNYS,FXED,SOUND ENHANCED FIXED INCOME ETF,FXED,https://www.nyse.com/quote/XNYS:FXED
ARCX,FXF,INVESCO CCY SHS SWISS FRANC TR SWISS FRANC SHS ETF,FXF,https://www.nyse.com/quote/ARCX:FXF
ARCX,FXG,FIRST TRUST EXCH TRADED FUND 2 CONSUMER STAPLE ALPHADEX FD,FXG,https://www.nyse.com/quote/ARCX:FXG
ARCX,FXH,FIRST TRUST EXCH TRADED FUND 2 HEALTH CARE ALPHADEX FD,FXH,https://www.nyse.com/quote/ARCX:FXH
ARCX,FXI,ISHARES TRUST CHINA LARGE-CAP ETF,FXI,https://www.nyse.com/quote/ARCX:FXI
ARCX,FXL,FIRST TRUST EXCH TRADED FUND 2 SHS FIRST TRUST TECHNOLOGY ALPHADEX FUND,FXL,https://www.nyse.com/quote/ARCX:FXL
ARCX,FXN,FIRST TRUST EXCH TRADED FUND 2 ENERGY ALPHADEX FD USD,FXN,https://www.nyse.com/quote/ARCX:FXN
ARCX,FXO,FIRST TRUST EXCH TRADED FUND 2 FINANCIAL ALPHADEX FD USD,FXO,https://www.nyse.com/quote/ARCX:FXO
ARCX,FXP,PROSHARES TRUST ULTRASHORT FTSE CHINA 50 NEW (REV/SPT),FXP,https://www.nyse.com/quote/ARCX:FXP
ARCX,FXR,FIRST TRUST EXCH TRADED FUND 2 INDUSTRIALS/PRODUCER DURABLES FD US,FXR,https://www.nyse.com/quote/ARCX:FXR
ARCX,FXU,FIRST TRUST EXCH TRADED FUND 2 UTILITIES ALPHADEX FD USD,FXU,https://www.nyse.com/quote/ARCX:FXU
ARCX,FXY,INVESCO CCY SHS JAPANESE YEN TR JAPANESE YEN SHS ETF,FXY,https://www.nyse.com/quote/ARCX:FXY
ARCX,FXZ,FIRST TRUST EXCH TRADED FUND 2 SHS FIRST TRUST MATERIALS ALPHADEX FUND,FXZ,https://www.nyse.com/quote/ARCX:FXZ
XNMS,FYC,FIRST TR EXCH TRADED ALPHADEX FD SMALL CAP GROWTH ALPHADEX FD,FYC,https://www.nyse.com/quote/XNMS:FYC
BATS,FYEE,FIDELITY YIELD ENHANCED EQUITY ETF,FYEE,https://www.nyse.com/quote/BATS:FYEE
BATS,FYLD,CAMBRIA ETF TRUST CAMBRIA FGN SHAREHOLDER YLD ETF,FYLD,https://www.nyse.com/quote/BATS:FYLD
XNMS,FYT,FIRST TR EXCH TRADED ALPHADEX FD SMALL CAP VALUE ALPHADEX FD,FYT,https://www.nyse.com/quote/XNMS:FYT
XNMS,FYX,FIRST TR EXCH TRADED ALPHADEX FD COM SHS,FYX,https://www.nyse.com/quote/XNMS:FYX
BATS,GAA,CAMBRIA ETF TRUST GLOBAL ASSET ALLOCATION ETF,GAA,https://www.nyse.com/quote/BATS:GAA
ARCX,GABF,GABELLI ETFS TR FINANCIAL SERVICES OPPORTUNITIES ETF,GABF,https://www.nyse.com/quote/ARCX:GABF
ARCX,GAEM,SIMPLIFY GAMMA EMERGING MARKET BOND ETF,GAEM,https://www.nyse.com/quote/ARCX:GAEM
ARCX,GAL,STATE STREET GLOBAL ALLOCATION ETF,GAL,https://www.nyse.com/quote/ARCX:GAL
ARCX,GAMR,AMPLIFY VIDEO GAME LEADERS ETF,GAMR,https://www.nyse.com/quote/ARCX:GAMR
BATS,GAPR,FIRST TR EXCHANGE TRADED FD VIII VEST US EQUITY MODERATE BUFFER ETF APRIL,GAPR,https://www.nyse.com/quote/BATS:GAPR
ARCX,GARA,GUINNESS ATKINSON REAL ASSETS INCOME ETF,GARA,https://www.nyse.com/quote/ARCX:GARA
BATS,GARP,ISHARES MSCI USA QUALITY GARP ETF,GARP,https://www.nyse.com/quote/BATS:GARP
XNMS,GARY,MANGO GROWTH ETF,GARY,https://www.nyse.com/quote/XNMS:GARY
BATS,GASZ,CORGI NATURAL GAS POWER & TURBINES ETF,GASZ,https://www.nyse.com/quote/BATS:GASZ
BATS,GAUG,FIRST TR EXCHANGE TRADED FD VIII VEST US EQUITY MODERATE BUFFER ETF AUG,GAUG,https://www.nyse.com/quote/BATS:GAUG
XNMS,GAVA,GRAYSCALE AVALANCHE STAKING ETF,GAVA,https://www.nyse.com/quote/XNMS:GAVA
ARCX,GBF,ISHARES TRUST GOVERNMENT/CREDIT BD ETF,GBF,https://www.nyse.com/quote/ARCX:GBF
ARCX,GBHI,GABELLI HIGH INCOME ETF,GBHI,https://www.nyse.com/quote/ARCX:GBHI
XNYS,GBIL,GLDMN SACHS ETF TR,GBIL,https://www.nyse.com/quote/XNYS:GBIL
ARCX,GBIL,GOLDMAN SACHS ETF TRUST ACCESS TREASURY 0-1 YEAR ETF,GBIL,https://www.nyse.com/quote/ARCX:GBIL
ARCX,GBND,GOLDMAN SACHS CORE BOND ETF,GBND,https://www.nyse.com/quote/ARCX:GBND
ARCX,GBTC,GRAYSCALE BITCOIN TRUST ETF,GBTC,https://www.nyse.com/quote/ARCX:GBTC
XNMS,GBUG,SPROTT ACTIVE GOLD & SILVER MINERS ETF,GBUG,https://www.nyse.com/quote/XNMS:GBUG
ARCX,GCAD,GABELLI ETFS TR COMMERCIAL AEROSPACE AND DEFENSE ETF,GCAD,https://www.nyse.com/quote/ARCX:GCAD
ARCX,GCAL,GOLDMAN SACHS DYNAMIC CALIFORNIA MUNICIPAL INCOME ETF,GCAL,https://www.nyse.com/quote/ARCX:GCAL
ARCX,GCC,WISDOMTREE TRUST ENHANCED COMMODITY STRATEGY FD,GCC,https://www.nyse.com/quote/ARCX:GCC
ARCX,GCOR,GOLDMAN SACHS ETF TRUST ACCESS US AGGREGATE BD ETF,GCOR,https://www.nyse.com/quote/ARCX:GCOR
BATS,GCOW,PACER FDS TR GLOBAL CASH COWS DIVIDEND ETF,GCOW,https://www.nyse.com/quote/BATS:GCOW
ARCX,GCSH,GUGGENHEIM ULTRA SHORT INCOME ETF,GCSH,https://www.nyse.com/quote/ARCX:GCSH
BATS,GDE,WISDOMTREE TRUST EFFICIENT GOLD PLUS EQUITY STRATEGY FD,GDE,https://www.nyse.com/quote/BATS:GDE
BATS,GDEC,FIRST TR EXCHANGE TRADED FD VIII VEST US EQUITY MODERATE BUFFER ETF DEC,GDEC,https://www.nyse.com/quote/BATS:GDEC
XNYS,GDIV,HARBOR ETF TRUST DIVIDEND GROWTH LEADERS ETF,GDIV,https://www.nyse.com/quote/XNYS:GDIV
ARCX,GDLC,GRAYSCALE COINDESK CRYPTO 5 ETF,GDLC,https://www.nyse.com/quote/ARCX:GDLC
BATS,GDMA,EA SERIES TRUST GADSDEN DYNAMIC MULTI ASSET ETF,GDMA,https://www.nyse.com/quote/BATS:GDMA
BATS,GDMN,WISDOMTREE TRUST EFFICIENT GOLD PLUS GOLD MINERS STRATEGY,GDMN,https://www.nyse.com/quote/BATS:GDMN
ARCX,GDOC,GOLDMAN SACHS ETF TRUST FUTURE HEALTH CARE EQUITY ETF USD,GDOC,https://www.nyse.com/quote/ARCX:GDOC
ARCX,GDOG,GRAYSCALE DOGECOIN TRUST ETF,GDOG,https://www.nyse.com/quote/ARCX:GDOG
BATS,GDT,WISDOMTREE EFFICIENT TIPS PLUS GOLD FUND,GDT,https://www.nyse.com/quote/BATS:GDT
ARCX,GDX,VANECK ETF TR VANECK GOLD MINERS ETF,GDX,https://www.nyse.com/quote/ARCX:GDX
ARCX,GDXJ,VANECK ETF TR VANECK JUNIOR GOLD MINERS ETF,GDXJ,https://www.nyse.com/quote/ARCX:GDXJ
BATS,GDXW,ROUNDHILL GOLD MINERS WEEKLYPAY ETF,GDXW,https://www.nyse.com/quote/BATS:GDXW
ARCX,GDXY,YIELDMAX GOLD MINERS OPTION INCOME STRATEGY ETF,GDXY,https://www.nyse.com/quote/ARCX:GDXY
ARCX,GEM,GOLDMAN SACHS ETF TRUST ACTIVEBETA EMERGING MKTS EQUITY ETF,GEM,https://www.nyse.com/quote/ARCX:GEM
BATS,GEMD,GOLDMAN SACHS ETF TRUST ACCESS EMERGING MARKETS USD BOND ETF,GEMD,https://www.nyse.com/quote/BATS:GEMD
XNMS,GEME,PACIFIC NORTH OF SOUTH EM EQUITY ACTIVE ETF,GEME,https://www.nyse.com/quote/XNMS:GEME
XNMS,GEMG,LEVERAGE SHARES 2X LONG GEMI DAILY ETF,GEMG,https://www.nyse.com/quote/XNMS:GEMG
ARCX,GEND,GENTER CAPITAL DIVIDEND INCOME ETF,GEND,https://www.nyse.com/quote/ARCX:GEND
ARCX,GENM,GENTER CAPITAL MUNICIPAL QUALITY INTERMEDIATE ETF,GENM,https://www.nyse.com/quote/ARCX:GENM
ARCX,GENT,GENTER CAPITAL TAXABLE QUALITY INTERMEDIATE ETF,GENT,https://www.nyse.com/quote/ARCX:GENT
ARCX,GENW,GENTER CAPITAL INTERNATIONAL DIVIDEND ETF,GENW,https://www.nyse.com/quote/ARCX:GENW
XNMS,GENZ,VANECK DIGITAL NATIVE ECONOMY ETF,GENZ,https://www.nyse.com/quote/XNMS:GENZ
ARCX,GEOA,WISDOMTREE GEOALPHA OPPORTUNITIES FUND,GEOA,https://www.nyse.com/quote/ARCX:GEOA
XNMS,GEQ,CAMBRIA GLOBAL EW 2 ETF,GEQ,https://www.nyse.com/quote/XNMS:GEQ
BATS,GEVC,CORGI GEV 2X DAILY ETF,GEVC,https://www.nyse.com/quote/BATS:GEVC
XNMS,GEVG,LEVERAGE SHARES 2X LONG GEV DAILY ETF,GEVG,https://www.nyse.com/quote/XNMS:GEVG
BATS,GEVX,TRADR 2X LONG GEV DAILY ETF,GEVX,https://www.nyse.com/quote/BATS:GEVX
XNMS,GEW,CAMBRIA GLOBAL EW ETF,GEW,https://www.nyse.com/quote/XNMS:GEW
BATS,GFEB,FIRST TR EXCHANGE TRADED FD VIII VEST US EQUITY MODERATE BUFFER ETF FEB,GFEB,https://www.nyse.com/quote/BATS:GFEB
XNMS,GFGF,EA SERIES TRUST GURU FAVORITE STOCKS ETF,GFGF,https://www.nyse.com/quote/XNMS:GFGF
XNMS,GFLW,VICTORYSHARES FREE CASH FLOW GROWTH ETF,GFLW,https://www.nyse.com/quote/XNMS:GFLW
BATS,GFSG,LEVERAGE SHARES 2X LONG GFS DAILY ETF,GFSG,https://www.nyse.com/quote/BATS:GFSG
XNMS,GGLL,DIREXION DAILY GOOGL BULL 2X ETF,GGLL,https://www.nyse.com/quote/XNMS:GGLL
XNMS,GGLS,DIREXION DAILY GOOGL BEAR 1X ETF,GGLS,https://www.nyse.com/quote/XNMS:GGLS
ARCX,GGM,NORTHERN LIGHTS FUND TRUST II GGM MACRO ALIGNMENT ETF,GGM,https://www.nyse.com/quote/ARCX:GGM
ARCX,GGME,INVESCO EXCHANGE TRADED FD TR NEXT GEN MEDIA AND GAMING ETF,GGME,https://www.nyse.com/quote/ARCX:GGME
ARCX,GGOV,ISHARES GLOBAL GOVERNMENT BOND USD HEDGED ACTIVE ETF,GGOV,https://www.nyse.com/quote/ARCX:GGOV
ARCX,GGRW,GABELLI ETFS TR GABELLI GROWTH INNOVATORS ETF,GGRW,https://www.nyse.com/quote/ARCX:GGRW
ARCX,GGTL,Gabelli Global Technology Leaders ETF,GGTL,https://www.nyse.com/quote/ARCX:GGTL
ARCX,GGUS,GOLDMAN SACHS ETF TRUST MARKETBETA RUSSELL 1000 GROWTH EQUITY ET,GGUS,https://www.nyse.com/quote/ARCX:GGUS
BATS,GHTA,COLLABORATIVE INVESTMNT SER TR GOOSE HOLLOW TACTICAL ALLOCATION ETF,GHTA,https://www.nyse.com/quote/BATS:GHTA
ARCX,GHYB,GOLDMAN SACHS ETF TRUST ACCESS HIGH YIELD CORPORATE BD ETF,GHYB,https://www.nyse.com/quote/ARCX:GHYB
BATS,GHYG,ISHARES INC US & INTL HIGH YIELD CORP BOND ETF,GHYG,https://www.nyse.com/quote/BATS:GHYG
ARCX,GIAX,NICHOLAS GLOBAL EQUITY AND INCOME ETF,GIAX,https://www.nyse.com/quote/ARCX:GIAX
XNMS,GIEQ,GOLDMAN SACHS DATA ENHANCED INTERNATIONAL EQUITY ETF,GIEQ,https://www.nyse.com/quote/XNMS:GIEQ
ARCX,GIGB,GOLDMAN SACHS ETF TRUST ACCESS INVESTMENT GRADE CORPORATE BOND,GIGB,https://www.nyse.com/quote/ARCX:GIGB
ARCX,GIGL,GOLDMAN SACHS CORPORATE BOND ETF,GIGL,https://www.nyse.com/quote/ARCX:GIGL
ARCX,GII,STATE STREET SPDR S&P GLOBAL INFRASTRUCTURE ETF,GII,https://www.nyse.com/quote/ARCX:GII
XNMS,GIND,GOLDMAN SACHS INDIA EQUITY ETF,GIND,https://www.nyse.com/quote/XNMS:GIND
ARCX,GINN,GOLDMAN SACHS ETF TRUST INNOVATE EQTY ETF USD,GINN,https://www.nyse.com/quote/ARCX:GINN
XNMS,GINX,RBB FUND INC SGI ENHANCED GLOBAL INCOME ETF,GINX,https://www.nyse.com/quote/XNMS:GINX
ARCX,GISC,GUGGENHEIM SECURITIZED INCOME ETF,GISC,https://www.nyse.com/quote/ARCX:GISC
BATS,GJAN,FIRST TR EXCHANGE TRADED FD VIII VEST US EQUITY MODERATE BUFFER ETF JAN,GJAN,https://www.nyse.com/quote/BATS:GJAN
BATS,GJUL,FIRST TR EXCHANGE TRADED FD VIII VEST US EQUITY MODERATE BUFFER ETF JULY,GJUL,https://www.nyse.com/quote/BATS:GJUL
BATS,GJUN,FIRST TR EXCHANGE TRADED FD VIII VEST US EQUITY MODERATE BUFFER ETF JUNE,GJUN,https://www.nyse.com/quote/BATS:GJUN
ARCX,GK,ADVISORSHARES TRUST GERBER KAWASAKI ETF,GK,https://www.nyse.com/quote/ARCX:GK
XNMS,GKAT,SCHARF GLOBAL OPPORTUNITY ETF,GKAT,https://www.nyse.com/quote/XNMS:GKAT
BATS,GLAM,"CORGI BEAUTY, SKINCARE & AESTHETICS ETF",GLAM,https://www.nyse.com/quote/BATS:GLAM
BATS,GLBL,PACER MSCI WORLD INDUSTRY ADVANTAGE ETF,GLBL,https://www.nyse.com/quote/BATS:GLBL
XNMS,GLCR,GLACIERSHARES NASDAQ ICELAND ETF,GLCR,https://www.nyse.com/quote/XNMS:GLCR
ARCX,GLD,SPDR GOLD TRUST GOLD SHARES NPV,GLD,https://www.nyse.com/quote/ARCX:GLD
XNMS,GLDB,IDX ALTERNATIVE FIAT ETF,GLDB,https://www.nyse.com/quote/XNMS:GLDB
ARCX,GLDM,WORLD GOLD TRUST SPDR GOLD MINISHARES TRUST(POST REV SPL),GLDM,https://www.nyse.com/quote/ARCX:GLDM
ARCX,GLDN,NICHOLAS GOLD INCOME ETF,GLDN,https://www.nyse.com/quote/ARCX:GLDN
BATS,GLDW,ROUNDHILL GOLD WEEKLYPAY ETF,GLDW,https://www.nyse.com/quote/BATS:GLDW
XNMS,GLGG,LEVERAGE SHARES 2X LONG GLXY DAILY ETF,GLGG,https://www.nyse.com/quote/XNMS:GLGG
ARCX,GLIN,VANECK ETF TR VANECK INDIA GROWTH LEADERS ETF,GLIN,https://www.nyse.com/quote/ARCX:GLIN
ARCX,GLIX,LAZARD LISTED INFRASTRUCTURE ETF,GLIX,https://www.nyse.com/quote/ARCX:GLIX
ARCX,GLL,PROSHARES ULTRASHORT GOLD,GLL,https://www.nyse.com/quote/ARCX:GLL
ARCX,GLNK,GRAYSCALE CHAINLINK TRUST ETF,GLNK,https://www.nyse.com/quote/ARCX:GLNK
ARCX,GLOF,ISHARES TRUST GLOBAL EQUITY FACTOR ETF,GLOF,https://www.nyse.com/quote/ARCX:GLOF
XNMS,GLOW,VICTORYSHARES WESTEND GLOBAL EQUITY ETF,GLOW,https://www.nyse.com/quote/XNMS:GLOW
ARCX,GLRY,INSPIRE GROWTH ETF,GLRY,https://www.nyse.com/quote/ARCX:GLRY
ARCX,GLTR,ABRDN PRECIOUS METALS BASKET E ABRDN PRECIOUS METALS BASKET ETF TRUST,GLTR,https://www.nyse.com/quote/ARCX:GLTR
XNMS,GLWG,LEVERAGE SHARES 2X LONG GLW DAILY ETF,GLWG,https://www.nyse.com/quote/XNMS:GLWG
BATS,GLX,CORGI GLXY 2X DAILY ETF,GLX,https://www.nyse.com/quote/BATS:GLX
BATS,GLXU,T-REX 2X LONG GLXY DAILY TARGET ETF,GLXU,https://www.nyse.com/quote/BATS:GLXU
BATS,GMAR,FIRST TR EXCHANGE TRADED FD VIII VEST US EQUITY MODERATE BUFFER ETF MARCH,GMAR,https://www.nyse.com/quote/BATS:GMAR
BATS,GMAY,FIRST TR EXCHANGE TRADED FD VIII VEST US EQUITY MODERATE BUFFER ETF MAY,GMAY,https://www.nyse.com/quote/BATS:GMAY
BATS,GMEC,CORGI GME 2X DAILY ETF,GMEC,https://www.nyse.com/quote/BATS:GMEC
BATS,GMEU,T-REX 2X LONG GME DAILY TARGET ETF,GMEU,https://www.nyse.com/quote/BATS:GMEU
ARCX,GMEY,YIELDMAX GME OPTION INCOME STRATEGY ETF,GMEY,https://www.nyse.com/quote/ARCX:GMEY
ARCX,GMF,STATE STREET SPDR S&P EMERGING ASIA PACIFIC ETF,GMF,https://www.nyse.com/quote/ARCX:GMF
ARCX,GMMA,GAMMAROAD MARKET NAVIGATION ETF,GMMA,https://www.nyse.com/quote/ARCX:GMMA
XNYS,GMMF,ISHARES GOVERNMENT MONEY MARKET ETF,GMMF,https://www.nyse.com/quote/XNYS:GMMF
ARCX,GMNY,GOLDMAN SACHS DYNAMIC NEW YORK MUNICIPAL INCOME ETF,GMNY,https://www.nyse.com/quote/ARCX:GMNY
ARCX,GMOC,GMO ULTRA-SHORT INCOME ETF,GMOC,https://www.nyse.com/quote/ARCX:GMOC
ARCX,GMOD,GMO DYNAMIC ALLOCATION ETF,GMOD,https://www.nyse.com/quote/ARCX:GMOD
ARCX,GMOI,GMO INTERNATIONAL VALUE ETF,GMOI,https://www.nyse.com/quote/ARCX:GMOI
BATS,GMOM,CAMBRIA ETF TRUST GLOBAL MOMENTUM ETF,GMOM,https://www.nyse.com/quote/BATS:GMOM
ARCX,GMOV,GMO US VALUE ETF,GMOV,https://www.nyse.com/quote/ARCX:GMOV
ARCX,GMUB,GOLDMAN SACHS MUNICIPAL INCOME ETF,GMUB,https://www.nyse.com/quote/ARCX:GMUB
XNMS,GNMA,ISHARES TRUST GNMA BOND ETF,GNMA,https://www.nyse.com/quote/XNMS:GNMA
BATS,GNMX,CORGI GENOMICS & PRECISION MEDICINE ETF,GNMX,https://www.nyse.com/quote/BATS:GNMX
XNMS,GNOM,GLOBAL X FDS GENOMICS & BIOTECHNOLOGY ETF(P/S),GNOM,https://www.nyse.com/quote/XNMS:GNOM
BATS,GNOV,FIRST TR EXCHANGE TRADED FD VIII VEST US EQUITY MODERATE BUFFER ETF NOV,GNOV,https://www.nyse.com/quote/BATS:GNOV
ARCX,GNR,STATE STREET SPDR S&P GLOBAL NATURAL RESOURCES ETF,GNR,https://www.nyse.com/quote/ARCX:GNR
ARCX,GOAU,ETF SERIES SOLUTIONS US GLOBAL GO GOLD & PRECUS METL MINE ETF,GOAU,https://www.nyse.com/quote/ARCX:GOAU
BATS,GOCT,FIRST TR EXCHANGE TRADED FD VIII VEST US EQUITY MODERATE BUFFER ETF OCT,GOCT,https://www.nyse.com/quote/BATS:GOCT
ARCX,GOEX,GLOBAL X FDS GOLD EXPLORERS ETF,GOEX,https://www.nyse.com/quote/ARCX:GOEX
BATS,GOGL,CORGI GOOGL 2X DAILY ETF,GOGL,https://www.nyse.com/quote/BATS:GOGL
XNMS,GOLI,DEFIANCE GOLD ENHANCED OPTIONS INCOME ETF,GOLI,https://www.nyse.com/quote/XNMS:GOLI
ARCX,GOLS,GABELLI OPPORTUNITIES IN LIVE AND SPORTS ETF,GOLS,https://www.nyse.com/quote/ARCX:GOLS
BATS,GOLY,STRATEGY SHARES GOLD ENHANCED YIELD ETF,GOLY,https://www.nyse.com/quote/BATS:GOLY
BATS,GOOL,LEVERAGE SHARES 2X LONG GOOGL DAILY ETF,GOOL,https://www.nyse.com/quote/BATS:GOOL
BATS,GOOP,KURV YIELD PREMIUM STRATEGY GOOGLE (GOOGL) ETF,GOOP,https://www.nyse.com/quote/BATS:GOOP
BATS,GOOW,ROUNDHILL GOOGL WEEKLYPAY ETF,GOOW,https://www.nyse.com/quote/BATS:GOOW
BATS,GOOX,ETF OPPORTUNITIES TR T REX 2X LONG ALPHABET DAILY TARGET ETF,GOOX,https://www.nyse.com/quote/BATS:GOOX
ARCX,GOOY,TIDAL TRUST II YIELDMAX GOOGL OPTION INCOME STRATEGY,GOOY,https://www.nyse.com/quote/ARCX:GOOY
BATS,GOP,UNUSUAL WHALES SUBVERSIVE REPUBLICAN TRADING ETF,GOP,https://www.nyse.com/quote/BATS:GOP
XNMS,GOU,GRANITESHARES 2X LONG GOOGL DAILY ETF,GOU,https://www.nyse.com/quote/XNMS:GOU
XNMS,GOVI,INVESCO EXCHANGE TRADED FD TR II EQUAL WEIGHT 0-30 YEAR TREASURY ETF,GOVI,https://www.nyse.com/quote/XNMS:GOVI
BATS,GOVM,ISHARES 1-10 YEAR TREASURY BOND ETF,GOVM,https://www.nyse.com/quote/BATS:GOVM
BATS,GOVT,ISHARES TRUST US TREASURY BOND ETF USD DIS,GOVT,https://www.nyse.com/quote/BATS:GOVT
BATS,GOVZ,ISHARES TRUST ISHARES 25+ YR TREASURY STRIPS BD ETF,GOVZ,https://www.nyse.com/quote/BATS:GOVZ
XNMS,GPIQ,GOLDMAN SACHS ETF TRUST GOLDMAN SACHS NASDAQ-100 PREMIUM INCOME ETF,GPIQ,https://www.nyse.com/quote/XNMS:GPIQ
XNMS,GPIX,GOLDMAN SACHS ETF TRUST GOLDMAN SACHS S&P 500 PREMIUM INCOME ETF,GPIX,https://www.nyse.com/quote/XNMS:GPIX
XNMS,GPRF,GOLDMAN SACHS ACCESS U.S. PREFERRED STOCK AND HYBRID SECURITIES ETF,GPRF,https://www.nyse.com/quote/XNMS:GPRF
XNMS,GPT,INTELLIGENT ALPHA ATLAS ETF,GPT,https://www.nyse.com/quote/XNMS:GPT
ARCX,GPTY,YIELDMAX AI & TECH PORTFOLIO OPTION INCOME ETF,GPTY,https://www.nyse.com/quote/ARCX:GPTY
ARCX,GPZ,VANECK ALTERNATIVE ASSET MANAGER ETF,GPZ,https://www.nyse.com/quote/ARCX:GPZ
ARCX,GQGU,GQG US EQUITY ETF,GQGU,https://www.nyse.com/quote/ARCX:GQGU
ARCX,GQI,NATIXIS ETF TRUST GATEWAY QUALITY INCOME ETF,GQI,https://www.nyse.com/quote/ARCX:GQI
XNMS,GQQQ,ASTORIA US QUALITY GROWTH KINGS ETF,GQQQ,https://www.nyse.com/quote/XNMS:GQQQ
ARCX,GQRE,FLEXSHARES TRUST GLOBAL QUALITY REAL ESTATE INDEX,GQRE,https://www.nyse.com/quote/ARCX:GQRE
XNMS,GRAG,LEVERAGE SHARES 2X LONG GRAB DAILY ETF,GRAG,https://www.nyse.com/quote/XNMS:GRAG
ARCX,GREK,GLOBAL X FDS GLOBAL X MSCI GREECE ETF (POST REV SPLT),GREK,https://www.nyse.com/quote/ARCX:GREK
XNMS,GRID,FIRST TRUST EXCH TRADED FUND 2 NASDAQ CLEAN EDGE SMART GRID INFRS IDX F,GRID,https://www.nyse.com/quote/XNMS:GRID
XNMS,GRIN,VICTORYSHARES INTERNATIONAL FREE CASH FLOW GROWTH ETF,GRIN,https://www.nyse.com/quote/XNMS:GRIN
ARCX,GRNB,VANECK ETF TR VANECK GREEN BOND ETF,GRNB,https://www.nyse.com/quote/ARCX:GRNB
XNYS,GRNB,VANECK ETF TR,GRNB,https://www.nyse.com/quote/XNYS:GRNB
ARCX,GRNI,FUNDSTRAT GRANNY SHOTS US LARGE CAP & INCOME ETF,GRNI,https://www.nyse.com/quote/ARCX:GRNI
ARCX,GRNJ,FUNDSTRAT GRANNY SHOTS US SMALL & MID CAP ETF,GRNJ,https://www.nyse.com/quote/ARCX:GRNJ
ARCX,GRNY,FUNDSTRAT GRANNY SHOTS US LARGE CAP ETF,GRNY,https://www.nyse.com/quote/ARCX:GRNY
BATS,GROZ,ZACKS FOCUS GROWTH ETF,GROZ,https://www.nyse.com/quote/BATS:GROZ
ARCX,GRPM,INVESCO EXCHANGE TRADED FD TR S&P MIDCAP 400 GARP ETF,GRPM,https://www.nyse.com/quote/ARCX:GRPM
ARCX,GRPZ,INVESCO S AND P SMALLCAP 600 GARP ETF,GRPZ,https://www.nyse.com/quote/ARCX:GRPZ
XNMS,GRW,TCW DURABLE GROWTH ETF,GRW,https://www.nyse.com/quote/XNMS:GRW
ARCX,GSC,GOLDMAN SACHS SMALL CAP EQUITY ETF,GSC,https://www.nyse.com/quote/ARCX:GSC
BATS,GSEE,GOLDMAN SACHS ETF TRUST MARKETBETA EMERGING MARKETS EQTY ETF,GSEE,https://www.nyse.com/quote/BATS:GSEE
BATS,GSEP,FIRST TR EXCHANGE TRADED FD VIII FT VEST US EQT MODE BUFF ETF SEP,GSEP,https://www.nyse.com/quote/BATS:GSEP
XNYS,GSEU,GLDMN SACHS ETF TR,GSEU,https://www.nyse.com/quote/XNYS:GSEU
ARCX,GSEU,GOLDMAN SACHS ETF TRUST ACTIVEBETA EUROPE EQUITY ETF,GSEU,https://www.nyse.com/quote/ARCX:GSEU
BATS,GSEW,GOLDMAN SACHS ETF TRUST EQUAL WEIGHT US LARGE CAP EQTY USD,GSEW,https://www.nyse.com/quote/BATS:GSEW
ARCX,GSG,ISHARES S&P GSCI COMMODITY INDEX TR UNITS OF BENEFICIAL INTEREST,GSG,https://www.nyse.com/quote/ARCX:GSG
XNMS,GSGO,GOLDMAN SACHS GROWTH OPPORTUNITIES ETF,GSGO,https://www.nyse.com/quote/XNMS:GSGO
XNMS,GSIB,THEMES ETF TRUST GLOBAL SYSTEMICALLY IMPT BKS ETF,GSIB,https://www.nyse.com/quote/XNMS:GSIB
BATS,GSID,GOLDMAN SACHS ETF TRUST MARKETBETA INTERNATIONAL EQUITY ETF,GSID,https://www.nyse.com/quote/BATS:GSID
ARCX,GSIE,GOLDMAN SACHS ETF TRUST ACTIVEBETA INTL EQUITY ETF,GSIE,https://www.nyse.com/quote/ARCX:GSIE
ARCX,GSJY,GOLDMAN SACHS ETF TRUST ACTIVEBETA JAPAN EQUITY ETF,GSJY,https://www.nyse.com/quote/ARCX:GSJY
XNYS,GSJY,GLDMN SACHS ETF TR,GSJY,https://www.nyse.com/quote/XNYS:GSJY
ARCX,GSKH,GSK PLC ADRHEDGED,GSKH,https://www.nyse.com/quote/ARCX:GSKH
ARCX,GSLC,GOLDMAN SACHS ETF TRUST ACTIVEBETA U S LARGE CAP EQUITY ETF,GSLC,https://www.nyse.com/quote/ARCX:GSLC
ARCX,GSOL,GRAYSCALE SOLANA STAKING ETF,GSOL,https://www.nyse.com/quote/ARCX:GSOL
ARCX,GSPY,TIDAL ETF TRUST GOTHAM ENHANCED 500 ETF,GSPY,https://www.nyse.com/quote/ARCX:GSPY
ARCX,GSSC,GOLDMAN SACHS ETF TRUST ACTIVEBETA US SMALL CAP EQ ETF,GSSC,https://www.nyse.com/quote/ARCX:GSSC
BATS,GSST,GOLDMAN SACHS ULTRA SHORT BOND ETF,GSST,https://www.nyse.com/quote/BATS:GSST
ARCX,GSUI,GRAYSCALE SUI STAKING ETF,GSUI,https://www.nyse.com/quote/ARCX:GSUI
BATS,GSUS,GOLDMAN SACHS ETF TRUST MARKETBETA US EQUITY ETF,GSUS,https://www.nyse.com/quote/BATS:GSUS
BATS,GSWO,GOLDMAN SACHS ACTIVEBETA WORLD EQUITY ETF,GSWO,https://www.nyse.com/quote/BATS:GSWO
ARCX,GSY,INVESCO ACTIVELY MANAGED ETF TRUST ULTRA SHORT DURATION ETF,GSY,https://www.nyse.com/quote/ARCX:GSY
ARCX,GTEK,GOLDMAN SACHS ETF TRUST FUTURE TECH LEADERS ETF USD,GTEK,https://www.nyse.com/quote/ARCX:GTEK
BATS,GTIP,GOLDMAN SACHS ETF TRUST ACCESS INF PRT USD BD ETF PRICING BASKET,GTIP,https://www.nyse.com/quote/BATS:GTIP
ARCX,GTND,GOALTENDER ETF,GTND,https://www.nyse.com/quote/ARCX:GTND
XNYS,GTO,Invesco Total Return Bond ETF,GTO,https://www.nyse.com/quote/XNYS:GTO
ARCX,GTO,INVESCO ACTIVELY MANAGED ETF TRUST TOTAL RETURN BD ETF,GTO,https://www.nyse.com/quote/ARCX:GTO
BATS,GTOC,INVESCO CORE FIXED INCOME ETF,GTOC,https://www.nyse.com/quote/BATS:GTOC
BATS,GTOH,INVESCO SHORT DURATION HIGH YIELD ETF,GTOH,https://www.nyse.com/quote/BATS:GTOH
XNMS,GTOP,GOLDMAN SACHS TECHNOLOGY OPPORTUNITIES ETF,GTOP,https://www.nyse.com/quote/XNMS:GTOP
XNMS,GTOQ,INVESCO HIGH YIELD SYSTEMATIC BOND ETF,GTOQ,https://www.nyse.com/quote/XNMS:GTOQ
BATS,GTOS,INVESCO SHORT DURATION TOTAL RETURN BOND ETF,GTOS,https://www.nyse.com/quote/BATS:GTOS
XNMS,GTPE,GOLDMAN SACHS MSCI WORLD PRIVATE EQUITY RETURN TRACKER ETF,GTPE,https://www.nyse.com/quote/XNMS:GTPE
XNMS,GTR,WISDOMTREE TRUST TARGET RANGE FD,GTR,https://www.nyse.com/quote/XNMS:GTR
ARCX,GUMI,GOLDMAN SACHS ULTRA SHORT MUNICIPAL INCOME ETF,GUMI,https://www.nyse.com/quote/ARCX:GUMI
ARCX,GUNR,FLEXSHARES TRUST MORNINGSTAR GLOBAL UPSTREAM NAT RES IDX,GUNR,https://www.nyse.com/quote/ARCX:GUNR
ARCX,GURU,GLOBAL X FDS GLOBAL X HEDGE FD TOP EQ HLDGS IDX ETF,GURU,https://www.nyse.com/quote/ARCX:GURU
ARCX,GUSA,GOLDMAN SACHS ETF TRUST II MARKETBETA US 1000 EQUITY ETF,GUSA,https://www.nyse.com/quote/ARCX:GUSA
XNMS,GUSE,GOLDMAN SACHS ENHANCED U.S. EQUITY ETF,GUSE,https://www.nyse.com/quote/XNMS:GUSE
ARCX,GUSH,DIREXION DAILY S&P OIL & GAS EXP. & PROD. BULL 2X ETF,GUSH,https://www.nyse.com/quote/ARCX:GUSH
BATS,GVAL,CAMBRIA ETF TRUST GLOBAL VALUE ETF,GVAL,https://www.nyse.com/quote/BATS:GVAL
BATS,GVI,ISHARES TRUST INTERMEDIATE GOVERNMENT/CREDIT BOND ETF,GVI,https://www.nyse.com/quote/BATS:GVI
XNYS,GVIP,GLDMN SACHS ETF TR,GVIP,https://www.nyse.com/quote/XNYS:GVIP
ARCX,GVIP,GOLDMAN SACHS ETF TRUST HEDGE IND VIP ETF,GVIP,https://www.nyse.com/quote/ARCX:GVIP
XNMS,GVLE,GOLDMAN SACHS VALUE OPPORTUNITIES ETF,GVLE,https://www.nyse.com/quote/XNMS:GVLE
ARCX,GVLU,TIDAL ETF TRUST GOTHAM 1000 VALUE ETF,GVLU,https://www.nyse.com/quote/ARCX:GVLU
ARCX,GVUS,GOLDMAN SACHS ETF TRUST MARKETBETA RUSSELL 1000 VALUE EQUITY ETF,GVUS,https://www.nyse.com/quote/ARCX:GVUS
ARCX,GWX,STATE STREET SPDR S&P INTERNATIONAL SMALL CAP ETF,GWX,https://www.nyse.com/quote/ARCX:GWX
ARCX,GXC,STATE STREET SPDR S&P CHINA ETF,GXC,https://www.nyse.com/quote/ARCX:GXC
XNMS,GXDW,GLOBAL X FUNDS GLOBAL X DORSEY WRIGHT THEMATIC ETF,GXDW,https://www.nyse.com/quote/XNMS:GXDW
ARCX,GXIG,GLOBAL X INVESTMENT GRADE CORPORATE BOND ETF,GXIG,https://www.nyse.com/quote/ARCX:GXIG
ARCX,GXLC,GLOBAL X U.S. 500 ETF,GXLC,https://www.nyse.com/quote/ARCX:GXLC
ARCX,GXPC,GLOBAL X PURECAP MSCI COMMUNICATION SERVICES ETF,GXPC,https://www.nyse.com/quote/ARCX:GXPC
ARCX,GXPD,GLOBAL X PURECAP MSCI CONSUMER DISCRETIONARY ETF,GXPD,https://www.nyse.com/quote/ARCX:GXPD
ARCX,GXPE,GLOBAL X PURECAP MSCI ENERGY ETF,GXPE,https://www.nyse.com/quote/ARCX:GXPE
ARCX,GXPS,GLOBAL X PURECAP MSCI CONSUMER STAPLES ETF,GXPS,https://www.nyse.com/quote/ARCX:GXPS
ARCX,GXPT,GLOBAL X PURECAP MSCI INFORMATION TECHNOLOGY ETF,GXPT,https://www.nyse.com/quote/ARCX:GXPT
ARCX,GXRP,GRAYSCALE XRP TRUST ETF,GXRP,https://www.nyse.com/quote/ARCX:GXRP
ARCX,GXUS,GOLDMAN SACHS ETF TRUST II MARKETBETA TOTAL INTERNATIONAL EQUITY,GXUS,https://www.nyse.com/quote/ARCX:GXUS
XNYS,GYLD,ARROW ETF TR ARROW DOW JONES GLOBAL YIELD ETF,GYLD,https://www.nyse.com/quote/XNYS:GYLD
ARCX,HACK,AMPLIFY ETF TRUST CYBERSECURITY ETF,HACK,https://www.nyse.com/quote/ARCX:HACK
ARCX,HAIL,STATE STREET SPDR S&P KENSHO SMART MOBILITY ETF,HAIL,https://www.nyse.com/quote/ARCX:HAIL
ARCX,HAKY,AMPLIFY HACK CYBERSECURITY COVERED CALL ETF,HAKY,https://www.nyse.com/quote/ARCX:HAKY
BATS,HALX,TUTTLE CAPITAL HEAVY ASSETS LOW OBSOLESCENCE ETF,HALX,https://www.nyse.com/quote/BATS:HALX
ARCX,HAP,VANECK ETF TR VANECK NATURAL RESOURCES ETF,HAP,https://www.nyse.com/quote/ARCX:HAP
ARCX,HAPI,HARBOR ETF TRUST HUMAN CAPITAL FACTOR US LARGE CAP ETF,HAPI,https://www.nyse.com/quote/ARCX:HAPI
ARCX,HAPS,HARBOR ETF TRUST HUMAN CAPITAL FACTOR US SMALL CAP ETF,HAPS,https://www.nyse.com/quote/ARCX:HAPS
ARCX,HARD,SIMPLIFY EXCHANGE TRADED FUNDS COMMODITIES STRATEGY NO K-1 ETF,HARD,https://www.nyse.com/quote/ARCX:HARD
BATS,HAUS,TIDAL ETF TRUST RESIDENTIAL REIT ETF,HAUS,https://www.nyse.com/quote/BATS:HAUS
ARCX,HAUZ,DBX ETF TRUST XTRACKERS INTERNATIONAL REAL ESTATE ETF,HAUZ,https://www.nyse.com/quote/ARCX:HAUZ
ARCX,HAWX,ISHARES TRUST CURRENCY HEDGED MSCI ACWI E,HAWX,https://www.nyse.com/quote/ARCX:HAWX
XNMS,HBDC,HILTON BDC CORPORATE BOND ETF,HBDC,https://www.nyse.com/quote/XNMS:HBDC
BATS,HBMX,TUTTLE CAPITAL CONCENTRATED MEMORY STACK ETF,HBMX,https://www.nyse.com/quote/BATS:HBMX
XNMS,HBR,CANARY HBAR ETF,HBR,https://www.nyse.com/quote/XNMS:HBR
ARCX,HBRD,INVESCO U.S. HYBRID BOND ETF,HBRD,https://www.nyse.com/quote/ARCX:HBRD
ARCX,HBTA,HORIZON EXPEDITION PLUS ETF,HBTA,https://www.nyse.com/quote/ARCX:HBTA
BATS,HBTC,FORTUNA HEDGED BITCOIN ETF,HBTC,https://www.nyse.com/quote/BATS:HBTC
ARCX,HCMT,DIREXION SHARES ETF TRUST DIREXION HCM TACTICAL ENHANCED US ETF,HCMT,https://www.nyse.com/quote/ARCX:HCMT
XNMS,HCOW,AMPLIFY ETF TRUST AMPLIFY COWS COVERED CALL ETF,HCOW,https://www.nyse.com/quote/XNMS:HCOW
BATS,HCRB,HARTFORD FUNDS EXCHANGE TRADED TR HARTFORD CORE BOND ETF,HCRB,https://www.nyse.com/quote/BATS:HCRB
ARCX,HDEF,DBX ETF TRUST XTRACKERS MSCI EAFE HIGH DIV YLD RQ ETF,HDEF,https://www.nyse.com/quote/ARCX:HDEF
ARCX,HDG,PROSHARES TRUST HEDGE REPLICATION ETF,HDG,https://www.nyse.com/quote/ARCX:HDG
ARCX,HDGE,ADVISORSHARES TRUST RANGER EQUITY BEAR ETF NEW(POST REV SPLT,HDGE,https://www.nyse.com/quote/ARCX:HDGE
ARCX,HDMV,FIRST TR EXCHANGE-TRADED FD III HORIZON MANAGED VOLATILITY DEV INTL,HDMV,https://www.nyse.com/quote/ARCX:HDMV
ARCX,HDUS,LATTICE STRATEGIES TR HARTFORD DISCIPLINED US EQUITY ETF,HDUS,https://www.nyse.com/quote/ARCX:HDUS
ARCX,HDV,ISHARES TRUST ISHARES CORE HIGH DIVIDEND,HDV,https://www.nyse.com/quote/ARCX:HDV
XNMS,HEAL,GLOBAL X FUNDS GLOBAL X HEALTHTECH ETF,HEAL,https://www.nyse.com/quote/XNMS:HEAL
ARCX,HECA,HEDGEYE CAPITAL ALLOCATION ETF,HECA,https://www.nyse.com/quote/ARCX:HECA
XNMS,HECO,STATE STREET GALAXY HEDGED DIGITAL ASSET ECOSYSTEM ETF,HECO,https://www.nyse.com/quote/XNMS:HECO
ARCX,HEDG,EQUABLE SHARES HEDGED EQUITY ETF,HEDG,https://www.nyse.com/quote/ARCX:HEDG
ARCX,HEDJ,WISDOMTREE TRUST EUROPE HEDGED EQUITY FD,HEDJ,https://www.nyse.com/quote/ARCX:HEDJ
BATS,HEEM,ISHARES INC CURRENCY HEDGED MSCI EMERGING MKTS,HEEM,https://www.nyse.com/quote/BATS:HEEM
BATS,HEFA,ISHARES TRUST CURRENCY HEDGED MSCI EAFE ETF,HEFA,https://www.nyse.com/quote/BATS:HEFA
ARCX,HEFT,HEDGEYE FOURTH TURNING ETF,HEFT,https://www.nyse.com/quote/ARCX:HEFT
BATS,HEGD,LISTED FUND TRUST SWAN HEDGED EQUITY US LARGE CAP ETF,HEGD,https://www.nyse.com/quote/BATS:HEGD
ARCX,HELO,JP MORGAN ETF TRUST HEDGED EQUITY LADDERED OVERLAY ETF,HELO,https://www.nyse.com/quote/ARCX:HELO
ARCX,HELS,HEDGEYE 130/30 EQUITY ETF,HELS,https://www.nyse.com/quote/ARCX:HELS
BATS,HELX,FRANKLIN TEMPLETON ETF TR GENOMIC ADVANCEMENTS ETF,HELX,https://www.nyse.com/quote/BATS:HELX
BATS,HEMI,HARTFORD EQUITY PREMIUM INCOME ETF,HEMI,https://www.nyse.com/quote/BATS:HEMI
XNMS,HEQQ,JPMORGAN NASDAQ HEDGED EQUITY LADDERED OVERLAY ETF,HEQQ,https://www.nyse.com/quote/XNMS:HEQQ
ARCX,HEQT,SIMPLIFY EXCHANGE TRADED FUNDS SIMPLIFY HEDGED EQUITY ETF,HEQT,https://www.nyse.com/quote/ARCX:HEQT
XNMS,HERD,PACER FDS TR CASH COWS FD FDS ETF,HERD,https://www.nyse.com/quote/XNMS:HERD
XNMS,HERO,GLOBAL X FDS VIDEO GAMES AND ESPORTS ETF,HERO,https://www.nyse.com/quote/XNMS:HERO
ARCX,HEWJ,ISHARES TRUST ISHARES CURRENCY HEDGED MSCI JAPAN ETF,HEWJ,https://www.nyse.com/quote/ARCX:HEWJ
ARCX,HEZU,ISHARES TRUST CURRENCY HEDGED MSCI EUROZONE ETF,HEZU,https://www.nyse.com/quote/ARCX:HEZU
XNYS,HF,DGA CORE PLUS ABSOLUTE RETURN ETF,HF,https://www.nyse.com/quote/XNYS:HF
XNYS,HFEQ,UNLIMITED HFEQ EQUITY LONG/SHORT ETF,HFEQ,https://www.nyse.com/quote/XNYS:HFEQ
XNYS,HFGM,UNLIMITED HFGM GLOBAL MACRO ETF,HFGM,https://www.nyse.com/quote/XNYS:HFGM
BATS,HFGO,HARTFORD FUNDS EXCHANGE TRADED TR LARGE CAP GROWTH ETF,HFGO,https://www.nyse.com/quote/BATS:HFGO
XNYS,HFMF,UNLIMITED HFMF MANAGED FUTURES ETF,HFMF,https://www.nyse.com/quote/XNYS:HFMF
XNYS,HFND,UNLIMITED HFND MULTI-STRATEGY RETURN TRACKER ETF,HFND,https://www.nyse.com/quote/XNYS:HFND
BATS,HFSI,HARTFORD STRATEGIC INCOME ETF,HFSI,https://www.nyse.com/quote/BATS:HFSI
XNMS,HFSP,TRADERSAI LARGE CAP EQUITY & CASH ETF,HFSP,https://www.nyse.com/quote/XNMS:HFSP
ARCX,HFXI,NYLI FTSE INTERNATIONAL EQUITY CURRENCY NEUTRAL ETF,HFXI,https://www.nyse.com/quote/ARCX:HFXI
XNYS,HGER,HARBOR ETF TRUST HARBOR COMODITY ALL WEATHR STRATGY ETF,HGER,https://www.nyse.com/quote/XNYS:HGER
ARCX,HGRO,HEDGEYE QUALITY GROWTH ETF,HGRO,https://www.nyse.com/quote/ARCX:HGRO
ARCX,HIBL,DIREXION DAILY S&P 500 HIGH BETA BULL 3X ETF,HIBL,https://www.nyse.com/quote/ARCX:HIBL
ARCX,HIBS,DIREXION DAILY S&P 500 HIGH BETA BEAR 3X ETF,HIBS,https://www.nyse.com/quote/ARCX:HIBS
XNMS,HIDE,EA SERIES TRUST ALPHA ARCHITECT HIGH INFLATION AND DEFLA,HIDE,https://www.nyse.com/quote/XNMS:HIDE
ARCX,HIDV,AB ACTIVE ETFS INC US HIGH DIVIDEND ETF USD,HIDV,https://www.nyse.com/quote/ARCX:HIDV
ARCX,HIGH,SIMPLIFY EXCHANGE TRADED FUNDS ENHANCED INCOME ETF USD,HIGH,https://www.nyse.com/quote/ARCX:HIGH
BATS,HIMU,ISHARES HIGH YIELD MUNI ACTIVE ETF,HIMU,https://www.nyse.com/quote/BATS:HIMU
XNMS,HIMZ,DEFIANCE DAILY TARGET 2X LONG HIMS ETF,HIMZ,https://www.nyse.com/quote/XNMS:HIMZ
ARCX,HIPS,GRANITESHARES ETF TRUST HIPS US HIGH INCOME ETF,HIPS,https://www.nyse.com/quote/ARCX:HIPS
XNMS,HIS,HUMILIS US FOCUSED OPPORTUNITIES ETF,HIS,https://www.nyse.com/quote/XNMS:HIS
XNMS,HISF,FIRST TR EXCHANGE TRADED FD IV FIRST TRUST HIGH INCOME STRATEGIC FOCUS,HISF,https://www.nyse.com/quote/XNMS:HISF
ARCX,HIYY,YIELDMAX HIMS OPTION INCOME STRATEGY ETF,HIYY,https://www.nyse.com/quote/ARCX:HIYY
BATS,HJLY,CORGI U.S. EQUITIES 100% STRUCTURED BUFFER ETF - JULY SERIES,HJLY,https://www.nyse.com/quote/BATS:HJLY
BATS,HJUN,CORGI U.S. EQUITIES 100% STRUCTURED BUFFER ETF,HJUN,https://www.nyse.com/quote/BATS:HJUN
XNMS,HLAL,LISTED FUND TRUST WAHED FTSE USA SHARIAH ETF,HLAL,https://www.nyse.com/quote/XNMS:HLAL
BATS,HMAY,CORGI U.S. EQUITIES 100% STRUCTURED BUFFER ETF - MAY SERIES,HMAY,https://www.nyse.com/quote/BATS:HMAY
ARCX,HMOP,HARTFORD FUNDS EXCHANGE TRADED TR MUNICIPAL OPPORTUNITIES ETF,HMOP,https://www.nyse.com/quote/ARCX:HMOP
XNMS,HMYY,GRANITESHARES YIELDBOOST HIMS ETF,HMYY,https://www.nyse.com/quote/XNMS:HMYY
XNMS,HNDL,STRATEGY SHARES NASDAQ 7HANDL INDEX ETF,HNDL,https://www.nyse.com/quote/XNMS:HNDL
BATS,HODL,VANECK BITCOIN ETF,HODL,https://www.nyse.com/quote/BATS:HODL
XNMS,HODU,DIREXION DAILY HOOD BULL 2X ETF,HODU,https://www.nyse.com/quote/XNMS:HODU
ARCX,HOLA,JPMORGAN INTERNATIONAL HEDGED EQUITY LADDERED OVERLAY ETF,HOLA,https://www.nyse.com/quote/ARCX:HOLA
ARCX,HOLD,HARBOR ALPHA LAYERING ETF,HOLD,https://www.nyse.com/quote/ARCX:HOLD
ARCX,HOMZ,ETF SERIES SOLUTIONS HOYA CAPITAL HOUSING ETF,HOMZ,https://www.nyse.com/quote/ARCX:HOMZ
BATS,HONG,LEVERAGE SHARES 2X LONG HON DAILY ETF,HONG,https://www.nyse.com/quote/BATS:HONG
BATS,HOOC,CORGI HOOD 2X DAILY ETF,HOOC,https://www.nyse.com/quote/BATS:HOOC
XNMS,HOOG,LEVERAGE SHARES 2X LONG HOOD DAILY ETF,HOOG,https://www.nyse.com/quote/XNMS:HOOG
BATS,HOOW,ROUNDHILL HOOD WEEKLYPAY ETF,HOOW,https://www.nyse.com/quote/BATS:HOOW
XNMS,HOOX,DEFIANCE DAILY TARGET 2X LONG HOOD ETF,HOOX,https://www.nyse.com/quote/XNMS:HOOX
ARCX,HOOY,YIELDMAX HOOD OPTION INCOME STRATEGY ETF,HOOY,https://www.nyse.com/quote/ARCX:HOOY
ARCX,HOOZ,DEFIANCE DAILY TARGET 2X SHORT HOOD ETF,HOOZ,https://www.nyse.com/quote/ARCX:HOOZ
XNMS,HOYY,GRANITESHARES YIELDBOOST HOOD ETF,HOYY,https://www.nyse.com/quote/XNMS:HOYY
BATS,HPEL,LEVERAGE SHARES 2X LONG HPE DAILY ETF,HPEL,https://www.nyse.com/quote/BATS:HPEL
XNMS,HQGO,LATTICE STRATEGIES TR HARTFORD US QUALITY GROWTH ETF,HQGO,https://www.nyse.com/quote/XNMS:HQGO
ARCX,HRSK,TOEWS AGILITY SHARES HEDGED RISK ETF,HRSK,https://www.nyse.com/quote/ARCX:HRSK
XNMS,HRTS,TEMA ETF TRUST TEMA HEART & HEALTH ETF,HRTS,https://www.nyse.com/quote/XNMS:HRTS
ARCX,HSBH,HSBC HOLDINGS PLC ADRHEDGED,HSBH,https://www.nyse.com/quote/ARCX:HSBH
ARCX,HSCZ,ISHARES TRUST CURRENCY HEDGED MSCI EAFE S,HSCZ,https://www.nyse.com/quote/ARCX:HSCZ
ARCX,HSMV,FIRST TR EXCHANGE-TRADED FD III HORIZON MANAGED VOLATILITY SM OR MID ETF,HSMV,https://www.nyse.com/quote/ARCX:HSMV
ARCX,HTAB,HARTFORD FUNDS EXCHANGE TRADED TR SCHRODERS TAX AWARE BOND ETF USD,HTAB,https://www.nyse.com/quote/ARCX:HTAB
ARCX,HTAX,NOMURA NATIONAL HIGH-YIELD MUNICIPAL BOND ETF,HTAX,https://www.nyse.com/quote/ARCX:HTAX
ARCX,HTEC,EXCHANGE TRADED CONCEPTS TRUST ROBO GLBL HEALTHCARE TECH & INNOVTIN ETF,HTEC,https://www.nyse.com/quote/ARCX:HTEC
ARCX,HTRB,HARTFORD FUNDS EXCHANGE TRADED TR TOTAL RETURN BOND ETF,HTRB,https://www.nyse.com/quote/ARCX:HTRB
BATS,HTUS,HULL TACTICAL US ETF,HTUS,https://www.nyse.com/quote/BATS:HTUS
BATS,HULL,CORGI SHIPPING & GLOBAL LOGISTICS ETF,HULL,https://www.nyse.com/quote/BATS:HULL
BATS,HUMN,ROUNDHILL HUMANOID ROBOTICS ETF,HUMN,https://www.nyse.com/quote/BATS:HUMN
XNYS,HUSV,FIRST TR EXCHANGE3,HUSV,https://www.nyse.com/quote/XNYS:HUSV
ARCX,HUSV,FIRST TR EXCHANGE-TRADED FD III HORIZON MANAGED VOLATILITY DOMESTIC,HUSV,https://www.nyse.com/quote/ARCX:HUSV
XNMS,HUTG,LEVERAGE SHARES 2X LONG HUT DAILY ETF,HUTG,https://www.nyse.com/quote/XNMS:HUTG
ARCX,HVAC,ADVISORSHARES HVAC AND INDUSTRIALS ETF,HVAC,https://www.nyse.com/quote/ARCX:HVAC
XNMS,HWAY,THEMES US INFRASTRUCTURE ETF,HWAY,https://www.nyse.com/quote/XNMS:HWAY
XNMS,HWSM,HOTCHKIS & WILEY SMID CAP DIVERSIFIED VALUE FUND,HWSM,https://www.nyse.com/quote/XNMS:HWSM
ARCX,HYBB,ISHARES TRUST BB RTD CORP BD ETF,HYBB,https://www.nyse.com/quote/ARCX:HYBB
XNMS,HYBI,NEOS ENHANCED INCOME CREDIT SELECT ETF,HYBI,https://www.nyse.com/quote/XNMS:HYBI
BATS,HYBL,STATE STREET BLACKSTONE HIGH INCOME ETF,HYBL,https://www.nyse.com/quote/BATS:HYBL
XNYS,HYBX,TCW HIGH YIELD BOND ETF,HYBX,https://www.nyse.com/quote/XNYS:HYBX
BATS,HYD,VANECK ETF TR VANECK HIGH YIELD MUNI ETF,HYD,https://www.nyse.com/quote/BATS:HYD
BATS,HYDB,ISHARES TRUST HIGH YIELD SYSTEMATIC BOND ETF,HYDB,https://www.nyse.com/quote/BATS:HYDB
XNMS,HYDR,GLOBAL X FDS GLOBAL X HYDROGEN ETF,HYDR,https://www.nyse.com/quote/XNMS:HYDR
ARCX,HYDW,DBX ETF TRUST XTRACKERS LOW BETA HIGH YIELD BOND ETF,HYDW,https://www.nyse.com/quote/ARCX:HYDW
ARCX,HYEM,VANECK ETF TR VANECK EMERGING MARKETS HIGH YIELD BOND,HYEM,https://www.nyse.com/quote/ARCX:HYEM
ARCX,HYFI,AB ACTIVE ETFS INC HIGH YIELD ETF,HYFI,https://www.nyse.com/quote/ARCX:HYFI
ARCX,HYG,ISHARES TRUST IBOXX USD HIGH YIELD CORPORATE BOND ETF,HYG,https://www.nyse.com/quote/ARCX:HYG
ARCX,HYGH,ISHARES US ETF TRUST INT RATE HDGD HIGH YIELD BD,HYGH,https://www.nyse.com/quote/ARCX:HYGH
BATS,HYGM,AMPLIFY HYG HIGH YIELD 10% TARGET INCOME ETF,HYGM,https://www.nyse.com/quote/BATS:HYGM
ARCX,HYGV,FLEXSHARES TRUST HIGH YIELD VALUE SCORED BOND INDEX FUND,HYGV,https://www.nyse.com/quote/ARCX:HYGV
BATS,HYGW,ISHARES TRUST HIGH YIELD CORPORATE BOND BUYWRITE STRAT,HYGW,https://www.nyse.com/quote/BATS:HYGW
BATS,HYHG,PROSHARES TRUST HIGH YIELD-INTEREST RATE HEDGED ETF,HYHG,https://www.nyse.com/quote/BATS:HYHG
BATS,HYIN,WISDOMTREE PRIVATE CREDIT AND ALTERNATIVE INCOME FUND,HYIN,https://www.nyse.com/quote/BATS:HYIN
ARCX,HYLB,DBX ETF TRUST XTRACKERS USD HIGH YLD CORP BOND ETF,HYLB,https://www.nyse.com/quote/ARCX:HYLB
XNYS,HYLB,DBX ETF TRUST,HYLB,https://www.nyse.com/quote/XNYS:HYLB
XNMS,HYLS,FIRST TR EXCHANGE TRADED FD IV FIRST TR HIGH YIELD LONG/SHORT ETF,HYLS,https://www.nyse.com/quote/XNMS:HYLS
ARCX,HYMB,STATE STREET SPDR NUVEEN ICE HIGH YIELD MUNICIPAL BOND ETF,HYMB,https://www.nyse.com/quote/ARCX:HYMB
ARCX,HYNX,T REX 2X LONG SK HYNIX DAILY TARGET ETF,HYNX,https://www.nyse.com/quote/ARCX:HYNX
XNMS,HYP,GOLDEN EAGLE DYNAMIC HYPERGROWTH ETF,HYP,https://www.nyse.com/quote/XNMS:HYP
XNMS,HYPG,GRAYSCALE HYPERLIQUID STAKING ETF,HYPG,https://www.nyse.com/quote/XNMS:HYPG
ARCX,HYS,PIMCO ETF TRUST 0-5 YR HIGH YLD CORP BD IDX ETF,HYS,https://www.nyse.com/quote/ARCX:HYS
ARCX,HYSA,BONDBLOXX ETF TRUST USD HIGH YIELD BOND SECTOR ROTATION ETF,HYSA,https://www.nyse.com/quote/ARCX:HYSA
ARCX,HYSD,COLUMBIA SHORT DURATION HIGH YIELD ETF,HYSD,https://www.nyse.com/quote/ARCX:HYSD
ARCX,HYTI,FT VEST HIGH YIELD & TARGET INCOME ETF,HYTI,https://www.nyse.com/quote/ARCX:HYTI
XNYS,HYTR,COUNTERPOINT HIGH YIELD TREND ETF,HYTR,https://www.nyse.com/quote/XNYS:HYTR
ARCX,HYUP,DBX ETF TRUST XTRACKERS HIGH BETA HIGH YIELD BOND ETF,HYUP,https://www.nyse.com/quote/ARCX:HYUP
XNMS,HYXF,ISHARES TRUST ESG ADVANCED HIGH YIELD CORPORATE BD ETF,HYXF,https://www.nyse.com/quote/XNMS:HYXF
XNMS,HYZD,WISDOMTREE TRUST HEDGED HIGH YIELD BOND USD,HYZD,https://www.nyse.com/quote/XNMS:HYZD
BATS,IAGG,ISHARES TRUST CORE INTERNATIONAL AGGREGATE BOND FUND,IAGG,https://www.nyse.com/quote/BATS:IAGG
ARCX,IAI,ISHARES TRUST US BRKR-DEALERS & SEC EXCH,IAI,https://www.nyse.com/quote/ARCX:IAI
ARCX,IAK,ISHARES TRUST U.S. INSURANCE ETF,IAK,https://www.nyse.com/quote/ARCX:IAK
XNMS,IALT,BLACKROCK ETF TRUST ISHARES SYSTEMATIC ALTERNATIVES ACTIVE,IALT,https://www.nyse.com/quote/XNMS:IALT
ARCX,IAPR,INNOVATOR ETFS TRUST INTERNATIONAL DEVELOPED POWER BUFFER ETF,IAPR,https://www.nyse.com/quote/ARCX:IAPR
ARCX,IAT,ISHARES TRUST U.S. REGIONAL BANKS ETF,IAT,https://www.nyse.com/quote/ARCX:IAT
ARCX,IAU,ISHARES GOLD TRUST ISHARES NEW (POST REV SPLIT),IAU,https://www.nyse.com/quote/ARCX:IAU
ARCX,IAUG,INNOVATOR INTERNATIONAL DEVELOPED POWER BUFFER ETF - AUGUST,IAUG,https://www.nyse.com/quote/ARCX:IAUG
BATS,IAUI,NEOS GOLD HIGH INCOME ETF,IAUI,https://www.nyse.com/quote/BATS:IAUI
ARCX,IAUM,ISHARES GOLD TRUST UNDIVIDED BENEFICIAL INTS USD,IAUM,https://www.nyse.com/quote/ARCX:IAUM
XNMS,IBAT,ISHARES TRUST ENERGY STORAGE & MATERIALS ETF,IBAT,https://www.nyse.com/quote/XNMS:IBAT
XNMS,IBB,ISHARES TRUST ISHARES BIOTECHNOLOGY ETF,IBB,https://www.nyse.com/quote/XNMS:IBB
XNMS,IBBQ,INVESCO EXCHANGE TRADED FD TR II INVESCO NASDAQ BIOTECHNOLOGY ETF,IBBQ,https://www.nyse.com/quote/XNMS:IBBQ
ARCX,IBCA,ISHARES IBONDS DEC 2035 TERM CORPORATE ETF,IBCA,https://www.nyse.com/quote/ARCX:IBCA
ARCX,IBCB,ISHARES IBONDS DEC 2036 TERM CORPORATE ETF,IBCB,https://www.nyse.com/quote/ARCX:IBCB
ARCX,IBD,NORTHERN LIGHTS FUND TRUST IV INSPIRE CORPORATE BOND ETF,IBD,https://www.nyse.com/quote/ARCX:IBD
ARCX,IBDR,ISHARES TRUST IBONDS DEC 2026 TERM CORPORATE ETF,IBDR,https://www.nyse.com/quote/ARCX:IBDR
XNYS,IBDR,ISHARES TRUST,IBDR,https://www.nyse.com/quote/XNYS:IBDR
ARCX,IBDS,ISHARES TRUST IBONDS DEC 2027 TERM CORPORATE ETF,IBDS,https://www.nyse.com/quote/ARCX:IBDS
ARCX,IBDT,ISHARES TRUST IBONDS DEC 2028 TERM CORPORATE ETF,IBDT,https://www.nyse.com/quote/ARCX:IBDT
ARCX,IBDU,ISHARES TRUST IBONDS DEC 2029 TERM CORPORATE ETF USD,IBDU,https://www.nyse.com/quote/ARCX:IBDU
ARCX,IBDV,ISHARES TRUST IBONDS DEC 2030 TERM CORPORATE ETF,IBDV,https://www.nyse.com/quote/ARCX:IBDV
ARCX,IBDW,ISHARES TRUST IBONDS DEC 2031 TERM CORPORATE ETF,IBDW,https://www.nyse.com/quote/ARCX:IBDW
ARCX,IBDX,ISHARES TRUST IBONDS DEC 2032 TERM CORPORATE ETF,IBDX,https://www.nyse.com/quote/ARCX:IBDX
ARCX,IBDY,ISHARES TRUST IBONDS DEC 2033 TERM CORPORATE ETF USD,IBDY,https://www.nyse.com/quote/ARCX:IBDY
ARCX,IBDZ,ISHARES IBONDS DEC 2034 TERM CORPORATE ETF,IBDZ,https://www.nyse.com/quote/ARCX:IBDZ
ARCX,IBFR,INNOVATOR INTERNATIONAL DEVELOPED MANAGED 10 BUFFER ETF,IBFR,https://www.nyse.com/quote/ARCX:IBFR
XNMS,IBGA,ISHARES IBONDS DEC 2044 TERM TREASURY ETF,IBGA,https://www.nyse.com/quote/XNMS:IBGA
XNMS,IBGB,ISHARES IBONDS DEC 2045 TERM TREASURY ETF,IBGB,https://www.nyse.com/quote/XNMS:IBGB
XNMS,IBGC,ISHARES IBONDS DEC 2046 TERM TREASURY ETF,IBGC,https://www.nyse.com/quote/XNMS:IBGC
XNMS,IBGK,ISHARES IBONDS DEC 2054 TERM TREASURY ETF,IBGK,https://www.nyse.com/quote/XNMS:IBGK
XNMS,IBGL,ISHARES IBONDS DEC 2055 TERM TREASURY ETF,IBGL,https://www.nyse.com/quote/XNMS:IBGL
XNMS,IBGM,ISHARES IBONDS DEC 2056 TERM TREASURY ETF,IBGM,https://www.nyse.com/quote/XNMS:IBGM
BATS,IBHF,ISHARES TRUST IBONDS 2026 TERM HGH YLD & INC ETF,IBHF,https://www.nyse.com/quote/BATS:IBHF
BATS,IBHG,ISHARES TRUST IBONDS 2027 TERM HIGH YIELD & INCOME ETF,IBHG,https://www.nyse.com/quote/BATS:IBHG
BATS,IBHH,ISHARES TRUST IBONDS 2028 TERM HIGH YIELD AND INCOME E,IBHH,https://www.nyse.com/quote/BATS:IBHH
BATS,IBHI,ISHARES TRUST IBONDS 2029 TERM HIGH YIELD AND INCOME E,IBHI,https://www.nyse.com/quote/BATS:IBHI
BATS,IBHJ,ISHARES TRUST IBONDS 2030 TERM HIGH YIELD AND INCOME E,IBHJ,https://www.nyse.com/quote/BATS:IBHJ
BATS,IBHK,ISHARES IBONDS 2031 TERM HIGH YIELD AND INCOME ETF,IBHK,https://www.nyse.com/quote/BATS:IBHK
BATS,IBHL,ISHARES IBONDS 2032 TERM HIGH YIELD AND INCOME ETF,IBHL,https://www.nyse.com/quote/BATS:IBHL
BATS,IBHM,ISHARES IBONDS 2033 TERM HIGH YIELD AND INCOME ETF,IBHM,https://www.nyse.com/quote/BATS:IBHM
ARCX,IBIC,ISHARES TRUST IBONDS OCT 2026 TERM TIPS ETF,IBIC,https://www.nyse.com/quote/ARCX:IBIC
ARCX,IBID,ISHARES TRUST IBONDS OCT 2027 TERM TIPS ETF,IBID,https://www.nyse.com/quote/ARCX:IBID
ARCX,IBIE,ISHARES TRUST IBONDS OCT 2028 TERM TIPS ETF USD,IBIE,https://www.nyse.com/quote/ARCX:IBIE
ARCX,IBIF,ISHARES TRUST IBONDS OCT 2029 TERM TIPS ETF USD,IBIF,https://www.nyse.com/quote/ARCX:IBIF
ARCX,IBIG,ISHARES TRUST IBONDS OCT 2030 TERM TIPS ETF USD,IBIG,https://www.nyse.com/quote/ARCX:IBIG
ARCX,IBIH,ISHARES TRUST IBONDS OCT 2031 TERM TIPS ETF USD,IBIH,https://www.nyse.com/quote/ARCX:IBIH
ARCX,IBII,ISHARES TRUST IBONDS OCT 2032 TERM TIPS ETF USD,IBII,https://www.nyse.com/quote/ARCX:IBII
ARCX,IBIJ,ISHARES TRUST IBONDS OCT 2033 TERM TIPS ETF USD,IBIJ,https://www.nyse.com/quote/ARCX:IBIJ
ARCX,IBIK,ISHARES IBONDS OCT 2034 TERM TIPS ETF,IBIK,https://www.nyse.com/quote/ARCX:IBIK
ARCX,IBIL,ISHARES IBONDS OCT 2035 TERM TIPS ETF,IBIL,https://www.nyse.com/quote/ARCX:IBIL
ARCX,IBIM,ISHARES IBONDS OCT 2036 TERM TIPS ETF,IBIM,https://www.nyse.com/quote/ARCX:IBIM
XNMS,IBIT,ISHARES BITCOIN TRUST ETF,IBIT,https://www.nyse.com/quote/XNMS:IBIT
ARCX,IBLC,ISHARES TRUST BLOCKCHAIN AND TECH ETF,IBLC,https://www.nyse.com/quote/ARCX:IBLC
BATS,IBMO,ISHARES TRUST IBONDS DEC 2026 TERM MUNI BOND ETF,IBMO,https://www.nyse.com/quote/BATS:IBMO
BATS,IBMP,ISHARES TRUST IBONDS DEC 2027 TERM MUNI BOND ETF,IBMP,https://www.nyse.com/quote/BATS:IBMP
BATS,IBMQ,ISHARES TRUST IBONDS DEC 2028 TERM MUNI BOND ETF,IBMQ,https://www.nyse.com/quote/BATS:IBMQ
BATS,IBMR,ISHARES TRUST IBONDS DEC 2029 TERM MUNI BOND ETF USD,IBMR,https://www.nyse.com/quote/BATS:IBMR
BATS,IBMS,ISHARES IBONDS DEC 2030 TERM MUNI BOND ETF,IBMS,https://www.nyse.com/quote/BATS:IBMS
BATS,IBMT,ISHARES IBONDS DEC 2031 TERM MUNI BOND ETF,IBMT,https://www.nyse.com/quote/BATS:IBMT
BATS,IBMU,ISHARES IBONDS DEC 2032 TERM MUNI BOND ETF,IBMU,https://www.nyse.com/quote/BATS:IBMU
BATS,IBMV,ISHARES IBONDS DEC 2033 TERM MUNI BOND ETF,IBMV,https://www.nyse.com/quote/BATS:IBMV
BATS,IBMW,ISHARES IBONDS DEC 2034 TERM MUNI BOND ETF,IBMW,https://www.nyse.com/quote/BATS:IBMW
BATS,IBMX,ISHARES IBONDS DEC 2035 TERM MUNI BOND ETF,IBMX,https://www.nyse.com/quote/BATS:IBMX
ARCX,IBND,STATE STREET SPDR BLOOMBERG INTERNATIONAL CORPORATE BOND ETF,IBND,https://www.nyse.com/quote/ARCX:IBND
XNMS,IBOT,VANECK ETF TR VANECK ROBOTICS ETF,IBOT,https://www.nyse.com/quote/XNMS:IBOT
ARCX,IBRN,ISHARES TRUST NEUROSCIENCE AND HEALTHCARE ETF,IBRN,https://www.nyse.com/quote/ARCX:IBRN
XNMS,IBTG,ISHARES TRUST IBONDS DEC 2026 TERM TREASURY ETF,IBTG,https://www.nyse.com/quote/XNMS:IBTG
XNMS,IBTH,ISHARES TRUST IBONDS DEC 2027 TERM TREASURY ETF,IBTH,https://www.nyse.com/quote/XNMS:IBTH
XNMS,IBTI,ISHARES TRUST IBONDS DEC 2028 TERM TREASURY ETF,IBTI,https://www.nyse.com/quote/XNMS:IBTI
XNMS,IBTJ,ISHARES TRUST IBONDS DEC 2029 TERM TREASURY ETF,IBTJ,https://www.nyse.com/quote/XNMS:IBTJ
XNMS,IBTK,ISHARES TRUST IBONDS DEC 2030 TERM TREAS ETF,IBTK,https://www.nyse.com/quote/XNMS:IBTK
XNMS,IBTL,ISHARES TRUST IBONDS DEC 2031 TERM TREASURY ETF,IBTL,https://www.nyse.com/quote/XNMS:IBTL
XNMS,IBTM,ISHARES TRUST IBONDS DEC 2032 TERM TREAS ETF,IBTM,https://www.nyse.com/quote/XNMS:IBTM
XNMS,IBTO,ISHARES TRUST IBONDS DEC 2033 TERM TREASURY ETF,IBTO,https://www.nyse.com/quote/XNMS:IBTO
XNMS,IBTP,ISHARES IBONDS DEC 2034 TERM TREASURY ETF,IBTP,https://www.nyse.com/quote/XNMS:IBTP
XNMS,IBTQ,ISHARES IBONDS DEC 2035 TERM TREASURY ETF,IBTQ,https://www.nyse.com/quote/XNMS:IBTQ
XNMS,IBTR,ISHARES IBONDS DEC 2036 TERM TREASURY ETF,IBTR,https://www.nyse.com/quote/XNMS:IBTR
ARCX,IBUF,INNOVATOR INTERNATIONAL DEVELOPED 10 BUFFER ETF - QUARTERLY,IBUF,https://www.nyse.com/quote/ARCX:IBUF
ARCX,IBUY,AMPLIFY ETF TRUST AMPLIFY ONLINE RETAIL ETF,IBUY,https://www.nyse.com/quote/ARCX:IBUY
BATS,IBX,TRADR 2X LONG IBM DAILY ETF,IBX,https://www.nyse.com/quote/BATS:IBX
ARCX,ICAP,INFRASTRUCTURE CAPITAL EQUITY INCOME ETF,ICAP,https://www.nyse.com/quote/ARCX:ICAP
BATS,ICF,ISHARES SELECT U.S. REIT ETF,ICF,https://www.nyse.com/quote/BATS:ICF
XNMS,ICLN,ISHARES TRUST GLOBAL CLEAN ENERGY ETF,ICLN,https://www.nyse.com/quote/XNMS:ICLN
BATS,ICLO,INVESCO ACTIVELY MANAGED ETF TRUST AAA CLO FLTG RATE NT ETF,ICLO,https://www.nyse.com/quote/BATS:ICLO
ARCX,ICOI,BITWISE COIN OPTION INCOME STRATEGY ETF,ICOI,https://www.nyse.com/quote/ARCX:ICOI
XNMS,ICOP,ISHARES TRUST COPPER & METALS MNG ETF USD,ICOP,https://www.nyse.com/quote/XNMS:ICOP
BATS,ICOW,PACER FDS TR DEVELOPED MARKETS INTL CASH COWS 100 ETF,ICOW,https://www.nyse.com/quote/BATS:ICOW
ARCX,ICPI,ISHARES 0 TO 1 YEAR TIPS BOND ETF,ICPI,https://www.nyse.com/quote/ARCX:ICPI
ARCX,ICPY,"TWEEDY, BROWNE INTERNATIONAL INSIDER + VALUE ETF",ICPY,https://www.nyse.com/quote/ARCX:ICPY
ARCX,ICRC,BITWISE CRCL OPTION INCOME STRATEGY ETF,ICRC,https://www.nyse.com/quote/ARCX:ICRC
BATS,ICSH,ISHARES ULTRA SHORT DURATION BOND ACTIVE ETF,ICSH,https://www.nyse.com/quote/BATS:ICSH
BATS,ICVT,ISHARES TRUST CONVERTIBLE BOND ETF,ICVT,https://www.nyse.com/quote/BATS:ICVT
ARCX,IDEC,INNOVATOR ETFS TRUST INTERNATIONAL DEVELOPED POWER BUFFER ET,IDEC,https://www.nyse.com/quote/ARCX:IDEC
XNMS,IDEF,ISHARES DEFENSE INDUSTRIALS ACTIVE ETF,IDEF,https://www.nyse.com/quote/XNMS:IDEF
ARCX,IDEQ,LAZARD INTERNATIONAL DYNAMIC EQUITY ETF,IDEQ,https://www.nyse.com/quote/ARCX:IDEQ
ARCX,IDEV,ISHARES TRUST CORE MSCI INTERNATIONAL DEVELOPED MKTS,IDEV,https://www.nyse.com/quote/ARCX:IDEV
ARCX,IDGT,ISHARES TRUST US DIGITAL INFRASTRUCTURE & REAL ESTATE,IDGT,https://www.nyse.com/quote/ARCX:IDGT
XNYS,IDHD,Invesco S P International Developed High Dividend Low Volatility ETF,IDHD,https://www.nyse.com/quote/XNYS:IDHD
ARCX,IDHQ,INVESCO EXCHANGE TRADED FD TR II S&P INTL DEV QUALITY ETF,IDHQ,https://www.nyse.com/quote/ARCX:IDHQ
BATS,IDJL,CORGI INTERNATIONAL DEVELOPED EQUITIES 15% STRUCTURED BUFFER ETF - JULY SERIES,IDJL,https://www.nyse.com/quote/BATS:IDJL
BATS,IDJN,CORGI INTERNATIONAL DEVELOPED EQUITIES 15% STRUCTURED BUFFER ETF,IDJN,https://www.nyse.com/quote/BATS:IDJN
ARCX,IDLV,INVESCO EXCHANGE TRADED FD TR II S&P INTL DEV LOW VOLATILITY ETF,IDLV,https://www.nyse.com/quote/ARCX:IDLV
ARCX,IDMO,INVESCO EXCHANGE TRADED FD TR II S&P INTL DEV MOMENTUM ETF,IDMO,https://www.nyse.com/quote/ARCX:IDMO
BATS,IDMY,CORGI INTERNATIONAL DEVELOPED EQUITIES 15% STRUCTURED BUFFER ETF - MAY SERIES,IDMY,https://www.nyse.com/quote/BATS:IDMY
ARCX,IDNA,ISHARES TRUST GENOMICS IMMUNOLOGY AND HEALTHCARE ETF,IDNA,https://www.nyse.com/quote/ARCX:IDNA
ARCX,IDOG,ALPS ETF TRUST INTL SECTOR DIVID DOGS ETF,IDOG,https://www.nyse.com/quote/ARCX:IDOG
ARCX,IDRV,ISHARES TRUST SELF DRIVING EV AND TECH ETF,IDRV,https://www.nyse.com/quote/ARCX:IDRV
ARCX,IDU,ISHARES TRUST U.S. UTILITIES ETF,IDU,https://www.nyse.com/quote/ARCX:IDU
BATS,IDUB,ETF SERIES SOLUTIONS APTUS INTERNATIONAL ENHANCED YIELD ETF,IDUB,https://www.nyse.com/quote/BATS:IDUB
BATS,IDV,ISHARES TRUST INTERNATIONAL SELECT DIVID ETF INDEX FD,IDV,https://www.nyse.com/quote/BATS:IDV
ARCX,IDVO,AMPLIFY CWP INTERNATIONAL ENHANCED DIVIDEND INCOME ETF,IDVO,https://www.nyse.com/quote/ARCX:IDVO
XNMS,IDVY,FIRST TRUST INTERNATIONAL RISING DIVIDEND ACHIEVERS ETF,IDVY,https://www.nyse.com/quote/XNMS:IDVY
BATS,IDVZ,THE OPAL INTERNATIONAL DIVIDEND INCOME ETF,IDVZ,https://www.nyse.com/quote/BATS:IDVZ
ARCX,IDX,VANECK ETF TR VANECK INDONESIA INDEX ETF,IDX,https://www.nyse.com/quote/ARCX:IDX
ARCX,IDYN,ISHARES INTERNATIONAL EQUITY FACTOR ROTATION ACTIVE ETF,IDYN,https://www.nyse.com/quote/ARCX:IDYN
BATS,IEDI,ISHARES US ETF TRUST ISHARES U.S.CONSUMER FOCUSED ETF,IEDI,https://www.nyse.com/quote/BATS:IEDI
XNMS,IEF,ISHARES TRUST 7-10 YEAR TREASURY BOND ETF,IEF,https://www.nyse.com/quote/XNMS:IEF
BATS,IEFA,ISHARES TRUST CORE MSCI EAFE ETF,IEFA,https://www.nyse.com/quote/BATS:IEFA
XNMS,IEI,ISHARES TRUST 3-7 YR TREASURY BOND ETF,IEI,https://www.nyse.com/quote/XNMS:IEI
ARCX,IEMG,ISHARES INC CORE MSCI EMERGING MKTS ETF,IEMG,https://www.nyse.com/quote/ARCX:IEMG
BATS,IEO,ISHARES TRUST US OIL & GAS EXPLRATION & PRODUCTION ETF,IEO,https://www.nyse.com/quote/BATS:IEO
BATS,IETC,ISHARES US ETF TRUST ISHARES US TECH INDEPENDENCE FOCUSED ETF,IETC,https://www.nyse.com/quote/BATS:IETC
ARCX,IETH,BITWISE ETHEREUM OPTION INCOME STRATEGY ETF,IETH,https://www.nyse.com/quote/ARCX:IETH
ARCX,IEUR,ISHARES TRUST CORE MSCI EUROPE,IEUR,https://www.nyse.com/quote/ARCX:IEUR
XNMS,IEUS,ISHARES TRUST MSCI EUROPE SMALL-CAP,IEUS,https://www.nyse.com/quote/XNMS:IEUS
ARCX,IEV,ISHARES TRUST EUROPE ETF,IEV,https://www.nyse.com/quote/ARCX:IEV
ARCX,IEZ,ISHARES TRUST US OIL EQUIP&SVS,IEZ,https://www.nyse.com/quote/ARCX:IEZ
ARCX,IFEB,INNOVATOR ETFS TRUST INTL DEVELOPED PWR BUFFER ETF FEB,IFEB,https://www.nyse.com/quote/ARCX:IFEB
XNMS,IFGL,ISHARES TRUST INTERNATIONAL DEVELOPED REAL ESTATE ETF,IFGL,https://www.nyse.com/quote/XNMS:IFGL
ARCX,IFLN,INVESCO BLOOMBERG ENHANCED FALLEN ANGELS ETF,IFLN,https://www.nyse.com/quote/ARCX:IFLN
XNMS,IFLO,VICTORYSHARES INTERNATIONAL FREE CASH FLOW ETF,IFLO,https://www.nyse.com/quote/XNMS:IFLO
ARCX,IFLR,INNOVATOR INTERNATIONAL DEVELOPED MANAGED FLOOR ETF,IFLR,https://www.nyse.com/quote/ARCX:IFLR
BATS,IFRA,ISHARES TRUST U S INFRASTRUCTURE ETF,IFRA,https://www.nyse.com/quote/BATS:IFRA
XNMS,IFV,FIRST TR EXCHANGE TRADED FD VI DORSEY WRIGHT INTERNATIONAL FOCUS 5 ETF,IFV,https://www.nyse.com/quote/XNMS:IFV
BATS,IG,PRINCIPAL EXCHANGE-TRADED FDS PRINCIPAL INVT GRADE CORP ACTIVE ETF,IG,https://www.nyse.com/quote/BATS:IG
ARCX,IGBH,ISHARES US ETF TRUST INTEREST RATE HEDGED LNG TRM CORP BD ETF,IGBH,https://www.nyse.com/quote/ARCX:IGBH
XNYS,IGCB,TCW CORPORATE BOND ETF,IGCB,https://www.nyse.com/quote/XNYS:IGCB
BATS,IGE,ISHARES TRUST NORTH AMERICAN NATURAL RESOURCES ETF,IGE,https://www.nyse.com/quote/BATS:IGE
BATS,IGEB,ISHARES TRUST INVESTMENT GRADE SYSTEMATIC BOND ETF,IGEB,https://www.nyse.com/quote/BATS:IGEB
XNMS,IGF,ISHARES TRUST GLOBAL INFRASTRUCTURE ETF,IGF,https://www.nyse.com/quote/XNMS:IGF
ARCX,IGGY,AB INTERNATIONAL GROWTH ETF,IGGY,https://www.nyse.com/quote/ARCX:IGGY
BATS,IGHG,PROSHARES TRUST INVESTMENT GRADE INTEREST RATE HEDGED,IGHG,https://www.nyse.com/quote/BATS:IGHG
XNMS,IGIB,ISHARES TRUST 5-10 YEAR INVESTMENT GRADE CORP BD ETF,IGIB,https://www.nyse.com/quote/XNMS:IGIB
ARCX,IGLB,ISHARES TRUST 10+ YR INVESTMENT GRADE CORPORATE BD ETF,IGLB,https://www.nyse.com/quote/ARCX:IGLB
BATS,IGLD,FIRST TRUST EXCHANGE TRADED FUND VEST GOLD STRATEGY TARGET INCM ETF,IGLD,https://www.nyse.com/quote/BATS:IGLD
ARCX,IGM,ISHARES TRUST EXPANDED TECH SECTOR ETF,IGM,https://www.nyse.com/quote/ARCX:IGM
ARCX,IGME,BITWISE GME OPTION INCOME STRATEGY ETF,IGME,https://www.nyse.com/quote/ARCX:IGME
XNMS,IGOV,ISHARES TRUST INTERNATIONAL TREASURY BOND ETF,IGOV,https://www.nyse.com/quote/XNMS:IGOV
ARCX,IGPT,INVESCO EXCHANGE TRADED FD TR AI AND NEXT GEN SOFTWARE,IGPT,https://www.nyse.com/quote/ARCX:IGPT
BATS,IGRO,ISHARES TRUST INTL DIVID GROWTH ETF,IGRO,https://www.nyse.com/quote/BATS:IGRO
XNYS,IGRO,ISHARES TRUST,IGRO,https://www.nyse.com/quote/XNYS:IGRO
XNMS,IGSB,ISHARES TRUST 1-5 YEAR INVESTMENT GRADE CORP BD ETF,IGSB,https://www.nyse.com/quote/XNMS:IGSB
ARCX,IGTR,INNOVATOR ETFS TRUST GRADIENT TACTICAL ROTATION STATEGY ETF,IGTR,https://www.nyse.com/quote/ARCX:IGTR
BATS,IGV,ISHARES TRUST EXPANDED TECH-SOFTWARE SECTOR ETF,IGV,https://www.nyse.com/quote/BATS:IGV
ARCX,IHAK,ISHARES TRUST CYBERSECURITY AND TECH ETF,IHAK,https://www.nyse.com/quote/ARCX:IHAK
ARCX,IHDG,WISDOMTREE TRUST INTL HEDGED QLTY DIV GWTH,IHDG,https://www.nyse.com/quote/ARCX:IHDG
ARCX,IHE,ISHARES TRUST U.S. PHARMACEUTICALS ETF,IHE,https://www.nyse.com/quote/ARCX:IHE
ARCX,IHF,ISHARES TRUST US HEALTH CARE PROVIDERS ETF,IHF,https://www.nyse.com/quote/ARCX:IHF
ARCX,IHI,ISHARES TRUST U.S. MEDICAL DEVICES ETF,IHI,https://www.nyse.com/quote/ARCX:IHI
ARCX,IHY,VANECK ETF TR VANECK INTERNATIONAL HIGH YIELD BOND ETF,IHY,https://www.nyse.com/quote/ARCX:IHY
ARCX,IIGD,INVESCO EXCHANGE TRADED SELF IDX FT INVESTMENT GRADE DEFENSIVE ETF,IIGD,https://www.nyse.com/quote/ARCX:IIGD
ARCX,IINC,ALKI CONSOLIDATED INCOME ETF,IINC,https://www.nyse.com/quote/ARCX:IINC
ARCX,IJAN,INNOVATOR ETFS TRUST INTERNATIONAL DEVELOPED POWER BUFFER ETF,IJAN,https://www.nyse.com/quote/ARCX:IJAN
ARCX,IJH,ISHARES TRUST CORE S&P MID-CAP ETF,IJH,https://www.nyse.com/quote/ARCX:IJH
ARCX,IJJ,ISHARES TRUST S&P MID-CAP 400 VALUE ETF,IJJ,https://www.nyse.com/quote/ARCX:IJJ
ARCX,IJK,ISHARES TRUST S&P MID-CAP 400 GROWTH ETF,IJK,https://www.nyse.com/quote/ARCX:IJK
ARCX,IJR,ISHARES TRUST CORE S&P SMALL-CAP ETF,IJR,https://www.nyse.com/quote/ARCX:IJR
ARCX,IJS,ISHARES TRUST S&P SMALL-CAP 600 VALUE ETF,IJS,https://www.nyse.com/quote/ARCX:IJS
XNMS,IJT,ISHARES TRUST S&P SMALL-CAP 600 GROWTH ETF,IJT,https://www.nyse.com/quote/XNMS:IJT
ARCX,IJUL,INNOVATOR ETFS TRUST INTERNATIONAL DEVELOPED POWER BUFFER ETF,IJUL,https://www.nyse.com/quote/ARCX:IJUL
ARCX,IJUN,INNOVATOR INTERNATIONAL DEVELOPED POWER BUFFER ETF - JUNE,IJUN,https://www.nyse.com/quote/ARCX:IJUN
ARCX,ILCB,ISHARES TRUST MORNINGSTAR US EQUITY ETF,ILCB,https://www.nyse.com/quote/ARCX:ILCB
ARCX,ILCG,ISHARES TRUST MORNINGSTAR GROWTH ETF,ILCG,https://www.nyse.com/quote/ARCX:ILCG
ARCX,ILCV,ISHARES TRUST MORNINGSTAR VALUE ETF,ILCV,https://www.nyse.com/quote/ARCX:ILCV
ARCX,ILDR,FIRST TR EXCHANGE TRADED FD VIII INNOVATION LEADERS ETF,ILDR,https://www.nyse.com/quote/ARCX:ILDR
ARCX,ILF,ISHARES TRUST LATIN AMERICA 40 ETF,ILF,https://www.nyse.com/quote/ARCX:ILF
XNMS,ILIT,ISHARES TRUST LITHIUM MINERS & PRODUCERS ETF USD,ILIT,https://www.nyse.com/quote/XNMS:ILIT
ARCX,ILOW,AB INTERNATIONAL LOW VOLATILITY EQUITY ETF,ILOW,https://www.nyse.com/quote/ARCX:ILOW
ARCX,ILS,BROOKMONT CATASTROPHIC BOND ETF,ILS,https://www.nyse.com/quote/ARCX:ILS
ARCX,ILTB,ISHARES TRUST CORE LONG-TERM U S BD ETF,ILTB,https://www.nyse.com/quote/ARCX:ILTB
ARCX,IMAR,INNOVATOR ETFS TRUST INNOVATOR INTL DEVELOPED POWER BUFFER,IMAR,https://www.nyse.com/quote/ARCX:IMAR
ARCX,IMAY,INNOVATOR INTERNATIONAL DEVELOPED POWER BUFFER ETF MAY,IMAY,https://www.nyse.com/quote/ARCX:IMAY
ARCX,IMCB,ISHARES TRUST MORNINGSTAR MID-CAP ETF,IMCB,https://www.nyse.com/quote/ARCX:IMCB
ARCX,IMCG,ISHARES TRUST MORNINGSTAR MID-CP GWTH ETF,IMCG,https://www.nyse.com/quote/ARCX:IMCG
XNMS,IMCV,ISHARES TRUST MORNINGSTAR MID CAP VALUE ETF,IMCV,https://www.nyse.com/quote/XNMS:IMCV
BATS,IMF,INVESCO MANAGED FUTURES STRATEGY ETF,IMF,https://www.nyse.com/quote/BATS:IMF
BATS,IMFL,INVESCO EXCHANGE TRADED SELF IDX FT INTL DEVELOPED DYNAMIC MULTIFACTOR ETF,IMFL,https://www.nyse.com/quote/BATS:IMFL
XNMS,IMOM,EA SERIES TRUST ALPHA ARCHITECT INTERNATIONAL QUNTITATIV,IMOM,https://www.nyse.com/quote/XNMS:IMOM
ARCX,IMRA,BITWISE MARA OPTION INCOME STRATEGY ETF,IMRA,https://www.nyse.com/quote/ARCX:IMRA
ARCX,IMST,BITWISE MSTR OPTION INCOME STRATEGY ETF,IMST,https://www.nyse.com/quote/ARCX:IMST
XNYS,IMTB,ISHARES TRUST,IMTB,https://www.nyse.com/quote/XNYS:IMTB
ARCX,IMTB,ISHARES TRUST CORE 5-10 YEAR BOND USD,IMTB,https://www.nyse.com/quote/ARCX:IMTB
BATS,IMTG,INVESCO AGENCY MBS ETF,IMTG,https://www.nyse.com/quote/BATS:IMTG
ARCX,IMTM,ISHARES TRUST MSCI INTL MOMENTUM FACTOR ETF,IMTM,https://www.nyse.com/quote/ARCX:IMTM
ARCX,IMVP,INVESCO INDIA EXCHANGE TRADED FD TR INDIA ETF,IMVP,https://www.nyse.com/quote/ARCX:IMVP
ARCX,INCE,FRANKLIN INCOME EQUITY FOCUS ETF,INCE,https://www.nyse.com/quote/ARCX:INCE
ARCX,INCM,FRANKLIN TEMPLETON ETF TR INCOME FOCUS ETF,INCM,https://www.nyse.com/quote/ARCX:INCM
ARCX,INCO,COLUMBIA ETF TR II COLUMBIA INDIA CONSUMER ETF,INCO,https://www.nyse.com/quote/ARCX:INCO
XNMS,IND,XTRACKERS NIFTY 500 INDIA ETF,IND,https://www.nyse.com/quote/XNMS:IND
BATS,INDA,ISHARES TRUST ISHARES MSCI INDIA ETF USD,INDA,https://www.nyse.com/quote/BATS:INDA
ARCX,INDE,MATTHEWS INTERNATIONAL FUNDS INDIA ACTIVE ETF,INDE,https://www.nyse.com/quote/ARCX:INDE
XNMS,INDH,WISDOMTREE INDIA HEDGED EQUITY FUND,INDH,https://www.nyse.com/quote/XNMS:INDH
ARCX,INDL,DIREXION DAILY MSCI INDIA BULL 2X ETF,INDL,https://www.nyse.com/quote/ARCX:INDL
XNMS,INDQ,PACER ACTIVEALPHA INDIA QUALITY ETF,INDQ,https://www.nyse.com/quote/XNMS:INDQ
ARCX,INDS,PACER FDS TR INDUSTRIAL REAL ESTATE ETF,INDS,https://www.nyse.com/quote/ARCX:INDS
XNMS,INDY,ISHARES TRUST INDIA 50 ETF,INDY,https://www.nyse.com/quote/XNMS:INDY
ARCX,INDZ,VANECK INDIA SELECT ETF,INDZ,https://www.nyse.com/quote/ARCX:INDZ
ARCX,INEQ,COLUMBIA INTERNATIONAL EQUITY INCOME ETF,INEQ,https://www.nyse.com/quote/ARCX:INEQ
BATS,INFH,DEFIANCE DAILY TARGET 2X LONG INFQ ETF,INFH,https://www.nyse.com/quote/BATS:INFH
ARCX,INFL,LISTED FUND TRUST HORIZON KINETICS INFLATION BENEFICIR ETF,INFL,https://www.nyse.com/quote/ARCX:INFL
XNYS,INFO,HARBOR PANAGORA DYNAMIC LARGE CAP CORE ETF,INFO,https://www.nyse.com/quote/XNYS:INFO
ARCX,INKM,STATE STREET INCOME ALLOCATION ETF,INKM,https://www.nyse.com/quote/ARCX:INKM
ARCX,INMU,ISHARES INTERMEDIATE MUNI INCOME ACTIVE ETF,INMU,https://www.nyse.com/quote/ARCX:INMU
ARCX,INOV,INNOVATOR ETFS TRUST INTERNATIONAL DEVELOPED POWER BUFFER ETF,INOV,https://www.nyse.com/quote/ARCX:INOV
ARCX,INQQ,THE INDIA INTERNET ETF,INQQ,https://www.nyse.com/quote/ARCX:INQQ
XNMS,INRO,BLACKROCK ETF TRUST ISHARES U.S. INDUSTRY ROTATION ACTIVE ETF,INRO,https://www.nyse.com/quote/XNMS:INRO
BATS,INT,CORGI INTC 2X DAILY ETF,INT,https://www.nyse.com/quote/BATS:INT
ARCX,INTF,ISHARES TRUST INTERNATIONAL EQUITY FACTOR ETF,INTF,https://www.nyse.com/quote/ARCX:INTF
BATS,INTL,NORTHERN LIGHTS FUND TRUST IV MAIN INTERNATIONAL ETF,INTL,https://www.nyse.com/quote/BATS:INTL
BATS,INTM,INVESCO INTERMEDIATE MUNICIPAL ETF,INTM,https://www.nyse.com/quote/BATS:INTM
XNMS,INTW,GRANITESHARES 2X LONG INTC DAILY ETF,INTW,https://www.nyse.com/quote/XNMS:INTW
ARCX,INVG,GMO SYSTEMATIC INVESTMENT GRADE CREDIT ETF,INVG,https://www.nyse.com/quote/ARCX:INVG
ARCX,INVN,ALGER RUSSELL INNOVATION ETF,INVN,https://www.nyse.com/quote/ARCX:INVN
ARCX,INYY,YIELDMAX INTC OPTION INCOME STRATEGY ETF,INYY,https://www.nyse.com/quote/ARCX:INYY
ARCX,IOCT,INNOVATOR ETFS TRUST INTERNATIONAL DEVPD PWR BUFFER ETF-OCT,IOCT,https://www.nyse.com/quote/ARCX:IOCT
ARCX,ION,PROSHARES TRUST S&P GLOBAL CORE BATTERY METALS ETF USD,ION,https://www.nyse.com/quote/ARCX:ION
BATS,IONC,CORGI IONQ 2X DAILY ETF,IONC,https://www.nyse.com/quote/BATS:IONC
XNMS,IONL,GRANITESHARES 2X LONG IONQ DAILY ETF,IONL,https://www.nyse.com/quote/XNMS:IONL
XNMS,IONX,DEFIANCE DAILY TARGET 2X LONG IONQ ETF,IONX,https://www.nyse.com/quote/XNMS:IONX
XNMS,IONZ,DEFIANCE DAILY TARGET 2X SHORT IONQ ETF,IONZ,https://www.nyse.com/quote/XNMS:IONZ
ARCX,IOO,ISHARES TRUST GLOBAL 100 ETF,IOO,https://www.nyse.com/quote/ARCX:IOO
ARCX,IOPP,SIMPLIFY EXCHANGE TRADED FUNDS TARA INDIA OPPORTUNITIES ETF,IOPP,https://www.nyse.com/quote/ARCX:IOPP
BATS,IOSX,CORGI AAPL 2X DAILY ETF,IOSX,https://www.nyse.com/quote/BATS:IOSX
XNMS,IOYY,GRANITESHARES YIELDBOOST IONQ ETF,IOYY,https://www.nyse.com/quote/XNMS:IOYY
ARCX,IPAC,ISHARES TRUST ISHARES CORE MSCI PAC,IPAC,https://www.nyse.com/quote/ARCX:IPAC
BATS,IPAV,GLOBAL X INFRASTRUCTURE DEVELOPMENT EX-U.S. ETF,IPAV,https://www.nyse.com/quote/BATS:IPAV
ARCX,IPAY,AMPLIFY DIGITAL PAYMENTS ETF,IPAY,https://www.nyse.com/quote/ARCX:IPAY
XNMS,IPKW,INVESCO EXCHANGE TRADED FD TR II INTL BUYBACK ACHIEVERS ETF,IPKW,https://www.nyse.com/quote/XNMS:IPKW
ARCX,IPO,RENAISSANCE CAP GREENWICH FUNDS IPO ETF,IPO,https://www.nyse.com/quote/ARCX:IPO
ARCX,IPOS,RENAISSANCE CAP GREENWICH FUNDS INTERNATIONAL IPO ETF,IPOS,https://www.nyse.com/quote/ARCX:IPOS
ARCX,IQDF,FLEXSHARES TRUST INTERNATIONAL QUALITY DIV IDX,IQDF,https://www.nyse.com/quote/ARCX:IQDF
BATS,IQDG,WISDOMTREE TRUST INTERNATIONAL QUALITY DIV GTH USD,IQDG,https://www.nyse.com/quote/BATS:IQDG
ARCX,IQDY,FLEXSHARES TRUST INTERNATIONAL QUALITY DIV DYNAMIC IDX,IQDY,https://www.nyse.com/quote/ARCX:IQDY
ARCX,IQHI,NYLI MACKAY HIGH INCOME ETF,IQHI,https://www.nyse.com/quote/ARCX:IQHI
XNYS,IQLT,ISHARES TRUST,IQLT,https://www.nyse.com/quote/XNYS:IQLT
ARCX,IQLT,ISHARES TRUST MSCI INTL QUALITY FACTOR ETF,IQLT,https://www.nyse.com/quote/ARCX:IQLT
BATS,IQM,FRANKLIN TEMPLETON ETF TR INTELLIGENT MACHINES ETF,IQM,https://www.nyse.com/quote/BATS:IQM
ARCX,IQMM,PROSHARES GENIUS MONEY MARKET ETF,IQMM,https://www.nyse.com/quote/ARCX:IQMM
XNMS,IQQ,ISHARES NASDAQ 100 ETF,IQQ,https://www.nyse.com/quote/XNMS:IQQ
XNMS,IQQQ,PROSHARES TRUST NASDAQ-100 HIGH INCOME ETF USD,IQQQ,https://www.nyse.com/quote/XNMS:IQQQ
ARCX,IQRA,NYLI CBRE REAL ASSETS ETF,IQRA,https://www.nyse.com/quote/ARCX:IQRA
ARCX,IQSI,NYLI CANDRIAM INTERNATIONAL EQUITY ETF,IQSI,https://www.nyse.com/quote/ARCX:IQSI
ARCX,IQSM,NYLI CANDRIAM U.S. MID CAP EQUITY ETF,IQSM,https://www.nyse.com/quote/ARCX:IQSM
ARCX,IQSU,NYLI CANDRIAM U.S. LARGE CAP EQUITY ETF,IQSU,https://www.nyse.com/quote/ARCX:IQSU
ARCX,IQSZ,INVESCO GLOBAL EQUITY NET ZERO ETF,IQSZ,https://www.nyse.com/quote/ARCX:IQSZ
ARCX,IRE,DEFIANCE DAILY TARGET 2X LONG IREN ETF,IRE,https://www.nyse.com/quote/ARCX:IRE
XNMS,IREG,LEVERAGE SHARES 2X LONG IREN DAILY ETF,IREG,https://www.nyse.com/quote/XNMS:IREG
BATS,IREX,TRADR 2X LONG IREN DAILY ETF,IREX,https://www.nyse.com/quote/BATS:IREX
BATS,IREZ,TRADR 2X SHORT IREN DAILY ETF,IREZ,https://www.nyse.com/quote/BATS:IREZ
BATS,IROC,INVESCO ROCHESTER HIGH YIELD MUNICIPAL ETF,IROC,https://www.nyse.com/quote/BATS:IROC
ARCX,IRTR,ISHARES TRUST LIFEPATH RETIREMENT ETF USD,IRTR,https://www.nyse.com/quote/ARCX:IRTR
ARCX,IRVH,GLOBAL X FDS INTEREST RATE VOLATLTY & INFLTN HEDG ETF,IRVH,https://www.nyse.com/quote/ARCX:IRVH
BATS,ISBG,INCOMESTKD 1X BITCOIN & 1X GOLD PREMIUM ETF,ISBG,https://www.nyse.com/quote/BATS:ISBG
ARCX,ISCB,ISHARES TRUST MORNINGSTAR SMALL-CAP ETF,ISCB,https://www.nyse.com/quote/ARCX:ISCB
ARCX,ISCF,ISHARES TRUST INTERNATIONAL SMALL CAP EQUITY FACTOR,ISCF,https://www.nyse.com/quote/ARCX:ISCF
ARCX,ISCG,ISHARES TRUST MORNINGSTAR SM-CAP GWTH ETF,ISCG,https://www.nyse.com/quote/ARCX:ISCG
ARCX,ISCV,ISHARES TRUST MORNINGSTAR SM-CAP VAL ETF,ISCV,https://www.nyse.com/quote/ARCX:ISCV
ARCX,ISEP,INNOVATOR ETFS TRUST INTERNATIONAL DEVELOPED PWR BUFF ETF SEP,ISEP,https://www.nyse.com/quote/ARCX:ISEP
XNMS,ISHG,ISHARES TRUST 1 3 YR INTL TREAS BD ETF,ISHG,https://www.nyse.com/quote/XNMS:ISHG
XNMS,ISHP,FIRST TR EXCHANGE TRADED FD VI S NETWORK GLOBAL E COMM ETF,ISHP,https://www.nyse.com/quote/XNMS:ISHP
ARCX,ISMD,NORTHERN LIGHTS FUND TRUST IV INSPIRE SMALL MID CAP ETF,ISMD,https://www.nyse.com/quote/ARCX:ISMD
BATS,ISMF,ISHARES MANAGED FUTURES ACTIVE ETF,ISMF,https://www.nyse.com/quote/BATS:ISMF
BATS,ISPY,PROSHARES TRUST S&P 500 HIGH INCOME ETF,ISPY,https://www.nyse.com/quote/BATS:ISPY
ARCX,ISRA,VANECK ETF TR VANECK ISRAEL ETF,ISRA,https://www.nyse.com/quote/ARCX:ISRA
BATS,ISSB,INCOMESTKD 1X US STOCKS & 1X BITCOIN PREMIUM ETF,ISSB,https://www.nyse.com/quote/BATS:ISSB
XNMS,ISTB,ISHARES TRUST CORE 1-5 YEAR USD BOND ETF,ISTB,https://www.nyse.com/quote/XNMS:ISTB
XNMS,ISTM,ISHARES STRATEGIC METALS ETF,ISTM,https://www.nyse.com/quote/XNMS:ISTM
XNMS,ISUL,GRANITESHARES 2X LONG ISRG DAILY ETF,ISUL,https://www.nyse.com/quote/XNMS:ISUL
BATS,ISVL,ISHARES TRUST INTL DEVELOPED SMALL CAP VAL FACTOR ETF,ISVL,https://www.nyse.com/quote/BATS:ISVL
ARCX,ISWN,AMPLIFY ETF TRUST AMPLIFY BLACKSWAN ISWN ETF,ISWN,https://www.nyse.com/quote/ARCX:ISWN
BATS,ITA,ISHARES TRUST US AEROSPACE & DEFENSE ETF,ITA,https://www.nyse.com/quote/BATS:ITA
ARCX,ITAN,EA SERIES TRUST SPARKLINE INTANGIBLE VALUE ETF,ITAN,https://www.nyse.com/quote/ARCX:ITAN
BATS,ITB,ISHARES TRUST US HOME CONSTRUCTION ETF FD,ITB,https://www.nyse.com/quote/BATS:ITB
ARCX,ITDB,ISHARES TRUST LIFEPATH TARGET DATE 2030 ETF USD,ITDB,https://www.nyse.com/quote/ARCX:ITDB
ARCX,ITDC,ISHARES TRUST LIFEPATH TARGET DATE 2035 ETF USD,ITDC,https://www.nyse.com/quote/ARCX:ITDC
ARCX,ITDD,ISHARES TRUST LIFEPATH TARGET DATE 2040 ETF USD,ITDD,https://www.nyse.com/quote/ARCX:ITDD
ARCX,ITDE,ISHARES TRUST LIFEPATH TARGET DATE 2045 ETF USD,ITDE,https://www.nyse.com/quote/ARCX:ITDE
ARCX,ITDF,ISHARES TRUST LIFEPATH TARGET DATE 2050 ETF USD,ITDF,https://www.nyse.com/quote/ARCX:ITDF
ARCX,ITDG,ISHARES TRUST LIFEPATH TARGET DATE 2055 ETF USD,ITDG,https://www.nyse.com/quote/ARCX:ITDG
ARCX,ITDH,ISHARES TRUST LIFEPATH TARGET DATE 2060 ETF USD,ITDH,https://www.nyse.com/quote/ARCX:ITDH
ARCX,ITDI,ISHARES TRUST LIFEPATH TARGET DATE 2065 ETF USD,ITDI,https://www.nyse.com/quote/ARCX:ITDI
ARCX,ITDJ,ISHARES LIFEPATH TARGET DATE 2070 ETF,ITDJ,https://www.nyse.com/quote/ARCX:ITDJ
ARCX,ITEQ,AMPLIFY ETF TRUST BLUESTAR ISRAEL TECHNOLOGY ETF,ITEQ,https://www.nyse.com/quote/ARCX:ITEQ
BATS,ITM,VANECK ETF TR VANECK INTERMEDIATE MUNI ETF,ITM,https://www.nyse.com/quote/BATS:ITM
ARCX,ITOT,ISHARES TRUST CORE S&P TOTAL U S STK MKT ETF,ITOT,https://www.nyse.com/quote/ARCX:ITOT
BATS,ITWO,PROSHARES RUSSELL 2000 HIGH INCOME ETF,ITWO,https://www.nyse.com/quote/BATS:ITWO
XNMS,IUS,INVESCO EXCHANGE TRADED SELF IDX FT RAFI STRATEGIC US ETF,IUS,https://www.nyse.com/quote/XNMS:IUS
XNMS,IUSB,ISHARES CORE UNIVERSAL USD BOND ETF,IUSB,https://www.nyse.com/quote/XNMS:IUSB
XNMS,IUSG,ISHARES TRUST CORE S&P US GROWTH ETF,IUSG,https://www.nyse.com/quote/XNMS:IUSG
XNMS,IUSV,ISHARES TRUST CORE S&P US VALUE ETF,IUSV,https://www.nyse.com/quote/XNMS:IUSV
XNMS,IVAL,EA SERIES TRUST INTERNATIONAL QUANTITATIVE VALUE ETF,IVAL,https://www.nyse.com/quote/XNMS:IVAL
ARCX,IVE,ISHARES TRUST S&P 500 VALUE ETF,IVE,https://www.nyse.com/quote/ARCX:IVE
ARCX,IVEP,DAN IVES WEDBUSH AI POWER & INFRASTRUCTURE ETF,IVEP,https://www.nyse.com/quote/ARCX:IVEP
ARCX,IVES,DAN IVES WEDBUSH AI REVOLUTION ETF,IVES,https://www.nyse.com/quote/ARCX:IVES
ARCX,IVLU,ISHARES TRUST MSCI INTL VALUE FACTOR ETF,IVLU,https://www.nyse.com/quote/ARCX:IVLU
ARCX,IVOG,VANGUARD ADMIRAL FDS INC S&P MIDCAP 400 GRTH IDX FD ETF SHS,IVOG,https://www.nyse.com/quote/ARCX:IVOG
ARCX,IVOL,KRANESHARES TRUST QUADRATIC INT RTE VOL & INF HDG ETF,IVOL,https://www.nyse.com/quote/ARCX:IVOL
ARCX,IVOO,VANGUARD ADMIRAL FDS INC S&P MIDCAP 400 INDEX FD ETF SHS,IVOO,https://www.nyse.com/quote/ARCX:IVOO
ARCX,IVOV,VANGUARD ADMIRAL FDS INC S&P MIDCAP 400 VALUE FD ETF SHS,IVOV,https://www.nyse.com/quote/ARCX:IVOV
ARCX,IVRS,ISHARES TRUST FUTURE METAVERSE TECH & COMMUNICATIONS,IVRS,https://www.nyse.com/quote/ARCX:IVRS
XNMS,IVSI,APPLIED FINANCE IVS INTERNATIONAL LARGE ETF,IVSI,https://www.nyse.com/quote/XNMS:IVSI
XNMS,IVSS,APPLIED FINANCE IVS US SMID ETF,IVSS,https://www.nyse.com/quote/XNMS:IVSS
XNMS,IVSX,APPLIED FINANCE IVS INTERNATIONAL SMID ETF,IVSX,https://www.nyse.com/quote/XNMS:IVSX
ARCX,IVV,ISHARES CORE S&P 500 ETF,IVV,https://www.nyse.com/quote/ARCX:IVV
BATS,IVVB,ISHARES LARGE CAP DEEP QUARTERLY LADDERED ETF,IVVB,https://www.nyse.com/quote/BATS:IVVB
BATS,IVVM,ISHARES LARGE CAP MODERATE QUARTERLY LADDERED ETF,IVVM,https://www.nyse.com/quote/BATS:IVVM
BATS,IVVW,ISHARES TRUST &P 500 BUYWRITE ETF,IVVW,https://www.nyse.com/quote/BATS:IVVW
ARCX,IVW,ISHARES TRUST S&P 500 GROWTH ETF,IVW,https://www.nyse.com/quote/ARCX:IVW
ARCX,IWB,ISHARES TRUST RUSSELL 1000 ETF,IWB,https://www.nyse.com/quote/ARCX:IWB
ARCX,IWC,ISHARES TRUST MICRO-CAP ETF,IWC,https://www.nyse.com/quote/ARCX:IWC
ARCX,IWD,ISHARES TRUST RUSSELL 1000 VALUE ETF,IWD,https://www.nyse.com/quote/ARCX:IWD
ARCX,IWF,ISHARES TRUST RUSSELL 1000 GROWTH ETF,IWF,https://www.nyse.com/quote/ARCX:IWF
ARCX,IWFG,NYLI WINSLOW FOCUSED LARGE CAP GROWTH ETF,IWFG,https://www.nyse.com/quote/ARCX:IWFG
ARCX,IWL,ISHARES TRUST RUSSELL TOP 200 ETF,IWL,https://www.nyse.com/quote/ARCX:IWL
ARCX,IWLG,NYLI WINSLOW LARGE CAP GROWTH ETF,IWLG,https://www.nyse.com/quote/ARCX:IWLG
ARCX,IWM,ISHARES TRUST RUSSELL 2000 ETF,IWM,https://www.nyse.com/quote/ARCX:IWM
BATS,IWMI,NEOS RUSSELL 2000 HIGH INCOME ETF,IWMI,https://www.nyse.com/quote/BATS:IWMI
BATS,IWMW,ISHARES TRUST RUSSELL 2000 BUYWRITE ETF,IWMW,https://www.nyse.com/quote/BATS:IWMW
ARCX,IWMY,DEFIANCE R2000 WEEKLY DISTRIBUTION ETF,IWMY,https://www.nyse.com/quote/ARCX:IWMY
ARCX,IWN,ISHARES TRUST RUSSELL 2000 VALUE ETF,IWN,https://www.nyse.com/quote/ARCX:IWN
ARCX,IWO,ISHARES TRUST RUSSELL 2000 GROWTH ETF,IWO,https://www.nyse.com/quote/ARCX:IWO
ARCX,IWP,ISHARES TRUST RUSSELL MID-CAP GROWTH ETF,IWP,https://www.nyse.com/quote/ARCX:IWP
ARCX,IWR,ISHARES TRUST RUSSELL MID CAP ETF,IWR,https://www.nyse.com/quote/ARCX:IWR
ARCX,IWS,ISHARES TRUST RUSSELL MID-CAP VALUE ETF,IWS,https://www.nyse.com/quote/ARCX:IWS
ARCX,IWV,ISHARES TRUST RUSSELL 3000 ETF,IWV,https://www.nyse.com/quote/ARCX:IWV
ARCX,IWX,ISHARES TRUST RUSSELL TOP 200 VALUE ETF,IWX,https://www.nyse.com/quote/ARCX:IWX
ARCX,IWY,ISHARES TRUST RUSSELL TOP 200 GROWTH ETF,IWY,https://www.nyse.com/quote/ARCX:IWY
ARCX,IXC,ISHARES TRUST GLOBAL ENERGY ETF,IXC,https://www.nyse.com/quote/ARCX:IXC
ARCX,IXG,ISHARES TRUST GLOBAL FINLS ETF,IXG,https://www.nyse.com/quote/ARCX:IXG
ARCX,IXJ,ISHARES TRUST GLOBAL HEALTHCARE ETF,IXJ,https://www.nyse.com/quote/ARCX:IXJ
ARCX,IXN,ISHARES TRUST GLOBAL TECH ETF,IXN,https://www.nyse.com/quote/ARCX:IXN
ARCX,IXP,ISHARES TRUST GLOBAL COMM SERVICES ETF,IXP,https://www.nyse.com/quote/ARCX:IXP
XNMS,IXUS,ISHARES TRUST CORE MSCI TOTAL INTL STK ETF,IXUS,https://www.nyse.com/quote/XNMS:IXUS
ARCX,IYC,ISHARES TRUST ISHARES US CONSUMER DISCRETIONARY ETF,IYC,https://www.nyse.com/quote/ARCX:IYC
ARCX,IYE,ISHARES TRUST U.S. ENERGY ETF,IYE,https://www.nyse.com/quote/ARCX:IYE
ARCX,IYF,ISHARES TRUST U.S. FINLS ETF,IYF,https://www.nyse.com/quote/ARCX:IYF
ARCX,IYG,ISHARES TRUST U.S. FINL SERVICES ETF,IYG,https://www.nyse.com/quote/ARCX:IYG
ARCX,IYH,ISHARES TRUST U.S. HEALTHCARE ETF,IYH,https://www.nyse.com/quote/ARCX:IYH
BATS,IYJ,ISHARES TRUST U.S. INDUSTRIALS ETF,IYJ,https://www.nyse.com/quote/BATS:IYJ
ARCX,IYK,ISHARES TRUST ISHARES US CONSUMER STAPLES ETF,IYK,https://www.nyse.com/quote/ARCX:IYK
BATS,IYLD,ISHARES TRUST MORNINGSTAR MULTI ASSET INCOME ETF,IYLD,https://www.nyse.com/quote/BATS:IYLD
ARCX,IYM,ISHARES TRUST U.S. BASIC MATERIALS ETF,IYM,https://www.nyse.com/quote/ARCX:IYM
ARCX,IYR,ISHARES TRUST US REAL ESTATE ETF USD,IYR,https://www.nyse.com/quote/ARCX:IYR
BATS,IYRI,NEOS REAL ESTATE HIGH INCOME ETF,IYRI,https://www.nyse.com/quote/BATS:IYRI
BATS,IYT,ISHARES TRUST U.S.TRANSPORTATION ETF,IYT,https://www.nyse.com/quote/BATS:IYT
ARCX,IYW,ISHARES TRUST U.S. TECHNOLOGY ETF,IYW,https://www.nyse.com/quote/ARCX:IYW
ARCX,IYY,ISHARES TRUST DOW JONES U.S. ETF,IYY,https://www.nyse.com/quote/ARCX:IYY
BATS,IYZ,ISHARES TRUST US TELECOMMUNICATIONS ETF,IYZ,https://www.nyse.com/quote/BATS:IYZ
BATS,IZRL,ARK ETF TRUST ISRAEL INNOVATIVE TECHNOLOGY ETF,IZRL,https://www.nyse.com/quote/BATS:IZRL
ARCX,JA,JANUS HENDERSON AA-A CLO ETF,JA,https://www.nyse.com/quote/ARCX:JA
ARCX,JAAA,JANUS DETROIT STREET TRUST HENDERSON AAA CLO ETF,JAAA,https://www.nyse.com/quote/ARCX:JAAA
ARCX,JABS,JANUS HENDERSON ASSET-BACKED SECURITIES ETF,JABS,https://www.nyse.com/quote/ARCX:JABS
BATS,JADB,APTUS JANUARY DEEP BUFFER ETF,JADB,https://www.nyse.com/quote/BATS:JADB
ARCX,JADE,JPMORGAN ACTIVE DEVELOPING MARKETS EQUITY ETF,JADE,https://www.nyse.com/quote/ARCX:JADE
BATS,JAJL,INNOVATOR EQUITY DEFINED PROTECTION ETF - 6 MO JAN/JUL,JAJL,https://www.nyse.com/quote/BATS:JAJL
BATS,JANB,APTUS JANUARY BUFFER ETF,JANB,https://www.nyse.com/quote/BATS:JANB
BATS,JANH,INNOVATOR ETFS TRUST PREMIUM INCOME 20 BARRIER ETF JANUARY,JANH,https://www.nyse.com/quote/BATS:JANH
BATS,JANI,ALLIANZIM INTERNATIONAL EQUITY BUFFER15 UNCAPPED JAN ETF,JANI,https://www.nyse.com/quote/BATS:JANI
BATS,JANJ,INNOVATOR ETFS TRUST PREMIUM INCOME 30 BARRIER ETF JANUARY,JANJ,https://www.nyse.com/quote/BATS:JANJ
BATS,JANM,FT VEST U.S. EQUITY MAX BUFFER ETF - JANUARY,JANM,https://www.nyse.com/quote/BATS:JANM
BATS,JANP,PGIM S&P 500 BUFFER 12 ETF - JANUARY,JANP,https://www.nyse.com/quote/BATS:JANP
BATS,JANT,ALLIANZIM U.S. EQUITY BUFFER10 JAN ETF,JANT,https://www.nyse.com/quote/BATS:JANT
BATS,JANU,ALLIANZIM U.S. EQUITY BUFFER15 UNCAPPED JAN ETF,JANU,https://www.nyse.com/quote/BATS:JANU
BATS,JANW,ALLIANZIM U.S. EQUITY BUFFER20 JAN ETF,JANW,https://www.nyse.com/quote/BATS:JANW
BATS,JANZ,LISTED FUND TRUST TRUESHARES STRUCTURED OUTCOME JAN ETF,JANZ,https://www.nyse.com/quote/BATS:JANZ
XNMS,JAPN,HORIZON KINETICS JAPAN OWNER OPERATOR ETF,JAPN,https://www.nyse.com/quote/XNMS:JAPN
ARCX,JAVA,JP MORGAN ETF TRUST ACTIVE VALUE ETF,JAVA,https://www.nyse.com/quote/ARCX:JAVA
BATS,JBBB,JANUS DETROIT STREET TRUST B-BBB CLO ETF,JBBB,https://www.nyse.com/quote/BATS:JBBB
BATS,JBLG,LEVERAGE SHARES 2X LONG JBL DAILY ETF,JBLG,https://www.nyse.com/quote/BATS:JBLG
XNYS,JBND,JP MORGAN ETF TRUST ACTIVE BOND ETF,JBND,https://www.nyse.com/quote/XNYS:JBND
ARCX,JCAL,JPMORGAN CALIFORNIA TAX FREE BOND ETF,JCAL,https://www.nyse.com/quote/ARCX:JCAL
ARCX,JCHI,JP MORGAN ETF TRUST ACTIVE CHINA ETF USD,JCHI,https://www.nyse.com/quote/ARCX:JCHI
ARCX,JCPB,JPMORGAN CORE PLUS BOND ETF,JCPB,https://www.nyse.com/quote/ARCX:JCPB
ARCX,JCPI,JPMORGAN INFLATION MANAGED BOND ETF,JCPI,https://www.nyse.com/quote/ARCX:JCPI
ARCX,JDIV,JPMORGAN DIVIDEND LEADERS ETF,JDIV,https://www.nyse.com/quote/ARCX:JDIV
XNMS,JDOC,JP MORGAN ETF TRUST HEALTHCARE LEADERS ETF,JDOC,https://www.nyse.com/quote/XNMS:JDOC
ARCX,JDST,DIREXION DAILY JUNIOR GOLD MINERS INDEX BEAR 2X ETF,JDST,https://www.nyse.com/quote/ARCX:JDST
ARCX,JDVI,JOHN HANCOCK EXCHANGE TRADED FD TR DISCIPLINED VALUE INTL SELECT ETF,JDVI,https://www.nyse.com/quote/ARCX:JDVI
ARCX,JDVL,JOHN HANCOCK DISCIPLINED VALUE SELECT ETF,JDVL,https://www.nyse.com/quote/ARCX:JDVL
ARCX,JEDI,DEFIANCE DRONE AND MODERN WARFARE ETF,JEDI,https://www.nyse.com/quote/ARCX:JEDI
BATS,JELH,JANUS HENDERSON EQUITY LINKED HIGH INCOME ETF,JELH,https://www.nyse.com/quote/BATS:JELH
BATS,JELM,JANUS HENDERSON EQUITY LINKED MODERATE INCOME ETF,JELM,https://www.nyse.com/quote/BATS:JELM
XNMS,JEMA,JPMORGAN ACTIVEBUILDERS EMERGING MARKETS EQUITY ETF,JEMA,https://www.nyse.com/quote/XNMS:JEMA
ARCX,JEMB,JANUS HENDERSON EMERGING MARKETS DEBT HARD CURRENCY ETF,JEMB,https://www.nyse.com/quote/ARCX:JEMB
ARCX,JEPI,JP MORGAN ETF TRUST EQUITY PREMIUM INC ETF,JEPI,https://www.nyse.com/quote/ARCX:JEPI
XNMS,JEPQ,JP MORGAN ETF TRUST NASDAQ EQUITY PREMIUM INCOME ETF,JEPQ,https://www.nyse.com/quote/XNMS:JEPQ
ARCX,JETD,BANK OF MONTREAL MAX AIRLINES -3X INVERSE LEVERAGED ETNS,JETD,https://www.nyse.com/quote/ARCX:JETD
ARCX,JETS,ETF SERIES SOLUTIONS US GLOBAL JETS ETF,JETS,https://www.nyse.com/quote/ARCX:JETS
ARCX,JETU,BANK OF MONTREAL MAX AIRLINES 3X LEVERAGED ETN,JETU,https://www.nyse.com/quote/ARCX:JETU
ARCX,JFLI,JPMORGAN FLEXIBLE INCOME ETF,JFLI,https://www.nyse.com/quote/ARCX:JFLI
ARCX,JFLX,JPMORGAN FLEXIBLE DEBT ETF,JFLX,https://www.nyse.com/quote/ARCX:JFLX
XNMS,JGLO,JP MORGAN ETF TRUST GLOBAL SELECT EQUITY ETF USD,JGLO,https://www.nyse.com/quote/XNMS:JGLO
ARCX,JGRO,JP MORGAN ETF TRUST ACTIVE GROWTH ETF,JGRO,https://www.nyse.com/quote/ARCX:JGRO
ARCX,JGRW,JENSEN QUALITY GROWTH ETF,JGRW,https://www.nyse.com/quote/ARCX:JGRW
ARCX,JHAC,JOHN HANCOCK EXCHANGE TRADED FD TR FUNDAMENTAL ALL CAP CORE ETF,JHAC,https://www.nyse.com/quote/ARCX:JHAC
XNMS,JHAI,JANUS HENDERSON GLOBAL ARTIFICIAL INTELLIGENCE ETF,JHAI,https://www.nyse.com/quote/XNMS:JHAI
ARCX,JHCB,JOHN HANCOCK EXCHANGE TRADED FD TR CORPORATE BD ETF USD,JHCB,https://www.nyse.com/quote/ARCX:JHCB
ARCX,JHCP,JOHN HANCOCK CORE PLUS BOND ETF,JHCP,https://www.nyse.com/quote/ARCX:JHCP
ARCX,JHCR,JOHN HANCOCK CORE BOND ETF,JHCR,https://www.nyse.com/quote/ARCX:JHCR
ARCX,JHDG,JOHN HANCOCK HEDGED EQUITY ETF,JHDG,https://www.nyse.com/quote/ARCX:JHDG
ARCX,JHDV,JOHN HANCOCK EXCHANGE TRADED FD TR US HIGH DIVIDEND ETF,JHDV,https://www.nyse.com/quote/ARCX:JHDV
ARCX,JHEM,JOHN HANCOCK EXCHANGE TRADED FD TR MULTIFACTOR EMERGING MARKETS ETF,JHEM,https://www.nyse.com/quote/ARCX:JHEM
ARCX,JHHY,JOHN HANCOCK HIGH YIELD ETF,JHHY,https://www.nyse.com/quote/ARCX:JHHY
ARCX,JHID,JOHN HANCOCK EXCHANGE TRADED FD TR INTERNATIONAL HIGH DIVIDEND ETF,JHID,https://www.nyse.com/quote/ARCX:JHID
ARCX,JHLN,JOHN HANCOCK GLOBAL SENIOR LOAN ETF,JHLN,https://www.nyse.com/quote/ARCX:JHLN
ARCX,JHMB,JOHN HANCOCK EXCHANGE TRADED FD TR MORTGAGE-BACKED SECURITIES ETF,JHMB,https://www.nyse.com/quote/ARCX:JHMB
ARCX,JHMD,JOHN HANCOCK EXCHANGE TRADED FD TR MULTIFACTOR DEVELOPED INTL ETF,JHMD,https://www.nyse.com/quote/ARCX:JHMD
XNYS,JHMD,JOHN HANCOCK EXCHA,JHMD,https://www.nyse.com/quote/XNYS:JHMD
ARCX,JHML,JOHN HANCOCK EXCHANGE TRADED FD TR MULTIFACTOR LARGE CAP ETF,JHML,https://www.nyse.com/quote/ARCX:JHML
ARCX,JHMM,JOHN HANCOCK EXCHANGE TRADED FD TR MULTIFACTOR MID CAP ETF,JHMM,https://www.nyse.com/quote/ARCX:JHMM
XNYS,JHMU,JOHN HANCOCK EXCHA,JHMU,https://www.nyse.com/quote/XNYS:JHMU
ARCX,JHMU,JOHN HANCOCK EXCHANGE TRADED FD TR DYNAMIC MUNICIPAL BOND ETF,JHMU,https://www.nyse.com/quote/ARCX:JHMU
ARCX,JHPI,JOHN HANCOCK EXCHANGE TRADED FD TR PREFERRED INCOME ETF,JHPI,https://www.nyse.com/quote/ARCX:JHPI
ARCX,JHSC,JOHN HANCOCK EXCHANGE TRADED FD TR MULTIFACTOR SMALL CAP ETF,JHSC,https://www.nyse.com/quote/ARCX:JHSC
ARCX,JIDE,JPMORGAN INTERNATIONAL DYNAMIC ETF,JIDE,https://www.nyse.com/quote/ARCX:JIDE
ARCX,JIG,JP MORGAN ETF TRUST INTERNATIONAL GROWTH ETF,JIG,https://www.nyse.com/quote/ARCX:JIG
ARCX,JIII,JANUS HENDERSON INCOME ETF,JIII,https://www.nyse.com/quote/ARCX:JIII
ARCX,JIRE,JP MORGAN ETF TRUST INTERNATIONAL RESEARCH ENHANCED EQTY ETF,JIRE,https://www.nyse.com/quote/ARCX:JIRE
XNMS,JIVE,JP MORGAN ETF TRUST INTERNATIONAL VALUE ETF USD,JIVE,https://www.nyse.com/quote/XNMS:JIVE
ARCX,JLQD,JANUS HENDERSON CORPORATE BOND ETF,JLQD,https://www.nyse.com/quote/ARCX:JLQD
ARCX,JMBS,JANUS DETROIT STREET TRUST HENDERSON MORTGAGE BACKED SECURITIES ETF,JMBS,https://www.nyse.com/quote/ARCX:JMBS
ARCX,JMEE,JPMORGAN SMALL & MID CAP ENHANCED EQUITY ETF,JMEE,https://www.nyse.com/quote/ARCX:JMEE
ARCX,JMHI,JP MORGAN ETF TRUST HIGH YIELD MUNICIPAL ETF USD,JMHI,https://www.nyse.com/quote/ARCX:JMHI
XNMS,JMID,JANUS HENDERSON MID CAP GROWTH ALPHA ETF,JMID,https://www.nyse.com/quote/XNMS:JMID
ARCX,JMMF,JPMORGAN 100% U.S. TREASURY SECURITIES MONEY MARKET ETF,JMMF,https://www.nyse.com/quote/ARCX:JMMF
ARCX,JMOM,JP MORGAN ETF TRUST US MOMENTUM FACTOR ETF,JMOM,https://www.nyse.com/quote/ARCX:JMOM
ARCX,JMSI,JP MORGAN ETF TRUST SUSTAINABLE MUNICIPAL INCOME ETF USD,JMSI,https://www.nyse.com/quote/ARCX:JMSI
ARCX,JMST,JPMORGAN ULTRA-SHORT MUNICIPAL INCOME ETF,JMST,https://www.nyse.com/quote/ARCX:JMST
ARCX,JMTG,JPMORGAN MORTGAGE-BACKED SECURITIES ETF,JMTG,https://www.nyse.com/quote/ARCX:JMTG
ARCX,JMUB,JPMORGAN MUNICIPAL ETF,JMUB,https://www.nyse.com/quote/ARCX:JMUB
BATS,JNEU,ALLIANZIM U.S. EQUITY BUFFER15 UNCAPPED JUNE ETF,JNEU,https://www.nyse.com/quote/BATS:JNEU
ARCX,JNK,STATE STREET SPDR BLOOMBERG HIGH YIELD BOND ETF,JNK,https://www.nyse.com/quote/ARCX:JNK
ARCX,JNUG,DIREXION DAILY JUNIOR GOLD MINERS INDEX BULL 2X ETF,JNUG,https://www.nyse.com/quote/ARCX:JNUG
BATS,JOBC,CORGI JOBY 2X DAILY ETF,JOBC,https://www.nyse.com/quote/BATS:JOBC
BATS,JOBX,TRADR 2X LONG JOBY DAILY ETF,JOBX,https://www.nyse.com/quote/BATS:JOBX
ARCX,JOET,VIRTUS ETF TRUST II VIRTUS TERRANOVA US QUALITY MOMENTUM ETF,JOET,https://www.nyse.com/quote/ARCX:JOET
ARCX,JOJO,TIDAL ETF TRUST ATAC CR ROTATION ETF,JOJO,https://www.nyse.com/quote/ARCX:JOJO
BATS,JOUL,CORGI HIGH VOLTAGE GRID EQUIPMENT ETF,JOUL,https://www.nyse.com/quote/BATS:JOUL
XNMS,JOYT,JPMORGAN EQUITY AND OPTIONS TOTAL RETURN ETF,JOYT,https://www.nyse.com/quote/XNMS:JOYT
ARCX,JPAN,MATTHEWS INTERNATIONAL FUNDS JAPAN ACTIVE ETF,JPAN,https://www.nyse.com/quote/ARCX:JPAN
XNMS,JPEF,JP MORGAN ETF TRUST EQUITY FOCUS ETF USD,JPEF,https://www.nyse.com/quote/XNMS:JPEF
ARCX,JPEM,JP MORGAN ETF TRUST DIVERSIFIED RETURN EMERGING MKTS EQUITY,JPEM,https://www.nyse.com/quote/ARCX:JPEM
XNMS,JPFP,JPMORGAN MANAGED FUTURES PLUS ETF,JPFP,https://www.nyse.com/quote/XNMS:JPFP
ARCX,JPHY,JPMORGAN ACTIVE HIGH YIELD ETF,JPHY,https://www.nyse.com/quote/ARCX:JPHY
ARCX,JPIB,JPMORGAN INTERNATIONAL BOND OPPORTUNITIES FUND,JPIB,https://www.nyse.com/quote/ARCX:JPIB
ARCX,JPIE,JP MORGAN ETF TRUST INCOME ETF USD,JPIE,https://www.nyse.com/quote/ARCX:JPIE
ARCX,JPIN,JP MORGAN ETF TRUST DIVERSIFIED RETURN INTERNATIONAL EQUITY,JPIN,https://www.nyse.com/quote/ARCX:JPIN
ARCX,JPLD,JPMORGAN LIMITED DURATION BOND ETF,JPLD,https://www.nyse.com/quote/ARCX:JPLD
ARCX,JPMB,JP MORGAN ETF TRUST EMERGING MARKETS SOVEREIGN BOND ETF USD,JPMB,https://www.nyse.com/quote/ARCX:JPMB
XNYS,JPME,JP MORGAN ETF TRUS,JPME,https://www.nyse.com/quote/XNYS:JPME
ARCX,JPME,JP MORGAN ETF TRUST DIVERSIFIED RETURN US MID CAP EQUITY,JPME,https://www.nyse.com/quote/ARCX:JPME
ARCX,JPO,YIELDMAX JP OPTION INCOME STRATEGY ETF,JPO,https://www.nyse.com/quote/ARCX:JPO
ARCX,JPRE,JP MORGAN ETF TRUST REALTY INCOME ETF,JPRE,https://www.nyse.com/quote/ARCX:JPRE
ARCX,JPRF,JPMORGAN PREFERRED AND INCOME SECURITIES ETF,JPRF,https://www.nyse.com/quote/ARCX:JPRF
XNYS,JPSE,JP MORGAN ETF TRUS,JPSE,https://www.nyse.com/quote/XNYS:JPSE
ARCX,JPSE,JP MORGAN ETF TRUST DIVERSIFIED RETURN US SMALL CAP EQUITY,JPSE,https://www.nyse.com/quote/ARCX:JPSE
ARCX,JPST,JP MORGAN ETF TRUST ULTRA SHORT INCOME ETF,JPST,https://www.nyse.com/quote/ARCX:JPST
ARCX,JPSV,JP MORGAN ETF TRUST ACTIVE SMALL CAP VALUE ETF USD,JPSV,https://www.nyse.com/quote/ARCX:JPSV
ARCX,JPUS,JP MORGAN ETF TRUST DIVERSIFIED RETURN US EQUITY USD,JPUS,https://www.nyse.com/quote/ARCX:JPUS
ARCX,JPXN,ISHARES TRUST JPX-NIKKEI 400 ETF,JPXN,https://www.nyse.com/quote/ARCX:JPXN
XNMS,JPY,LAZARD JAPANESE EQUITY ETF,JPY,https://www.nyse.com/quote/XNMS:JPY
ARCX,JQUA,JP MORGAN ETF TRUST US QUALITY FACTOR ETF,JQUA,https://www.nyse.com/quote/ARCX:JQUA
ARCX,JRE,JANUS DETROIT STREET TRUST US REAL ESTATE ETF,JRE,https://www.nyse.com/quote/ARCX:JRE
ARCX,JSCP,JP MORGAN ETF TRUST SHORT DURATION CORE PLUS ETF USD,JSCP,https://www.nyse.com/quote/ARCX:JSCP
ARCX,JSI,JANUS DETROIT STREET TRUST JANUS HENDERSON SECURITIZED INCOME ETF,JSI,https://www.nyse.com/quote/ARCX:JSI
XNMS,JSMD,JANUS DETROIT STREET TRUST HENDERSON SMALL/MID CAP GROWTH ALPHA ETF,JSMD,https://www.nyse.com/quote/XNMS:JSMD
XNMS,JSML,JANUS DETROIT STREET TRUST HENDERSON SMALL CAP GROWTH ALPHA ETF,JSML,https://www.nyse.com/quote/XNMS:JSML
ARCX,JSTC,TIDAL ETF TRUST ADASINA SOCIAL JUSTICE ALL CAP GBL ETF,JSTC,https://www.nyse.com/quote/ARCX:JSTC
XNMS,JTEK,JP MORGAN ETF TRUST U S TECH LEADERS ETF,JTEK,https://www.nyse.com/quote/XNMS:JTEK
ARCX,JTNY,JPMORGAN NEW YORK TAX FREE BOND ETF,JTNY,https://www.nyse.com/quote/ARCX:JTNY
BATS,JUCY,ETF SERIES SOLUTIONS APTUS ENHANCED YIELD ETF,JUCY,https://www.nyse.com/quote/BATS:JUCY
BATS,JUDB,APTUS JULY DEEP BUFFER ETF,JUDB,https://www.nyse.com/quote/BATS:JUDB
BATS,JUDO,JANUS HENDERSON U.S. EQUITY ENHANCED INCOME ETF,JUDO,https://www.nyse.com/quote/BATS:JUDO
BATS,JULB,APTUS JULY BUFFER ETF,JULB,https://www.nyse.com/quote/BATS:JULB
BATS,JULC,CORGI U.S. EQUITIES 10% STRUCTURED BUFFER ETF - JULY SERIES,JULC,https://www.nyse.com/quote/BATS:JULC
BATS,JULH,INNOVATOR ETFS TRUST PREMIUM INCOME 20 BARRIER ETF JULY,JULH,https://www.nyse.com/quote/BATS:JULH
BATS,JULI,ALLIANZIM INTERNATIONAL EQUITY BUFFER15 UNCAPPED JUL ETF,JULI,https://www.nyse.com/quote/BATS:JULI
BATS,JULJ,INNOVATOR ETFS TRUST PREMIUM INCOME 30 BARRIER ETF JULY,JULJ,https://www.nyse.com/quote/BATS:JULJ
BATS,JULM,FT VEST U.S. EQUITY MAX BUFFER ETF - JULY,JULM,https://www.nyse.com/quote/BATS:JULM
BATS,JULP,PGIM S&P 500 BUFFER 12 ETF - JULY,JULP,https://www.nyse.com/quote/BATS:JULP
BATS,JULT,ALLIANZIM U.S. EQUITY BUFFER10 JUL ETF,JULT,https://www.nyse.com/quote/BATS:JULT
BATS,JULU,ALLIANZIM U.S. EQUITY BUFFER15 UNCAPPED JUL ETF,JULU,https://www.nyse.com/quote/BATS:JULU
BATS,JULW,ALLIANZIM U.S. EQUITY BUFFER20 JUL ETF,JULW,https://www.nyse.com/quote/BATS:JULW
BATS,JULZ,TRUESHARES STRUCTURED OUTCOME (JULY) ETF,JULZ,https://www.nyse.com/quote/BATS:JULZ
BATS,JUNC,CORGI U.S. EQUITIES 10% STRUCTURED BUFFER ETF,JUNC,https://www.nyse.com/quote/BATS:JUNC
BATS,JUNM,FT VEST U.S. EQUITY MAX BUFFER ETF - JUNE,JUNM,https://www.nyse.com/quote/BATS:JUNM
BATS,JUNP,PGIM S&P 500 BUFFER 12 ETF - JUNE,JUNP,https://www.nyse.com/quote/BATS:JUNP
BATS,JUNT,ALLIANZIM U.S. EQUITY BUFFER10 JUN ETF,JUNT,https://www.nyse.com/quote/BATS:JUNT
BATS,JUNW,ALLIANZIM U.S. EQUITY BUFFER20 JUN ETF,JUNW,https://www.nyse.com/quote/BATS:JUNW
BATS,JUNZ,LISTED FUND TRUST TRUESHARES STRUCTURED OUTCM JUN ETF USD,JUNZ,https://www.nyse.com/quote/BATS:JUNZ
ARCX,JUSA,JPMORGAN U.S. RESEARCH ENHANCED LARGE CAP ETF,JUSA,https://www.nyse.com/quote/ARCX:JUSA
ARCX,JUST,GOLDMAN SACHS ETF TRUST JUST US LARGE CAP EQUITY ETF,JUST,https://www.nyse.com/quote/ARCX:JUST
ARCX,JVAL,JP MORGAN ETF TRUST US VALUE FACTOR ETF,JVAL,https://www.nyse.com/quote/ARCX:JVAL
ARCX,JXI,ISHARES TRUST GLOBAL UTILITIES ETF,JXI,https://www.nyse.com/quote/ARCX:JXI
BATS,JXX,JANUS HENDERSON TRANSFORMATIONAL GROWTH ETF,JXX,https://www.nyse.com/quote/BATS:JXX
BATS,KAMO,KENSINGTON CREDIT OPPORTUNITIES ETF,KAMO,https://www.nyse.com/quote/BATS:KAMO
BATS,KAPR,INNOVATOR ETFS TRUST US SMALL CAP PWR BUFFER ETF,KAPR,https://www.nyse.com/quote/BATS:KAPR
ARCX,KARS,KRANESHARES TRUST ELECTRIC VEHICLES AND FUTR MBLTY IDX ETF,KARS,https://www.nyse.com/quote/ARCX:KARS
XNMS,KAT,SCHARF ETF,KAT,https://www.nyse.com/quote/XNMS:KAT
BATS,KAUG,INNOVATOR U.S. SMALL CAP POWER BUFFER ETF - AUGUST,KAUG,https://www.nyse.com/quote/BATS:KAUG
ARCX,KBA,KRANESHARES TR BOSERA MSCI CHINA A 50 CONNECT INDEX ETF,KBA,https://www.nyse.com/quote/ARCX:KBA
XNMS,KBAB,KRANESHARES 2X LONG BABA DAILY ETF,KBAB,https://www.nyse.com/quote/XNMS:KBAB
XNMS,KBDU,KRANESHARES 2X LONG BIDU DAILY ETF,KBDU,https://www.nyse.com/quote/XNMS:KBDU
ARCX,KBE,STATE STREET SPDR S&P BANK ETF,KBE,https://www.nyse.com/quote/ARCX:KBE
ARCX,KBFR,INNOVATOR U.S. SMALL CAP MANAGED 10 BUFFER ETF,KBFR,https://www.nyse.com/quote/ARCX:KBFR
ARCX,KBUF,KRANESHARES 90% KWEB DEFINED OUTCOME JANUARY 2027 ETF,KBUF,https://www.nyse.com/quote/ARCX:KBUF
XNMS,KBWB,INVESCO EXCHANGE TRADED FD TR II KBW BK ETF,KBWB,https://www.nyse.com/quote/XNMS:KBWB
XNMS,KBWD,INVESCO EXCHANGE TRADED FD TR II KBW HIGH DIVID YIELD FINL ETF,KBWD,https://www.nyse.com/quote/XNMS:KBWD
XNMS,KBWP,INVESCO EXCHANGE TRADED FD TR II KBW PPTY & CASUALTY INS ETF,KBWP,https://www.nyse.com/quote/XNMS:KBWP
XNMS,KBWY,INVESCO EXCHANGE TRADED FD TR II KBW PREM YIELD EQUITY REIT ETF,KBWY,https://www.nyse.com/quote/XNMS:KBWY
ARCX,KCAI,KRANESHARES CHINA ALPHA INDEX ETF,KCAI,https://www.nyse.com/quote/ARCX:KCAI
ARCX,KCCA,KRANESHARES TR CALIFORNIA CARBON ALLOWANCE STRATEGY ETF,KCCA,https://www.nyse.com/quote/ARCX:KCCA
ARCX,KCE,STATE STREET SPDR S&P CAPITAL MARKETS ETF,KCE,https://www.nyse.com/quote/ARCX:KCE
BATS,KCOP,KURV COPPER & MINING ENHANCED INCOME ETF,KCOP,https://www.nyse.com/quote/BATS:KCOP
ARCX,KCSH,KRANESHARES SUSTAINABLE ULTRA SHORT DURATION INDEX ETF,KCSH,https://www.nyse.com/quote/ARCX:KCSH
BATS,KDEC,INNOVATOR U.S. SMALL CAP POWER BUFFER ETF - DECEMBER,KDEC,https://www.nyse.com/quote/BATS:KDEC
ARCX,KDEF,PLUS KOREA DEFENSE INDUSTRY INDEX ETF,KDEF,https://www.nyse.com/quote/ARCX:KDEF
ARCX,KDRN,ETF OPPORTUNITIES TR KINGSBARN TACTICAL BOND ETF,KDRN,https://www.nyse.com/quote/ARCX:KDRN
ARCX,KDVD,KEELEY DIVIDEND ETF,KDVD,https://www.nyse.com/quote/ARCX:KDVD
XNMS,KEAT,EA SERIES TRUST KEATING ACTIVE ETF,KEAT,https://www.nyse.com/quote/XNMS:KEAT
BATS,KEEX,DEFIANCE DAILY TARGET 2X LONG KEEL ETF,KEEX,https://www.nyse.com/quote/BATS:KEEX
ARCX,KEMQ,KRANESHARES TRUST EMERGING MKTS CONSUMER TECHNLGY INDX ETF,KEMQ,https://www.nyse.com/quote/ARCX:KEMQ
ARCX,KEMX,KRANESHARES TRUST MSCI EMERGING MARKETS EX CHINA INDEX ETF,KEMX,https://www.nyse.com/quote/ARCX:KEMX
BATS,KEYG,LEVERAGE SHARES 2X LONG KEYS DAILY ETF,KEYG,https://www.nyse.com/quote/BATS:KEYG
BATS,KEYX,CORGI KEYS 2X DAILY ETF,KEYX,https://www.nyse.com/quote/BATS:KEYX
BATS,KFEB,INNOVATOR U.S. SMALL CAP POWER BUFFER ETF - FEBRUARY,KFEB,https://www.nyse.com/quote/BATS:KFEB
BATS,KGLD,KURV GOLD ENHANCED INCOME ETF,KGLD,https://www.nyse.com/quote/BATS:KGLD
ARCX,KGRN,KRANESHARES TR MSCI CHINA CLEAN TECHNOLOGY INDEX ETF,KGRN,https://www.nyse.com/quote/ARCX:KGRN
BATS,KHPI,KENSINGTON HEDGED PREMIUM INCOME ETF,KHPI,https://www.nyse.com/quote/BATS:KHPI
ARCX,KHYB,KRANESHARES ASIA PACIFIC HIGH INCOME USD BOND ETF,KHYB,https://www.nyse.com/quote/ARCX:KHYB
ARCX,KIE,STATE STREET SPDR S&P INSURANCE ETF,KIE,https://www.nyse.com/quote/ARCX:KIE
XNMS,KIQQ,KRANESHARES INSPEREX NASDAQ DYNAMIC BUFFERED HIGH INCOME INDEX ETF,KIQQ,https://www.nyse.com/quote/XNMS:KIQQ
BATS,KJAN,INNOVATOR ETFS TRUST INNOVATOR US SML CAP POWER BUFFER ETF,KJAN,https://www.nyse.com/quote/BATS:KJAN
XNMS,KJD,KRANESHARES 2X LONG JD DAILY ETF,KJD,https://www.nyse.com/quote/XNMS:KJD
BATS,KJUL,INNOVATOR ETFS TRUST INNOVATOR US SML CAP POWER BUFFER ETF JU,KJUL,https://www.nyse.com/quote/BATS:KJUL
BATS,KJUN,INNOVATOR U.S. SMALL CAP POWER BUFFER ETF - JUNE,KJUN,https://www.nyse.com/quote/BATS:KJUN
XNMS,KLAG,LEVERAGE SHARES 2X LONG KLAC DAILY ETF,KLAG,https://www.nyse.com/quote/XNMS:KLAG
ARCX,KLIP,KRANESHARES KWEB COVERED CALL STRATEGY ETF,KLIP,https://www.nyse.com/quote/ARCX:KLIP
ARCX,KLMN,INVESCO MSCI NORTH AMERICA CLIMATE ETF ,KLMN,https://www.nyse.com/quote/ARCX:KLMN
ARCX,KLMT,INVESCO MSCI GLOBAL CLIMATE 500 ETF,KLMT,https://www.nyse.com/quote/ARCX:KLMT
BATS,KMAR,INNOVATOR U.S. SMALL CAP POWER BUFFER ETF - MARCH,KMAR,https://www.nyse.com/quote/BATS:KMAR
BATS,KMAY,INNOVATOR U.S. SMALL CAP POWER BUFFER ETF - MAY,KMAY,https://www.nyse.com/quote/BATS:KMAY
ARCX,KMCA,PLUS KOREA MANUFACTURING CORE ALLIANCE INDEX ETF,KMCA,https://www.nyse.com/quote/ARCX:KMCA
BATS,KMEM,KURV MEMORY SELECT ETF,KMEM,https://www.nyse.com/quote/BATS:KMEM
ARCX,KMID,VIRTUS KAR MID-CAP ETF,KMID,https://www.nyse.com/quote/ARCX:KMID
XNMS,KMLI,KRANESHARES 2X LONG MELI DAILY ETF,KMLI,https://www.nyse.com/quote/XNMS:KMLI
ARCX,KMLM,KRANESHARES MOUNT LUCAS MANAGED FUTURES INDEX STRATEGY ETF,KMLM,https://www.nyse.com/quote/ARCX:KMLM
ARCX,KNCT,INVESCO EXCHANGE TRADED FD TR NEXT GEN CONNECTIVITY ETF,KNCT,https://www.nyse.com/quote/ARCX:KNCT
BATS,KNG,FIRST TR EXCHANGE TRADED FD IV VEST S&P 500 DIV ARISTO TRG INC ETF,KNG,https://www.nyse.com/quote/BATS:KNG
XNMS,KNGZ,FIRST TR EXCHANGE TRADED FD VI FST TST S&P 500 DVD ARSTCTS,KNGZ,https://www.nyse.com/quote/XNMS:KNGZ
ARCX,KNO,AXS KNOWLEDGE LEADERS ETF,KNO,https://www.nyse.com/quote/ARCX:KNO
BATS,KNOV,INNOVATOR U.S. SMALL CAP POWER BUFFER ETF - NOVEMBER,KNOV,https://www.nyse.com/quote/BATS:KNOV
BATS,KNOW,MASON CAPITAL FUND TRUST FUNDAMENTALS FIRST ETF,KNOW,https://www.nyse.com/quote/BATS:KNOW
ARCX,KNRG,SIMPLIFY KAYNE ANDERSON ENERGY AND INFRASTRUCTURE CREDIT ETF,KNRG,https://www.nyse.com/quote/ARCX:KNRG
BATS,KOCT,INNOVATOR ETFS TRUST INNOVATOR US SML CAP PWR BUFFER ETF OCT,KOCT,https://www.nyse.com/quote/BATS:KOCT
XNMS,KOID,KRANESHARES GLOBAL HUMANOID ROBOTICS AND PHYSICAL AI INDEX ETF,KOID,https://www.nyse.com/quote/XNMS:KOID
ARCX,KOKU,DBX ETF TRUST XTRACKERS MSCI KOKUSAI EQTY ETF USD,KOKU,https://www.nyse.com/quote/ARCX:KOKU
ARCX,KOLD,PROSHARES TRUST II ULTRASHORT BLOOMBERG NATURAL GAS(R/S),KOLD,https://www.nyse.com/quote/ARCX:KOLD
ARCX,KOMP,STATE STREET SPDR S&P KENSHO NEW ECONOMIES COMPOSITE ETF,KOMP,https://www.nyse.com/quote/ARCX:KOMP
BATS,KONG,FORMIDABLE FORTRESS ETF,KONG,https://www.nyse.com/quote/BATS:KONG
ARCX,KOOL,SPINNAKER ETF SERIES NORTH SHORE EQUITY ROTATION ETF,KOOL,https://www.nyse.com/quote/ARCX:KOOL
ARCX,KORP,AMERICAN CENTURY ETF TRUST DIVERSIFIED CORP BD ETF,KORP,https://www.nyse.com/quote/ARCX:KORP
ARCX,KORU,DIREXION DAILY MSCI SOUTH KOREA BULL 3X ETF,KORU,https://www.nyse.com/quote/ARCX:KORU
XNMS,KPDD,KRANESHARES 2X LONG PDD DAILY ETF,KPDD,https://www.nyse.com/quote/XNMS:KPDD
ARCX,KPHO,KRANESHARES DRAGON CAPITAL GROWTH OF VIETNAM INDEX ETF,KPHO,https://www.nyse.com/quote/ARCX:KPHO
ARCX,KPRO,KRANESHARES 100% KWEB DEFINED OUTCOME JANUARY 2027 ETF,KPRO,https://www.nyse.com/quote/ARCX:KPRO
XNMS,KQQQ,KURV TECHNOLOGY TITANS SELECT ETF,KQQQ,https://www.nyse.com/quote/XNMS:KQQQ
ARCX,KRBN,KRANESHARES TR GLOBAL CARBON STRATEGY ETF,KRBN,https://www.nyse.com/quote/ARCX:KRBN
ARCX,KRE,STATE STREET SPDR S&P REGIONAL BANKING ETF,KRE,https://www.nyse.com/quote/ARCX:KRE
XNMS,KRMA,GLOBAL X FDS GLOBAL X CONSCIOUS COS ETF,KRMA,https://www.nyse.com/quote/XNMS:KRMA
XNYS,KRMA,GLOBAL X FDS,KRMA,https://www.nyse.com/quote/XNYS:KRMA
XNMS,KROP,GLOBAL X FDS GLOBAL X AGTECH & FOOD INNOVATION ETF,KROP,https://www.nyse.com/quote/XNMS:KROP
BATS,KRWX,CORGI SOUTH KOREA 2X DAILY ETF,KRWX,https://www.nyse.com/quote/BATS:KRWX
ARCX,KRYP,PROSHARES COINDESK 20 CRYPTO ETF,KRYP,https://www.nyse.com/quote/ARCX:KRYP
ARCX,KSA,ISHARES TRUST MSCI SAUDI ARABIA ETF,KSA,https://www.nyse.com/quote/ARCX:KSA
BATS,KSEP,INNOVATOR U.S. SMALL CAP POWER BUFFER ETF - SEPTEMBER,KSEP,https://www.nyse.com/quote/BATS:KSEP
BATS,KSLV,KURV SILVER ENHANCED INCOME ETF,KSLV,https://www.nyse.com/quote/BATS:KSLV
ARCX,KSPY,KRANESHARES HEDGEYE HEDGED EQUITY INDEX ETF,KSPY,https://www.nyse.com/quote/ARCX:KSPY
ARCX,KSTR,KRANESHARES TR SSE STAR MKT 50 INDEX ETF,KSTR,https://www.nyse.com/quote/ARCX:KSTR
ARCX,KTEC,KRANESHARES TR KRANESHARES HANG SENG TECH INDEX ETF,KTEC,https://www.nyse.com/quote/ARCX:KTEC
BATS,KTUP,T-REX 2X LONG KTOS DAILY TARGET ETF,KTUP,https://www.nyse.com/quote/BATS:KTUP
ARCX,KURE,KRANESHARES TRUST MSCI ALL CHINA HEALTH CARE INDEX ETF,KURE,https://www.nyse.com/quote/ARCX:KURE
ARCX,KVLE,KRANESHARES TR KRANESHARES VALUE LINE DYNAMIC DIVIDEND,KVLE,https://www.nyse.com/quote/ARCX:KVLE
ARCX,KWEB,KRANESHARES TRUST CSI CHINA INTERNET ETF,KWEB,https://www.nyse.com/quote/ARCX:KWEB
ARCX,KWIN,KRANESHARES WAHED ALTERNATIVE INCOME INDEX ETF,KWIN,https://www.nyse.com/quote/ARCX:KWIN
BATS,KWT,ISHARES TRUST MSCI KUWAIT ETF,KWT,https://www.nyse.com/quote/BATS:KWT
ARCX,KXI,ISHARES TRUST GLOBAL CONSUMER STAPLES ETF,KXI,https://www.nyse.com/quote/ARCX:KXI
BATS,KYC,CORGI DIGITAL BANKING & FINTECH INFRASTRUCTURE ETF,KYC,https://www.nyse.com/quote/BATS:KYC
BATS,KYLD,KURV HIGH INCOME ETF,KYLD,https://www.nyse.com/quote/BATS:KYLD
ARCX,LABD,DIREXION DAILY S&P BIOTECH BEAR 3X ETF,LABD,https://www.nyse.com/quote/ARCX:LABD
ARCX,LABU,DIREXION DAILY S&P BIOTECH BULL 3X ETF,LABU,https://www.nyse.com/quote/ARCX:LABU
BATS,LABX,TRADR 2X LONG ALAB DAILY ETF,LABX,https://www.nyse.com/quote/BATS:LABX
XNMS,LACG,LEVERAGE SHARES 2X LONG LAC DAILY ETF,LACG,https://www.nyse.com/quote/XNMS:LACG
BATS,LADM,PACER SWAN SOS LADDERED MODERATE ETF,LADM,https://www.nyse.com/quote/BATS:LADM
ARCX,LALT,FIRST TR EXCHANGE TRADED FD VIII MULTI STRATEGY ALTERNATIVE ETF,LALT,https://www.nyse.com/quote/ARCX:LALT
BATS,LAPR,INNOVATOR ETFS TRUST PREMIUM INCOME 15 BUFFER ETF APRIL,LAPR,https://www.nyse.com/quote/BATS:LAPR
BATS,LASC,CORGI LASR 2X DAILY ETF,LASC,https://www.nyse.com/quote/BATS:LASC
BATS,LATR,CORGI BUY NOW PAY LATER ETF,LATR,https://www.nyse.com/quote/BATS:LATR
ARCX,LAZR,TEMA PHOTONICS & OPTICAL ETF,LAZR,https://www.nyse.com/quote/ARCX:LAZR
ARCX,LBAY,TIDAL ETF TRUST LEATHERBACK L/S ALTERNATIVE YIELD ETF,LBAY,https://www.nyse.com/quote/ARCX:LBAY
BATS,LBO,EA SERIES TRUST WHITEWOLF PUBLICLY LISTED PRIVTE EQT ETF,LBO,https://www.nyse.com/quote/BATS:LBO
BATS,LCAP,PRINCIPAL CAPITAL APPRECIATION SELECT ETF,LCAP,https://www.nyse.com/quote/BATS:LCAP
XNMS,LCDL,GRANITESHARES 2X LONG LCID DAILY ETF,LCDL,https://www.nyse.com/quote/XNMS:LCDL
XNMS,LCDS,JPMORGAN FUNDAMENTAL DATA SCIENCE LARGE CORE ETF,LCDS,https://www.nyse.com/quote/XNMS:LCDS
BATS,LCF,TOUCHSTONE ETF TRUST US LARGE CAP FOCUSED ETF,LCF,https://www.nyse.com/quote/BATS:LCF
ARCX,LCLG,ADVISORS SERIES TRUST LOGAN CAPITAL BROAD INNOVATIVE GRWTH ETF,LCLG,https://www.nyse.com/quote/ARCX:LCLG
ARCX,LCO,LOGIQ CONTRARIAN OPPORTUNITIES ETF,LCO,https://www.nyse.com/quote/ARCX:LCO
BATS,LCOW,PACER S&P 500 QUALITY FCF ARISTOCRATS ETF,LCOW,https://www.nyse.com/quote/BATS:LCOW
ARCX,LCR,LEUTHOLD CORE ETF,LCR,https://www.nyse.com/quote/ARCX:LCR
ARCX,LCTD,ISHARES WORLD EX U.S. CARBON TRANSITION READINESS AWARE ACTIVE ETF,LCTD,https://www.nyse.com/quote/ARCX:LCTD
BATS,LCTO,KURV U.S. LARGE CAP TAXOPTIMIZED ETF,LCTO,https://www.nyse.com/quote/BATS:LCTO
ARCX,LCTU,ISHARES U.S. CARBON TRANSITION READINESS AWARE ACTIVE ETF,LCTU,https://www.nyse.com/quote/ARCX:LCTU
BATS,LDDR,LIFEX 2035 INCOME BUCKET ETF,LDDR,https://www.nyse.com/quote/BATS:LDDR
XNMS,LDEM,ISHARES TRUST ESG MSCI EM LEADERS ETF,LDEM,https://www.nyse.com/quote/XNMS:LDEM
ARCX,LDRC,ISHARES IBONDS 1-5 YEAR CORPORATE LADDER ETF,LDRC,https://www.nyse.com/quote/ARCX:LDRC
ARCX,LDRH,ISHARES IBONDS 1-5 YEAR HIGH YIELD AND INCOME LADDER ETF,LDRH,https://www.nyse.com/quote/ARCX:LDRH
ARCX,LDRI,ISHARES IBONDS 1-5 YEAR TIPS LADDER ETF,LDRI,https://www.nyse.com/quote/ARCX:LDRI
ARCX,LDRT,ISHARES IBONDS 1-5 YEAR TREASURY LADDER ETF,LDRT,https://www.nyse.com/quote/ARCX:LDRT
XNMS,LDRX,SGI ENHANCED MARKET LEADERS ETF,LDRX,https://www.nyse.com/quote/XNMS:LDRX
XNMS,LDSF,FIRST TR EXCHANGE TRADED FD VIII LOW DURATION STRATEGIC FOCUS ETF,LDSF,https://www.nyse.com/quote/XNMS:LDSF
ARCX,LDUR,PIMCO ETF TRUST ENHANCED LOW DURATION ACTVE EXCH TRD FD,LDUR,https://www.nyse.com/quote/ARCX:LDUR
BATS,LEAD,SIREN ETF TR DIVCON LEADERS DIVID ETF,LEAD,https://www.nyse.com/quote/BATS:LEAD
XNMS,LEGR,FIRST TR EXCHANGE TRADED FD VI INDXX INNOVATIVE TRANSACTION & PRCES ETF,LEGR,https://www.nyse.com/quote/XNMS:LEGR
ARCX,LEMB,ISHARES INC JP MORGAN EM LOCAL CURRENCY BOND ETF,LEMB,https://www.nyse.com/quote/ARCX:LEMB
XNMS,LEND,SEI HIGH YIELD BOND & ALTERNATIVE CREDIT ETF,LEND,https://www.nyse.com/quote/XNMS:LEND
BATS,LENS,SARMAYA THEMATIC ETF,LENS,https://www.nyse.com/quote/BATS:LENS
BATS,LEUX,TRADR 2X LONG LEU DAILY ETF,LEUX,https://www.nyse.com/quote/BATS:LEUX
XNMS,LEXI,ALEXIS PRACTICAL TACTICAL ETF,LEXI,https://www.nyse.com/quote/XNMS:LEXI
BATS,LFAI,LIFEX 2050 LONGEVITY INCOME ETF,LFAI,https://www.nyse.com/quote/BATS:LFAI
BATS,LFAO,LIFEX 2055 LONGEVITY INCOME ETF,LFAO,https://www.nyse.com/quote/BATS:LFAO
BATS,LFAW,LIFEX 2060 LONGEVITY INCOME ETF,LFAW,https://www.nyse.com/quote/BATS:LFAW
BATS,LFBE,LIFEX 2065 LONGEVITY INCOME ETF,LFBE,https://www.nyse.com/quote/BATS:LFBE
BATS,LFDR,LIFEX DURABLE INCOME ETF,LFDR,https://www.nyse.com/quote/BATS:LFDR
ARCX,LFEQ,VANECK ETF TR VANECK LONG/FLAT TREND ETF,LFEQ,https://www.nyse.com/quote/ARCX:LFEQ
ARCX,LFGY,YIELDMAX CRYPTO INDUSTRY & TECH PORTFOLIO OPTION INCOME ETF,LFGY,https://www.nyse.com/quote/ARCX:LFGY
XNMS,LFSC,F/M EMERALD LIFE SCIENCES INNOVATION ETF,LFSC,https://www.nyse.com/quote/XNMS:LFSC
XNMS,LGCF,THEMES US CASH FLOW CHAMPIONS ETF,LGCF,https://www.nyse.com/quote/XNMS:LGCF
ARCX,LGDX,INTECH S&P LARGE CAP DIVERSIFIED ALPHA ETF,LGDX,https://www.nyse.com/quote/ARCX:LGDX
ARCX,LGH,NORTHERN LIGHTS FUND TRUST III HCM DEFENDER 500 INDEX ETF,LGH,https://www.nyse.com/quote/ARCX:LGH
ARCX,LGHT,SPINNAKER ETF SERIES LANGAR GLOBAL HEALTHTECH ETF,LGHT,https://www.nyse.com/quote/ARCX:LGHT
ARCX,LGLV,STATE STREET SPDR US LARGE CAP LOW VOLATILITY INDEX ETF,LGLV,https://www.nyse.com/quote/ARCX:LGLV
ARCX,LGOV,FIRST TR EXCHANGE TRADED FD IV LONG DURATION OPPORTUNITIES ETF,LGOV,https://www.nyse.com/quote/ARCX:LGOV
XNMS,LGRO,ALPS ETF TRUST LEVEL FOUR LARGE CAP GROWTH ACTIVE ETF,LGRO,https://www.nyse.com/quote/XNMS:LGRO
BATS,LIAE,LIFEX 2050 INFLATION-PROTECTED LONGEVITY INCOME ETF,LIAE,https://www.nyse.com/quote/BATS:LIAE
BATS,LIAM,LIFEX 2055 INFLATION-PROTECTED LONGEVITY INCOME ETF,LIAM,https://www.nyse.com/quote/BATS:LIAM
BATS,LIAU,LIFEX 2060 INFLATION-PROTECTED LONGEVITY INCOME ETF,LIAU,https://www.nyse.com/quote/BATS:LIAU
BATS,LIBD,LIFEX 2065 INFLATION-PROTECTED LONGEVITY INCOME ETF,LIBD,https://www.nyse.com/quote/BATS:LIBD
BATS,LIFT,LIFEX 2028 INCOME BUCKET ETF,LIFT,https://www.nyse.com/quote/BATS:LIFT
BATS,LIMI,THEMES LITHIUM & BATTERY METAL MINERS ETF,LIMI,https://www.nyse.com/quote/BATS:LIMI
XNMS,LINT,DIREXION DAILY INTC BULL 2X ETF,LINT,https://www.nyse.com/quote/XNMS:LINT
ARCX,LIT,GLOBAL X FDS GLOBAL X LITHIUM & BATTERY TECH ETF USD,LIT,https://www.nyse.com/quote/ARCX:LIT
BATS,LITC,CORGI LITE 2X DAILY ETF,LITC,https://www.nyse.com/quote/BATS:LITC
ARCX,LITL,SIMPLIFY PIPER SANDLER US SMALL-CAP PLUS INCOME ETF,LITL,https://www.nyse.com/quote/ARCX:LITL
XNMS,LITP,SPROTT FDS TR LITHIUM MINERS ETF,LITP,https://www.nyse.com/quote/XNMS:LITP
BATS,LITU,T-REX 2X LONG LITE DAILY TARGET ETF,LITU,https://www.nyse.com/quote/BATS:LITU
BATS,LITX,TRADR 2X LONG LITE DAILY ETF,LITX,https://www.nyse.com/quote/BATS:LITX
BATS,LITZ,TRADR 2X SHORT LITE DAILY ETF,LITZ,https://www.nyse.com/quote/BATS:LITZ
BATS,LJAN,INNOVATOR ETFS TRUST PREMIUM INCOME 15 BUFFER ETF JANUARY,LJAN,https://www.nyse.com/quote/BATS:LJAN
BATS,LJUL,INNOVATOR PREMIUM INCOME 15 BUFFER ETF - JULY,LJUL,https://www.nyse.com/quote/BATS:LJUL
BATS,LKOR,FLEXSHARES TRUST CREDIT SCORED US LONG CORP BD INDEX FD,LKOR,https://www.nyse.com/quote/BATS:LKOR
ARCX,LLDR,GLOBAL X LONG-TERM TREASURY LADDER ETF,LLDR,https://www.nyse.com/quote/ARCX:LLDR
ARCX,LLYX,DEFIANCE DAILY TARGET 2X LONG LLY ETF,LLYX,https://www.nyse.com/quote/ARCX:LLYX
XNMS,LMBS,FIRST TR EXCHANGE TRADED FD IV FIRST TR LOW DURATION MTG OPPORTUNITIES,LMBS,https://www.nyse.com/quote/XNMS:LMBS
XNMS,LMNX,DEFIANCE DAILY TARGET 2X LONG LMND ETF,LMNX,https://www.nyse.com/quote/XNMS:LMNX
XNMS,LMTL,DIREXION DAILY LMT BULL 2X ETF,LMTL,https://www.nyse.com/quote/XNMS:LMTL
ARCX,LMUB,ISHARES LONG-TERM NATIONAL MUNI BOND ETF,LMUB,https://www.nyse.com/quote/ARCX:LMUB
ARCX,LNGX,GLOBAL X U.S. NATURAL GAS ETF,LNGX,https://www.nyse.com/quote/ARCX:LNGX
BATS,LNOK,DEFIANCE DAILY TARGET 2X LONG NOK ETF,LNOK,https://www.nyse.com/quote/BATS:LNOK
BATS,LOCT,INNOVATOR ETFS TRUST PREMIUM INCOME 15 BUFFER ETF OCTOBER,LOCT,https://www.nyse.com/quote/BATS:LOCT
ARCX,LODI,AAM SLC LOW DURATION INCOME ETF,LODI,https://www.nyse.com/quote/ARCX:LODI
ARCX,LOFF,DIREXION DAILY SPACEX BULL 2X ETF,LOFF,https://www.nyse.com/quote/ARCX:LOFF
XNMS,LOGO,TIDAL TRUST III ALPHA BRANDS CONSUMPTION LDRS ETF,LOGO,https://www.nyse.com/quote/XNMS:LOGO
BATS,LOHA,ROUNDHILL HALO ETF,LOHA,https://www.nyse.com/quote/BATS:LOHA
ARCX,LONZ,PIMCO ETF TRUST SENIOR LOAN ACTIVE EXCHANGE TRADED FUND,LONZ,https://www.nyse.com/quote/ARCX:LONZ
ARCX,LOPP,GABELLI ETFS TR GABELLI LOVE OUR PLANET & PEOPLE ETF,LOPP,https://www.nyse.com/quote/ARCX:LOPP
XNMS,LOTI,LIBERTY ONE TACTICAL INCOME ETF,LOTI,https://www.nyse.com/quote/XNMS:LOTI
ARCX,LOUP,INNOVATOR ETFS TRUST DEEPWATER FRONTIER TECH ETF,LOUP,https://www.nyse.com/quote/ARCX:LOUP
ARCX,LOWV,AB ACTIVE ETFS INC US LOW VOLATILITY EQUITY ETF USD,LOWV,https://www.nyse.com/quote/ARCX:LOWV
ARCX,LPRE,LONG POND REAL ESTATE SELECT ETF,LPRE,https://www.nyse.com/quote/ARCX:LPRE
XNMS,LQ,SIMPLIFY TAX AWARE ALTERNATIVES ETF,LQ,https://www.nyse.com/quote/XNMS:LQ
ARCX,LQAI,EXCHANGE LISTED FUNDS TRUST LG QRAFT AI POWERED US LARGE CAP CORE ET,LQAI,https://www.nyse.com/quote/ARCX:LQAI
ARCX,LQD,ISHARES TRUST IBOXX USD INVESTMENT GRADE CORP BOND ETF,LQD,https://www.nyse.com/quote/ARCX:LQD
ARCX,LQDB,ISHARES TRUST BBB RATED CORPORATE BD ETF,LQDB,https://www.nyse.com/quote/ARCX:LQDB
ARCX,LQDH,ISHARES US ETF TRUST INT RATE HDGD CORPORATE BD,LQDH,https://www.nyse.com/quote/ARCX:LQDH
BATS,LQDI,ISHARES US ETF TRUST INFLATION HEDGED CORPORATE BOND ETF,LQDI,https://www.nyse.com/quote/BATS:LQDI
BATS,LQDM,AMPLIFY LQD INVESTMENT GRADE 12% TARGET INCOME ETF,LQDM,https://www.nyse.com/quote/BATS:LQDM
BATS,LQDW,ISHARES TRUST INVESTMENT GRADE CORP BOND BUYWRITE STRA,LQDW,https://www.nyse.com/quote/BATS:LQDW
BATS,LQID,KURV ENHANCED SHORT MATURITY ETF,LQID,https://www.nyse.com/quote/BATS:LQID
ARCX,LQTI,FT VEST INVESTMENT GRADE & TARGET INCOME ETF,LQTI,https://www.nyse.com/quote/ARCX:LQTI
BATS,LRCC,CORGI LRCX 2X DAILY ETF,LRCC,https://www.nyse.com/quote/BATS:LRCC
BATS,LRCU,TRADR 2X LONG LRCX DAILY ETF,LRCU,https://www.nyse.com/quote/BATS:LRCU
ARCX,LRGC,AB ACTIVE ETFS INC US LARGE CAP STRATEGIC EQUITIES ETF USD,LRGC,https://www.nyse.com/quote/ARCX:LRGC
XNMS,LRGE,LEGG MASON ETF INVESTMENT TRUST CLEARBRIDGE LARGE CAP GROWTH SELECT ETF,LRGE,https://www.nyse.com/quote/XNMS:LRGE
ARCX,LRGF,ISHARES TRUST US EQUITY FACTOR ETF,LRGF,https://www.nyse.com/quote/ARCX:LRGF
ARCX,LRGG,NOMURA FOCUSED LARGE GROWTH ETF,LRGG,https://www.nyse.com/quote/ARCX:LRGG
XNMS,LRND,NEW YORK LIFE INVESTMENTS ETF TRUST NYLI U.S. LARGE CAP R&D LEADERS ETF,LRND,https://www.nyse.com/quote/XNMS:LRND
BATS,LRNX,CORGI LRN 2X DAILY ETF,LRNX,https://www.nyse.com/quote/BATS:LRNX
BATS,LRNZ,TRUESHARES TECHNOLOGY AI & DEEP LEARNING ETF,LRNZ,https://www.nyse.com/quote/BATS:LRNZ
ARCX,LSAF,TWO RDS SHARED TRUST LEADERSHARES ALPHAFACTR US CORE EQTY ETF,LSAF,https://www.nyse.com/quote/ARCX:LSAF
ARCX,LSAT,TWO RDS SHARED TRUST LEADERSHARES ALPHAFACTOR TACTICAL FO ETF,LSAT,https://www.nyse.com/quote/ARCX:LSAT
ARCX,LSCP,NATIXIS LOOMIS SAYLES DYNAMIC CORE PLUS ETF,LSCP,https://www.nyse.com/quote/ARCX:LSCP
ARCX,LSEQ,HARBOR ETF TRUST LONG-SHORT EQUITY ETF,LSEQ,https://www.nyse.com/quote/ARCX:LSEQ
ARCX,LSGR,NATIXIS ETF TR II LOOMIS SAYLES FOCUSED GROWTH ETF USD,LSGR,https://www.nyse.com/quote/ARCX:LSGR
ARCX,LST,LEUTHOLD SELECT INDUSTRIES ETF,LST,https://www.nyse.com/quote/ARCX:LST
ARCX,LSTB,NATIXIS LOOMIS SAYLES TOTAL RETURN BOND ETF,LSTB,https://www.nyse.com/quote/ARCX:LSTB
ARCX,LSVD,LSV DISCIPLINED VALUE ETF,LSVD,https://www.nyse.com/quote/ARCX:LSVD
ARCX,LTAX,NOMURA TAX FREE USA ETF,LTAX,https://www.nyse.com/quote/ARCX:LTAX
XNMS,LTCC,CANARY LITECOIN ETF,LTCC,https://www.nyse.com/quote/XNMS:LTCC
ARCX,LTL,PROSHARES TRUST ULTRA COMMUNICATION SERVICES,LTL,https://www.nyse.com/quote/ARCX:LTL
ARCX,LTPZ,PIMCO ETF TRUST 15+ YR US TIPS INDEX FD ETF,LTPZ,https://www.nyse.com/quote/ARCX:LTPZ
ARCX,LTTI,FT VEST 20+ YEAR TREASURY & TARGET INCOME ETF,LTTI,https://www.nyse.com/quote/ARCX:LTTI
XNMS,LULG,LEVERAGE SHARES 2X LONG LULU DAILY ETF,LULG,https://www.nyse.com/quote/XNMS:LULG
BATS,LUNL,DEFIANCE DAILY TARGET 2X LONG LUNR ETF,LUNL,https://www.nyse.com/quote/BATS:LUNL
XNMS,LVDS,JPMORGAN FUNDAMENTAL DATA SCIENCE LARGE VALUE ETF,LVDS,https://www.nyse.com/quote/XNMS:LVDS
XNMS,LVHD,LEGG MASON ETF INVESTMENT TRUST FRANKLIN US LOW VOLATILITY HG DIV IDX,LVHD,https://www.nyse.com/quote/XNMS:LVHD
BATS,LVHI,LEGG MASON ETF INVESTMENT TRUST FRANKLIN INTL LOW VOLATILITY HG DIVI IDX,LVHI,https://www.nyse.com/quote/BATS:LVHI
XNMS,LVIG,LONGVIEW ADVANTAGE FIXED INCOME ETF,LVIG,https://www.nyse.com/quote/XNMS:LVIG
ARCX,LVLN,STATE STREET SPDR S&P LEVERAGED LOAN ETF,LVLN,https://www.nyse.com/quote/ARCX:LVLN
BATS,LYLD,CAMBRIA LARGE CAP SHAREHOLDER YIELD ETF,LYLD,https://www.nyse.com/quote/BATS:LYLD
XNMS,MAAY,GRANITESHARES YIELDBOOST MARA ETF,MAAY,https://www.nyse.com/quote/XNMS:MAAY
ARCX,MADE,ISHARES U.S. MANUFACTURING ETF,MADE,https://www.nyse.com/quote/ARCX:MADE
BATS,MAGA,ETF SERIES SOLUTIONS POINT BRIDGE AMERICA FIRST ETF,MAGA,https://www.nyse.com/quote/BATS:MAGA
BATS,MAGC,ROUNDHILL CHINA MAGNIFICENT SEVEN ETF,MAGC,https://www.nyse.com/quote/BATS:MAGC
ARCX,MAGG,MADISON ETFS TRUST AGGREGATE BOND ETF,MAGG,https://www.nyse.com/quote/ARCX:MAGG
BATS,MAGO,TUTTLE CAPITAL MAGNIFICENT 7 INCOME BLAST ETF,MAGO,https://www.nyse.com/quote/BATS:MAGO
BATS,MAGS,ROUNDHILL MAGNIFICENT SEVEN ETF,MAGS,https://www.nyse.com/quote/BATS:MAGS
BATS,MAGX,ROUNDHILL DAILY 2X LONG MAGNIFICENT SEVEN ETF,MAGX,https://www.nyse.com/quote/BATS:MAGX
BATS,MAGY,ROUNDHILL MAGNIFICENT SEVEN COVERED CALL ETF,MAGY,https://www.nyse.com/quote/BATS:MAGY
ARCX,MAKX,PROSHARES TRUST S&P KENSHO SMART FACTORIES ETF,MAKX,https://www.nyse.com/quote/ARCX:MAKX
BATS,MAMB,NORTHERN LIGHTS FUND TRUST IV MONARCH AMBASSADOR INCOME INDEX ETF,MAMB,https://www.nyse.com/quote/BATS:MAMB
ARCX,MANI,MAN ACTIVE INCOME ETF,MANI,https://www.nyse.com/quote/ARCX:MANI
ARCX,MAPP,HARBOR ETF TRUST MULTI-ASSET EXPLORER ETF,MAPP,https://www.nyse.com/quote/ARCX:MAPP
BATS,MARM,FIRST TR EXCHANGE TRADED FD VIII FT VEST US EQUITY MAX BUFF ETF MAR,MARM,https://www.nyse.com/quote/BATS:MARM
ARCX,MARO,YIELDMAX MARA OPTION INCOME STRATEGY ETF,MARO,https://www.nyse.com/quote/ARCX:MARO
BATS,MARS,ROUNDHILL SPACE & TECHNOLOGY ETF,MARS,https://www.nyse.com/quote/BATS:MARS
BATS,MART,ALLIANZIM U.S. EQUITY BUFFER10 MAR ETF,MART,https://www.nyse.com/quote/BATS:MART
BATS,MARU,ALLIANZIM U.S. EQUITY BUFFER15 UNCAPPED MAR ETF,MARU,https://www.nyse.com/quote/BATS:MARU
BATS,MARW,ALLIANZIM U.S. EQUITY BUFFER20 MAR ETF,MARW,https://www.nyse.com/quote/BATS:MARW
BATS,MARZ,LISTED FUND TRUST TRUESHARES STRUCTURED OUTCOME MARCH ETF,MARZ,https://www.nyse.com/quote/BATS:MARZ
XNMS,MATE,MAN ACTIVE TREND ENHANCED ETF,MATE,https://www.nyse.com/quote/XNMS:MATE
BATS,MAUG,PACER SWAN SOS MODERATE (AUGUST) ETF,MAUG,https://www.nyse.com/quote/BATS:MAUG
ARCX,MAVF,MATRIX ADVISORS VALUE ETF,MAVF,https://www.nyse.com/quote/ARCX:MAVF
XNMS,MAXI,SIMPLIFY EXCHANGE TRADED FUNDS BITCOIN STRATEGY PLUS INCOME ETF,MAXI,https://www.nyse.com/quote/XNMS:MAXI
BATS,MAXJ,ISHARES LARGE CAP MAX BUFFER JUN ETF,MAXJ,https://www.nyse.com/quote/BATS:MAXJ
BATS,MAYC,CORGI U.S. EQUITIES 10% STRUCTURED BUFFER ETF - MAY SERIES,MAYC,https://www.nyse.com/quote/BATS:MAYC
BATS,MAYM,FT VEST U.S. EQUITY MAX BUFFER ETF - MAY,MAYM,https://www.nyse.com/quote/BATS:MAYM
BATS,MAYP,PGIM S&P 500 BUFFER 12 ETF - MAY,MAYP,https://www.nyse.com/quote/BATS:MAYP
BATS,MAYT,ALLIANZIM U.S. EQUITY BUFFER10 MAY ETF,MAYT,https://www.nyse.com/quote/BATS:MAYT
BATS,MAYU,ALLIANZIM U.S. EQUITY BUFFER15 UNCAPPED MAY ETF,MAYU,https://www.nyse.com/quote/BATS:MAYU
BATS,MAYW,ALLIANZIM U.S. EQUITY BUFFER20 MAY ETF,MAYW,https://www.nyse.com/quote/BATS:MAYW
BATS,MAYZ,LISTED FUND TRUST TRUESHARES STRUCTURED OUTCOME MAY ETF US,MAYZ,https://www.nyse.com/quote/BATS:MAYZ
XNMS,MBB,ISHARES TRUST MBS ETF,MBB,https://www.nyse.com/quote/XNMS:MBB
BATS,MBBA,ISHARES MORTGAGE-BACKED SECURITIES ACTIVE ETF,MBBA,https://www.nyse.com/quote/BATS:MBBA
BATS,MBBB,VANECK ETF TR VANECK MOODY'S ANALYTICS BBB CORPORATE B,MBBB,https://www.nyse.com/quote/BATS:MBBB
BATS,MBCE,MONARCH BLUE CHIPS ELITE INDEX ETF,MBCE,https://www.nyse.com/quote/BATS:MBCE
BATS,MBND,STATE STREET NUVEEN MUNICIPAL BOND ETF,MBND,https://www.nyse.com/quote/BATS:MBND
ARCX,MBOX,EA SERIES TRUST FREEDOM DAY DIVIDEND ETF,MBOX,https://www.nyse.com/quote/ARCX:MBOX
XNMS,MBS,ANGEL OAK MORTGAGE-BACKED SECURITIES ETF,MBS,https://www.nyse.com/quote/XNMS:MBS
ARCX,MBSD,FLEXSHARES TRUST DISCIPLINED DURATION MBS INDEX,MBSD,https://www.nyse.com/quote/ARCX:MBSD
ARCX,MBSF,VALUED ADVISERS TRUST REGAN FLTG RATE MBS ETF,MBSF,https://www.nyse.com/quote/ARCX:MBSF
ARCX,MBSX,REGAN FIXED RATE MBS ETF,MBSX,https://www.nyse.com/quote/ARCX:MBSX
XNMS,MCDS,JPMORGAN FUNDAMENTAL DATA SCIENCE MID CORE ETF,MCDS,https://www.nyse.com/quote/XNMS:MCDS
ARCX,MCH,MATTHEWS ASIAN FUNDS CHINA ACTIVE ETF,MCH,https://www.nyse.com/quote/ARCX:MCH
BATS,MCHG,LEVERAGE SHARES 2X LONG MCHP DAILY ETF,MCHG,https://www.nyse.com/quote/BATS:MCHG
XNMS,MCHI,ISHARES TRUST MSCI CHINA ETF,MCHI,https://www.nyse.com/quote/XNMS:MCHI
XNMS,MCHS,MATTHEWS CHINA INNOVATORS ACTIVE ETF,MCHS,https://www.nyse.com/quote/XNMS:MCHS
BATS,MCHU,TRADR 2X LONG MCHP DAILY ETF,MCHU,https://www.nyse.com/quote/BATS:MCHU
BATS,MCOW,PACER S&P MIDCAP 400 QUALITY FCF ARISTOCRATS ETF,MCOW,https://www.nyse.com/quote/BATS:MCOW
ARCX,MCVT,MILLER CONVERTIBLE TOTAL RETURN ETF,MCVT,https://www.nyse.com/quote/ARCX:MCVT
ARCX,MDAA,MYRIAD DYNAMIC ASSET ALLOCATION ETF,MDAA,https://www.nyse.com/quote/ARCX:MDAA
BATS,MDCR,PACER SWAN SOS MODERATE DECEMBER ETF,MDCR,https://www.nyse.com/quote/BATS:MDCR
BATS,MDEV,FIRST TR EXCHANGE TRADED FD VI INDXX MEDICAL DEVICES ETF,MDEV,https://www.nyse.com/quote/BATS:MDEV
XNMS,MDIV,FIRST TR EXCHANGE TRADED FD VI MULTI-ASSET DIVERSIFIED INCOME INDEX FD,MDIV,https://www.nyse.com/quote/XNMS:MDIV
BATS,MDLV,EA SERIES TRUST MORGAN DEMPSEY LARGE CAP VALUE ETF,MDLV,https://www.nyse.com/quote/BATS:MDLV
BATS,MDPL,NORTHERN LIGHTS FUND TRUST IV MONARCH DIVIDEND PLUS INDEX ETF,MDPL,https://www.nyse.com/quote/BATS:MDPL
XNYS,MDST,WESTWOOD SALIENT ENHANCED MIDSTREAM INCOME ETF,MDST,https://www.nyse.com/quote/XNYS:MDST
ARCX,MDY,STATE STREET SPDR S&P MIDCAP 400 ETF,MDY,https://www.nyse.com/quote/ARCX:MDY
ARCX,MDYG,STATE STREET SPDR S&P 400 MID CAP GROWTH ETF,MDYG,https://www.nyse.com/quote/ARCX:MDYG
ARCX,MDYV,STATE STREET SPDR S&P 400 MID CAP VALUE ETF,MDYV,https://www.nyse.com/quote/ARCX:MDYV
BATS,MEAR,ISHARES SHORT MATURITY MUNICIPAL BOND ACTIVE ETF,MEAR,https://www.nyse.com/quote/BATS:MEAR
ARCX,MEDI,HARBOR ETF TRUST HEALTH CARE ETF,MEDI,https://www.nyse.com/quote/ARCX:MEDI
XNMS,MEDX,LISTED FUND TRUST HORIZON KINETICS MED ETF,MEDX,https://www.nyse.com/quote/XNMS:MEDX
ARCX,MEM,MATTHEWS ASIAN FUNDS EMERGING MARKETS EQUITY ACTIVE ETF,MEM,https://www.nyse.com/quote/ARCX:MEM
XNMS,MEMA,MAN ACTIVE EMERGING MARKETS ALTERNATIVE ETF,MEMA,https://www.nyse.com/quote/XNMS:MEMA
ARCX,MEME,ROUNDHILL MEME STOCK ETF,MEME,https://www.nyse.com/quote/ARCX:MEME
XNMS,MEMS,MATTHEWS ASIAN FUNDS EMERGING MARKETS DISCOVERY ACTIVE ETF,MEMS,https://www.nyse.com/quote/XNMS:MEMS
ARCX,MEMX,MATTHEWS ASIAN FUNDS EMERGING MARKETS EX CHINA ACTIVE ETF,MEMX,https://www.nyse.com/quote/ARCX:MEMX
BATS,MEMY,TUTTLE CAPITAL MEME STOCK INCOME BLAST ETF,MEMY,https://www.nyse.com/quote/BATS:MEMY
XNMS,METD,DIREXION DAILY META BEAR 1X ETF,METD,https://www.nyse.com/quote/XNMS:METD
BATS,METG,LEVERAGE SHARES 2X LONG META DAILY ETF,METG,https://www.nyse.com/quote/BATS:METG
XNMS,METL,SPROTT ACTIVE METALS & MINERS ETF,METL,https://www.nyse.com/quote/XNMS:METL
XNMS,METU,DIREXION DAILY META BULL 2X ETF,METU,https://www.nyse.com/quote/XNMS:METU
ARCX,METV,LISTED FUND TRUST ROUNDHILL BALL METAVERSE ETF USD,METV,https://www.nyse.com/quote/ARCX:METV
BATS,METW,ROUNDHILL META WEEKLYPAY ETF,METW,https://www.nyse.com/quote/BATS:METW
ARCX,MEXX,DIREXION DAILY MSCI MEXICO BULL 3X ETF,MEXX,https://www.nyse.com/quote/ARCX:MEXX
ARCX,MFDX,PIMCO EQUITY SERIES RAFI DYNAMIC MULTI FACTOR INTL EQTY ETF,MFDX,https://www.nyse.com/quote/ARCX:MFDX
BATS,MFEB,PACER SWAN SOS MODERATE (FEBRUARY) ETF,MFEB,https://www.nyse.com/quote/BATS:MFEB
ARCX,MFEM,PIMCO EQUITY SERIES RAFI DYNMC MULT FACTR EMRNG MKTS EQT ETF,MFEM,https://www.nyse.com/quote/ARCX:MFEM
XNMS,MFIG,RBB FUND INC MOTLEY FOOL INNOVATIVE GROWTH ETF,MFIG,https://www.nyse.com/quote/XNMS:MFIG
XNMS,MFLX,FIRST TR EXCHANGE TRADED FD VIII FLEXIBLE MUNICIPAL HIGH INCOME ETF,MFLX,https://www.nyse.com/quote/XNMS:MFLX
XNMS,MFMO,RBB FUND INC MOTLEY FOOL MOMENTUM FACTOR ETF,MFMO,https://www.nyse.com/quote/XNMS:MFMO
XNYS,MFSB,MFS ACTIVE CORE PLUS BOND ETF,MFSB,https://www.nyse.com/quote/XNYS:MFSB
XNYS,MFSG,MFS ACTIVE GROWTH ETF,MFSG,https://www.nyse.com/quote/XNYS:MFSG
XNYS,MFSI,MS ACTIVE INTERNATIONAL ETF,MFSI,https://www.nyse.com/quote/XNYS:MFSI
XNYS,MFSM,MFS ACTIVE INTERMEDIATE MUNI BOND ETF,MFSM,https://www.nyse.com/quote/XNYS:MFSM
XNYS,MFSV,MFS ACTIVE VALUE ETF,MFSV,https://www.nyse.com/quote/XNYS:MFSV
BATS,MFUL,COLLABORATIVE INVESTMNT SER TR MINDFUL CONSERVATIVE ETF USD,MFUL,https://www.nyse.com/quote/BATS:MFUL
ARCX,MFUS,PIMCO EQUITY SERIES RAFI DYNAMIC MULTI FACTOR US EQUITY ETF,MFUS,https://www.nyse.com/quote/ARCX:MFUS
BATS,MFUT,CAMBRIA CHESAPEAKE PURE TREND ETF,MFUT,https://www.nyse.com/quote/BATS:MFUT
XNMS,MFVL,MOTLEY FOOL VALUE FACTOR ETF,MFVL,https://www.nyse.com/quote/XNMS:MFVL
ARCX,MGC,VANGUARD WORLD FUND MEGA CAP 300 INDEX-ETF,MGC,https://www.nyse.com/quote/ARCX:MGC
ARCX,MGK,VANGUARD WORLD FUND MEGA CAP GROWTH ETF,MGK,https://www.nyse.com/quote/ARCX:MGK
BATS,MGKX,CORGI U.S. MEGA-CAP GROWTH 2X DAILY ETF,MGKX,https://www.nyse.com/quote/BATS:MGKX
ARCX,MGMT,UNIFIED SERIES TRUST BALLAST SMALL/MID CAP ETF,MGMT,https://www.nyse.com/quote/ARCX:MGMT
ARCX,MGNR,AMERICAN BEACON SELECT FDS GLG NATURAL RESOURCES ETF,MGNR,https://www.nyse.com/quote/ARCX:MGNR
ARCX,MGOV,FIRST TR EXCHANGE TRADED FD IV INTERMEDIATE GOVERNMENT OPPORTUNITIES ET,MGOV,https://www.nyse.com/quote/ARCX:MGOV
ARCX,MGV,VANGUARD WORLD FUND MEGA CAP VALUE ETF,MGV,https://www.nyse.com/quote/ARCX:MGV
ARCX,MHIG,MILLIMAN HEALTHCARE INFLATION GUARD ETF,MHIG,https://www.nyse.com/quote/ARCX:MHIG
ARCX,MHIP,MILLIMAN HEALTHCARE INFLATION PLUS ETF,MHIP,https://www.nyse.com/quote/ARCX:MHIP
ARCX,MHY,MAN ACTIVE HIGH YIELD ETF,MHY,https://www.nyse.com/quote/ARCX:MHY
BATS,MIC,CORGI MU 2X DAILY ETF,MIC,https://www.nyse.com/quote/BATS:MIC
ARCX,MID,AMERICAN CENTURY ETF TRUST MID CAP GROWTH IMPACT ETF,MID,https://www.nyse.com/quote/ARCX:MID
ARCX,MIDE,XTRACKERS S&P MIDCAP 400 SCORED & SCREENED ETF,MIDE,https://www.nyse.com/quote/ARCX:MIDE
ARCX,MIDU,DIREXION DAILY MID CAP BULL 3X ETF,MIDU,https://www.nyse.com/quote/ARCX:MIDU
BATS,MIG,VANECK ETF TR VANECK MOODY'S ANALYTICS IG CORPORATE BO,MIG,https://www.nyse.com/quote/BATS:MIG
ARCX,MIGO,MIG CORE ETF,MIGO,https://www.nyse.com/quote/ARCX:MIGO
BATS,MILK,PACER US CASH COWS BOND ETF,MILK,https://www.nyse.com/quote/BATS:MILK
XNMS,MILN,GLOBAL X FDS MILLENNIAL CONSUMER ETF,MILN,https://www.nyse.com/quote/XNMS:MILN
XNYS,MILN,GLOBAL X FDS,MILN,https://www.nyse.com/quote/XNYS:MILN
BATS,MINN,TRUST FOR PROFESSIONAL MANAGERS MAIRS & PWR MINN MUN BD ETF,MINN,https://www.nyse.com/quote/BATS:MINN
ARCX,MINO,PIMCO ETF TRUST PIMCO MUNI INCOME OPPORTNS ACTIVE ETF,MINO,https://www.nyse.com/quote/ARCX:MINO
ARCX,MINT,PIMCO ETF TRUST ENHANCED SHORT MATURITY ACTIVE ETF USD,MINT,https://www.nyse.com/quote/ARCX:MINT
ARCX,MINV,MATTHEWS ASIAN FUNDS ASIA INNOVATORS ACTIVE ETF,MINV,https://www.nyse.com/quote/ARCX:MINV
ARCX,MINY,YIELDMAX STRATEGIC METALS & MINING PORTFOLIO OPTION INCOME ETF,MINY,https://www.nyse.com/quote/ARCX:MINY
ARCX,MISL,FIRST TRUST EXCHANGE TRADED FUND INDXX AEROSPACE & DEFENSE ETF,MISL,https://www.nyse.com/quote/ARCX:MISL
ARCX,MIVL,MFS ACTIVE INTERNATIONAL VALUE ETF,MIVL,https://www.nyse.com/quote/ARCX:MIVL
ARCX,MJ,AMPLIFY ALTERNATIVE HARVEST ETF,MJ,https://www.nyse.com/quote/ARCX:MJ
ARCX,MJSC,MUFG JAPAN SMALL CAP ACTIVE ETF,MJSC,https://www.nyse.com/quote/ARCX:MJSC
BATS,MJUN,PACER SWAN SOS MODERATE JUNE ETF,MJUN,https://www.nyse.com/quote/BATS:MJUN
XNMS,MKAM,EA SERIES TRUST MKAM ETF,MKAM,https://www.nyse.com/quote/XNMS:MKAM
ARCX,MKOR,MATTHEWS ASIAN FUNDS KOREA ACTIVE ETF,MKOR,https://www.nyse.com/quote/ARCX:MKOR
ARCX,MKTN,FEDERATED HERMES MDT MARKET NEUTRAL ETF,MKTN,https://www.nyse.com/quote/ARCX:MKTN
ARCX,MLDR,GLOBAL X INTERMEDIATE-TERM TREASURY LADDER ETF,MLDR,https://www.nyse.com/quote/ARCX:MLDR
BATS,MLN,VANECK ETF TR VANECK LONG MUNI ETF,MLN,https://www.nyse.com/quote/BATS:MLN
ARCX,MLPA,GLOBAL X FDS GLOBAL X MLP ETF (POST REV SPLIT),MLPA,https://www.nyse.com/quote/ARCX:MLPA
ARCX,MLPD,GLOBAL X MLP & ENERGY INFRASTRUCTURE COVERED CALL ETF,MLPD,https://www.nyse.com/quote/ARCX:MLPD
BATS,MLPI,NEOS MLP & ENERGY INFRASTRUCTURE HIGH INCOME ETF,MLPI,https://www.nyse.com/quote/BATS:MLPI
ARCX,MLPX,GLOBAL X FDS MLP & ENERGY INFRASTRUCTURE ETF(PST REV,MLPX,https://www.nyse.com/quote/ARCX:MLPX
BATS,MMAR,PACER SWAN SOS MODERATE MARCH ETF,MMAR,https://www.nyse.com/quote/BATS:MMAR
BATS,MMAX,ISHARES LARGE CAP MAX BUFFER MAR ETF,MMAX,https://www.nyse.com/quote/BATS:MMAX
BATS,MMAY,PACER SWAN SOS MODERATE (MAY) ETF,MMAY,https://www.nyse.com/quote/BATS:MMAY
ARCX,MMCA,NYLI MACKAY CALIFORNIA MUNI INTERMEDIATE ETF,MMCA,https://www.nyse.com/quote/ARCX:MMCA
XNYS,MMID,MFS ACTIVE MID CAP ETF,MMID,https://www.nyse.com/quote/XNYS:MMID
ARCX,MMIN,NYLI MACKAY MUNI INSURED ETF,MMIN,https://www.nyse.com/quote/ARCX:MMIN
ARCX,MMIT,NYLI MACKAY MUNI INTERMEDIATE ETF,MMIT,https://www.nyse.com/quote/ARCX:MMIT
XNYS,MMK,STATE STREET PRIME MONEY MARKET ETF,MMK,https://www.nyse.com/quote/XNYS:MMK
XNYS,MMKT,TEXAS CAPITAL GOVERNMENT MONEY MARKET ETF,MMKT,https://www.nyse.com/quote/XNYS:MMKT
ARCX,MMMA,NYLI MACKAY MUNI ALLOCATION ETF,MMMA,https://www.nyse.com/quote/ARCX:MMMA
ARCX,MMSC,FIRST TR EXCHANGE TRADED FD VIII MULTI MANAGER SMALL CAP OPPORTUNITIES ET,MMSC,https://www.nyse.com/quote/ARCX:MMSC
ARCX,MMSD,NYLI MACKAY MUNI SHORT DURATION ETF,MMSD,https://www.nyse.com/quote/ARCX:MMSD
ARCX,MMTM,STATE STREET SPDR S&P 1500 MOMENTUM TILT ETF,MMTM,https://www.nyse.com/quote/ARCX:MMTM
ARCX,MNA,NYLI MERGER ARBITRAGE ETF,MNA,https://www.nyse.com/quote/ARCX:MNA
ARCX,MNBD,ALPS BBH INTERMEDIATE MUNICIPAL BOND ETF,MNBD,https://www.nyse.com/quote/ARCX:MNBD
ARCX,MNRS,GRAYSCALE BITCOIN MINERS ETF,MNRS,https://www.nyse.com/quote/ARCX:MNRS
BATS,MNSX,CORGI MNST 2X DAILY ETF,MNSX,https://www.nyse.com/quote/BATS:MNSX
BATS,MNVR,PACER SWAN SOS MODERATE (NOVEMBER) ETF,MNVR,https://www.nyse.com/quote/BATS:MNVR
XNMS,MNVT,MOONVEST ETF,MNVT,https://www.nyse.com/quote/XNMS:MNVT
XNMS,MNZL,MANZIL RUSSELL HALAL USA BROAD MARKET ETF,MNZL,https://www.nyse.com/quote/XNMS:MNZL
BATS,MOAT,VANECK ETF TR VANECK MORNINGSTAR WIDE MOAT ETF,MOAT,https://www.nyse.com/quote/BATS:MOAT
XNMS,MODL,VICTORY PORTFOLIOS II VICTORYSHARES WESTEND U S SECTOR ETF,MODL,https://www.nyse.com/quote/XNMS:MODL
ARCX,MOO,VANECK ETF TR VANECK AGRIBUSINESS ETF,MOO,https://www.nyse.com/quote/ARCX:MOO
XNMS,MOOD,EA SERIES TRUST RELATIVE SENTIMENT TACTICAL ALLOCATN ETF,MOOD,https://www.nyse.com/quote/XNMS:MOOD
ARCX,MORT,VANECK ETF TR VANECK MORTGAGE REIT INCOME ETF,MORT,https://www.nyse.com/quote/ARCX:MORT
BATS,MOTG,VANECK ETF TR VANECK MORNINGSTAR GLOBAL WIDE MOAT ETF,MOTG,https://www.nyse.com/quote/BATS:MOTG
XNYS,MOTI,VANECK ETF TR,MOTI,https://www.nyse.com/quote/XNYS:MOTI
BATS,MOTI,VANECK ETF TR VANECK MORNINGSTAR INTERNATIONAL MOAT ET,MOTI,https://www.nyse.com/quote/BATS:MOTI
ARCX,MOTO,GUINNESS ATKINSON SMART TRANSPORTATION & TECHNOLOGY ETF,MOTO,https://www.nyse.com/quote/ARCX:MOTO
XNMS,MPG,LEVERAGE SHARES 2X LONG MP DAILY ETF,MPG,https://www.nyse.com/quote/XNMS:MPG
ARCX,MPL,DEFIANCE DAILY TARGET 2X LONG MP ETF,MPL,https://www.nyse.com/quote/ARCX:MPL
BATS,MPLY,MONOPOLY ETF,MPLY,https://www.nyse.com/quote/BATS:MPLY
BATS,MPRO,NORTHERN LIGHTS FUND TRUST IV MONARCH PROCAP INDEX ETF,MPRO,https://www.nyse.com/quote/BATS:MPRO
BATS,MPWC,CORGI MPWR 2X DAILY ETF,MPWC,https://www.nyse.com/quote/BATS:MPWC
BATS,MPWX,TRADR 2X LONG MPWR DAILY ETF,MPWX,https://www.nyse.com/quote/BATS:MPWX
XNMS,MQQQ,INVESTMENT MANAGERS SERIES TRUST II TRADR 2X LONG INNOVATION 100 MONTHLY ETF,MQQQ,https://www.nyse.com/quote/XNMS:MQQQ
XNMS,MRA,GRANITESHARES AUTOCALLABLE MARA ETF,MRA,https://www.nyse.com/quote/XNMS:MRA
XNMS,MRAL,GRANITESHARES 2X LONG MARA DAILY ETF,MRAL,https://www.nyse.com/quote/XNMS:MRAL
BATS,MRCP,PGIM S&P 500 BUFFER 12 ETF - MARCH,MRCP,https://www.nyse.com/quote/BATS:MRCP
BATS,MRGR,PROSHARES TRUST MERGER ETF,MRGR,https://www.nyse.com/quote/BATS:MRGR
ARCX,MRNX,DEFIANCE DAILY TARGET 2X LONG MRNA ETF,MRNX,https://www.nyse.com/quote/ARCX:MRNX
ARCX,MRNY,TIDAL TRUST II YIELDMAX MRNA OPTION INCOME STRATEGY ETF,MRNY,https://www.nyse.com/quote/ARCX:MRNY
ARCX,MRSK,NORTHERN LIGHTS FUND TRUST TOEWS AGILITY SHARES MANAGED RISK ETF,MRSK,https://www.nyse.com/quote/ARCX:MRSK
XNMS,MRVU,DIREXION DAILY MRVL BULL 2X ETF,MRVU,https://www.nyse.com/quote/XNMS:MRVU
ARCX,MSBT,MORGAN STANLEY BITCOIN TRUST,MSBT,https://www.nyse.com/quote/ARCX:MSBT
BATS,MSEP,PACER SWAN SOS MODERATE SEPTEMBER ETF,MSEP,https://www.nyse.com/quote/BATS:MSEP
BATS,MSFC,CORGI MSFT 2X DAILY ETF,MSFC,https://www.nyse.com/quote/BATS:MSFC
XNMS,MSFD,DIREXION DAILY MSFT BEAR 1X ETF,MSFD,https://www.nyse.com/quote/XNMS:MSFD
XNMS,MSFL,GRANITESHARES ETF TRUST GRANITESHARES 2X LONG MSFT DAILY ETF,MSFL,https://www.nyse.com/quote/XNMS:MSFL
ARCX,MSFO,TIDAL TRUST II YIELDMAX MSFT OPTION INCOME STRATEGY ETF,MSFO,https://www.nyse.com/quote/ARCX:MSFO
XNMS,MSFU,DIREXION DAILY MSFT BULL 2X ETF,MSFU,https://www.nyse.com/quote/XNMS:MSFU
BATS,MSFW,ROUNDHILL MSFT WEEKLYPAY ETF,MSFW,https://www.nyse.com/quote/BATS:MSFW
BATS,MSFX,ETF OPPORTUNITIES TR T REX 2X LONG MICROSOFT DAILY TARGET ETF,MSFX,https://www.nyse.com/quote/BATS:MSFX
BATS,MSFY,KURV YIELD PREMIUM STRATEGY MICROSOFT (MSFT) ETF,MSFY,https://www.nyse.com/quote/BATS:MSFY
BATS,MSIX,CORGI MSI 2X DAILY ETF,MSIX,https://www.nyse.com/quote/BATS:MSIX
ARCX,MSLC,MORGAN STANLEY PATHWAY LARGE CAP EQUITY ETF,MSLC,https://www.nyse.com/quote/ARCX:MSLC
BATS,MSMR,ETF SERIES SOLUTIONS MCELHENNY SHEFFIELD MANAGED RISK ETF,MSMR,https://www.nyse.com/quote/BATS:MSMR
ARCX,MSOS,ADVISORSHARES TRUST PURE US CANNABIS ETF,MSOS,https://www.nyse.com/quote/ARCX:MSOS
ARCX,MSOX,ADVISORSHARES MSOS DAILY LEVERAGED ETF,MSOX,https://www.nyse.com/quote/ARCX:MSOX
XNMS,MSR,GRANITESHARES AUTOCALLABLE MSTR ETF,MSR,https://www.nyse.com/quote/XNMS:MSR
ARCX,MSSM,MORGAN STANLEY PATHWAY SMALL-MID CAP EQUITY ETF,MSSM,https://www.nyse.com/quote/ARCX:MSSM
BATS,MSSS,NORTHERN LIGHTS FUND TRUST IV MONARCH SELECT SUBSECTOR INDEX ETF,MSSS,https://www.nyse.com/quote/BATS:MSSS
BATS,MSST,YIELDMAX MSTR PERFORMANCE & DISTRIBUTION TARGET 25 ETF,MSST,https://www.nyse.com/quote/BATS:MSST
XNMS,MST,DEFIANCE LEVERAGED LONG INCOME MSTR ETF,MST,https://www.nyse.com/quote/XNMS:MST
BATS,MSTB,ETF SERIES SOLUTIONS LHA MARKET STATE TACTICAL BETA ETF,MSTB,https://www.nyse.com/quote/BATS:MSTB
BATS,MSTC,CORGI MSTR 2X DAILY ETF,MSTC,https://www.nyse.com/quote/BATS:MSTC
ARCX,MSTI,MADISON ETFS TRUST SHORT TERM STRATEGIC INCOME ETF,MSTI,https://www.nyse.com/quote/ARCX:MSTI
XNMS,MSTP,GRANITESHARES 2X LONG MSTR DAILY ETF,MSTP,https://www.nyse.com/quote/XNMS:MSTP
BATS,MSTQ,ETF SERIES SOLUTIONS LHA MARKET STATE TACTICAL Q ETF,MSTQ,https://www.nyse.com/quote/BATS:MSTQ
BATS,MSTU,T-REX 2X LONG MSTR DAILY TARGET ETF,MSTU,https://www.nyse.com/quote/BATS:MSTU
BATS,MSTW,ROUNDHILL MSTR WEEKLYPAY ETF,MSTW,https://www.nyse.com/quote/BATS:MSTW
XNMS,MSTX,DEFIANCE DAILY TARGET 2X LONG MSTR ETF,MSTX,https://www.nyse.com/quote/XNMS:MSTX
ARCX,MSTY,YIELDMAX MSTR OPTION INCOME STRATEGY ETF,MSTY,https://www.nyse.com/quote/ARCX:MSTY
BATS,MSTZ,T-REX 2X INVERSE MSTR DAILY TARGET ETF,MSTZ,https://www.nyse.com/quote/BATS:MSTZ
ARCX,MTBA,SIMPLIFY EXCHANGE TRADED FUNDS SIMPLIFY MBS ETF,MTBA,https://www.nyse.com/quote/ARCX:MTBA
ARCX,MTGP,WISDOMTREE TRUST MORTGAGE PLUS BOND FUND,MTGP,https://www.nyse.com/quote/ARCX:MTGP
BATS,MTRA,INVESCO INTERNATIONAL GROWTH FOCUS ETF,MTRA,https://www.nyse.com/quote/BATS:MTRA
BATS,MTSG,LEVERAGE SHARES 2X LONG MTSI DAILY ETF,MTSG,https://www.nyse.com/quote/BATS:MTSG
BATS,MTUM,ISHARES TRUST MSCI USA MOMENTUM FACTOR ETF,MTUM,https://www.nyse.com/quote/BATS:MTUM
XNMS,MTYY,GRANITESHARES YIELDBOOST MSTR ETF,MTYY,https://www.nyse.com/quote/XNMS:MTYY
ARCX,MUB,ISHARES TRUST NATIONAL MUNI BOND ETF,MUB,https://www.nyse.com/quote/ARCX:MUB
XNMS,MUD,DIREXION DAILY MU BEAR 1X ETF,MUD,https://www.nyse.com/quote/XNMS:MUD
XNMS,MULL,GRANITESHARES 2X LONG MU DAILY ETF,MULL,https://www.nyse.com/quote/XNMS:MULL
XNMS,MULT,FRANKLIN MULTISECTOR INCOME ETF,MULT,https://www.nyse.com/quote/XNMS:MULT
ARCX,MUNA,NORTHERN TRUST 2030 TAX-EXEMPT DISTRIBUTING LADDER ETF,MUNA,https://www.nyse.com/quote/ARCX:MUNA
ARCX,MUNB,NORTHERN TRUST 2035 TAX-EXEMPT DISTRIBUTING LADDER ETF,MUNB,https://www.nyse.com/quote/ARCX:MUNB
ARCX,MUNC,NORTHERN TRUST 2045 TAX-EXEMPT DISTRIBUTING LADDER ETF,MUNC,https://www.nyse.com/quote/ARCX:MUNC
ARCX,MUND,NORTHERN TRUST 2055 TAX-EXEMPT DISTRIBUTING LADDER ETF,MUND,https://www.nyse.com/quote/ARCX:MUND
ARCX,MUNI,PIMCO ETF TRUST INTERMEDIATE MUNICIPAL BOND ETF,MUNI,https://www.nyse.com/quote/ARCX:MUNI
ARCX,MUNX,AMG GW&K MUNI INCOME ETF,MUNX,https://www.nyse.com/quote/ARCX:MUNX
BATS,MUNY,VANGUARD NEW YORK TAX-EXEMPT BOND ETF,MUNY,https://www.nyse.com/quote/BATS:MUNY
XNYS,MUSE,TCW MULTISECTOR CREDIT INCOME ETF,MUSE,https://www.nyse.com/quote/XNYS:MUSE
ARCX,MUSI,AMERICAN CENTURY ETF TRUST MULTISECTOR INCOME ETF,MUSI,https://www.nyse.com/quote/ARCX:MUSI
ARCX,MUSQ,MUSQ GLOBAL MUSIC INDUSTRY INDEX ETF,MUSQ,https://www.nyse.com/quote/ARCX:MUSQ
ARCX,MUST,COLUMBIA ETF TR I MULTI SECTOR MUNICIPAL INCOME ETF,MUST,https://www.nyse.com/quote/ARCX:MUST
XNMS,MUU,DIREXION DAILY MU BULL 2X ETF,MUU,https://www.nyse.com/quote/XNMS:MUU
XNMS,MUYY,GRANITESHARES YIELDBOOST MU ETF,MUYY,https://www.nyse.com/quote/XNMS:MUYY
ARCX,MUZ,DEFIANCE DAILY TARGET 2X SHORT MU ETF,MUZ,https://www.nyse.com/quote/ARCX:MUZ
BATS,MVAL,VANECK ETF TR MORNINGSTAR WIDE MOAT VALUE ETF,MVAL,https://www.nyse.com/quote/BATS:MVAL
BATS,MVFD,NORTHERN LIGHTS FUND TRUST IV MONARCH VOLUME FACTOR DIV TREE IDX ETF,MVFD,https://www.nyse.com/quote/BATS:MVFD
BATS,MVFG,NORTHERN LIGHTS FUND TRUST IV MONARCH VOLUME FCTR GLBL UNCNSTRND IDX E,MVFG,https://www.nyse.com/quote/BATS:MVFG
XNMS,MVLL,GRANITESHARES 2X LONG MRVL DAILY ETF,MVLL,https://www.nyse.com/quote/XNMS:MVLL
ARCX,MVPA,ADVISOR MANAGED PORTFOLIOS MILLER VALUE PARTNERS APPRECIATION ETF,MVPA,https://www.nyse.com/quote/ARCX:MVPA
ARCX,MVPL,ADVISOR MANAGED PORTFOLIOS MILLER VALUE PARTNERS LEVERAGE ETF,MVPL,https://www.nyse.com/quote/ARCX:MVPL
ARCX,MVV,PROSHARES TRUST PSHS ULT MCAP400,MVV,https://www.nyse.com/quote/ARCX:MVV
ARCX,MWHS,SKYLAR ELECTRICITY FUTURES ETF,MWHS,https://www.nyse.com/quote/ARCX:MWHS
ARCX,MXI,ISHARES TRUST GLOBAL MATERIALS ETF,MXI,https://www.nyse.com/quote/ARCX:MXI
XNMS,MYCF,STATE STREET MY2026 CORPORATE BOND ETF,MYCF,https://www.nyse.com/quote/XNMS:MYCF
XNMS,MYCG,STATE STREET MY2027 CORPORATE BOND ETF,MYCG,https://www.nyse.com/quote/XNMS:MYCG
XNMS,MYCH,STATE STREET MY2028 CORPORATE BOND ETF,MYCH,https://www.nyse.com/quote/XNMS:MYCH
XNMS,MYCI,STATE STREET MY2029 CORPORATE BOND ETF,MYCI,https://www.nyse.com/quote/XNMS:MYCI
XNMS,MYCJ,STATE STREET MY2030 CORPORATE BOND ETF,MYCJ,https://www.nyse.com/quote/XNMS:MYCJ
XNMS,MYCK,STATE STREET MY2031 CORPORATE BOND ETF,MYCK,https://www.nyse.com/quote/XNMS:MYCK
XNMS,MYCL,STATE STREET MY2032 CORPORATE BOND ETF,MYCL,https://www.nyse.com/quote/XNMS:MYCL
XNMS,MYCM,STATE STREET MY2033 CORPORATE BOND ETF,MYCM,https://www.nyse.com/quote/XNMS:MYCM
XNMS,MYCN,STATE STREET MY2034 CORPORATE BOND ETF,MYCN,https://www.nyse.com/quote/XNMS:MYCN
XNMS,MYCO,STATE STREET MY2035 CORPORATE BOND ETF,MYCO,https://www.nyse.com/quote/XNMS:MYCO
XNMS,MYHA,STATE STREET MY2027 HIGH YIELD CORPORATE BOND ETF,MYHA,https://www.nyse.com/quote/XNMS:MYHA
XNMS,MYHB,STATE STREET MY2028 HIGH YIELD CORPORATE BOND ETF,MYHB,https://www.nyse.com/quote/XNMS:MYHB
XNMS,MYHC,STATE STREET MY2029 HIGH YIELD CORPORATE BOND ETF,MYHC,https://www.nyse.com/quote/XNMS:MYHC
XNMS,MYHD,STATE STREET MY2030 HIGH YIELD CORPORATE BOND ETF,MYHD,https://www.nyse.com/quote/XNMS:MYHD
XNMS,MYHE,STATE STREET MY2031 HIGH YIELD CORPORATE BOND ETF,MYHE,https://www.nyse.com/quote/XNMS:MYHE
BATS,MYLD,CAMBRIA ETF TRUST MICRO AND SMALLCAP SHAREHOLDER YIELD ETF,MYLD,https://www.nyse.com/quote/BATS:MYLD
XNMS,MYMF,STATE STREET MY2026 MUNICIPAL BOND ETF,MYMF,https://www.nyse.com/quote/XNMS:MYMF
XNMS,MYMG,STATE STREET MY2027 MUNICIPAL BOND ETF,MYMG,https://www.nyse.com/quote/XNMS:MYMG
XNMS,MYMH,STATE STREET MY2028 MUNICIPAL BOND ETF,MYMH,https://www.nyse.com/quote/XNMS:MYMH
XNMS,MYMI,STATE STREET MY2029 MUNICIPAL BOND ETF,MYMI,https://www.nyse.com/quote/XNMS:MYMI
XNMS,MYMJ,STATE STREET MY2030 MUNICIPAL BOND ETF,MYMJ,https://www.nyse.com/quote/XNMS:MYMJ
XNMS,MYMK,STATE STREET MY2031 MUNICIPAL BOND ETF,MYMK,https://www.nyse.com/quote/XNMS:MYMK
ARCX,MYY,PROSHARES TRUST SHORT S&P MID CAP 400 ETF (POST SPLIT),MYY,https://www.nyse.com/quote/ARCX:MYY
ARCX,MZZ,PROSHARES TRUST ULTRASHORT MIDCAP 400 NEW APRIL 2021(R/S,MZZ,https://www.nyse.com/quote/ARCX:MZZ
ARCX,NACP,TIDAL TRUST III NAACP MINORITY EMPOWERMENT ETF,NACP,https://www.nyse.com/quote/ARCX:NACP
ARCX,NAIL,DIREXION DAILY HOMEBUILDERS & SUPPLIES BULL 3X ETF,NAIL,https://www.nyse.com/quote/ARCX:NAIL
BATS,NANC,UNUSUAL WHALES SUBVERSIVE DEMOCRATIC TRADING ETF,NANC,https://www.nyse.com/quote/BATS:NANC
ARCX,NANR,STATE STREET SPDR S&P NORTH AMERICAN NATURAL RESOURCES ETF,NANR,https://www.nyse.com/quote/ARCX:NANR
BATS,NAPR,INNOVATOR ETFS TRUST GROWTH 100 POWER BUFFER ETF,NAPR,https://www.nyse.com/quote/BATS:NAPR
ARCX,NASA,TEMA SPACE INNOVATORS ETF,NASA,https://www.nyse.com/quote/ARCX:NASA
XNMS,NATO,THEMES TRANSATLANTIC DEFENSE ETF,NATO,https://www.nyse.com/quote/XNMS:NATO
BATS,NAUG,INNOVATOR GROWTH-100 POWER BUFFER ETF - AUGUST,NAUG,https://www.nyse.com/quote/BATS:NAUG
ARCX,NBCE,NEUBERGER CHINA EQUITY ETF,NBCE,https://www.nyse.com/quote/ARCX:NBCE
ARCX,NBCM,NEUBERGER BERMAN ETF TRUST COMMODITY STRATEGY ETF,NBCM,https://www.nyse.com/quote/ARCX:NBCM
ARCX,NBCR,NEUBERGER CORE EQUITY ETF,NBCR,https://www.nyse.com/quote/ARCX:NBCR
ARCX,NBDS,NEUBERGER DISRUPTERS ETF,NBDS,https://www.nyse.com/quote/ARCX:NBDS
ARCX,NBET,NEUBERGER ENERGY TRANSITION & INFRASTRUCTURE ETF,NBET,https://www.nyse.com/quote/ARCX:NBET
ARCX,NBFC,NEUBERGER FLEXIBLE CREDIT INCOME ETF,NBFC,https://www.nyse.com/quote/ARCX:NBFC
ARCX,NBFR,INNOVATOR NASDAQ-100 MANAGED 10 BUFFER ETF,NBFR,https://www.nyse.com/quote/ARCX:NBFR
ARCX,NBGX,NEUBERGER GROWTH ETF,NBGX,https://www.nyse.com/quote/ARCX:NBGX
ARCX,NBIE,NEUBERGER INTERNATIONAL CORE EQUITY ETF,NBIE,https://www.nyse.com/quote/ARCX:NBIE
XNMS,NBIG,LEVERAGE SHARES 2X LONG NBIS DAILY ETF,NBIG,https://www.nyse.com/quote/XNMS:NBIG
XNMS,NBIL,GRANITESHARES 2X LONG NBIS DAILY ETF,NBIL,https://www.nyse.com/quote/XNMS:NBIL
BATS,NBIZ,TRADR 2X SHORT NBIS DAILY ETF,NBIZ,https://www.nyse.com/quote/BATS:NBIZ
ARCX,NBJP,NEUBERGER JAPAN EQUITY ETF,NBJP,https://www.nyse.com/quote/ARCX:NBJP
ARCX,NBOS,NEUBERGER OPTION STRATEGY ETF,NBOS,https://www.nyse.com/quote/ARCX:NBOS
ARCX,NBSD,NEUBERGER SHORT DURATION INCOME ETF,NBSD,https://www.nyse.com/quote/ARCX:NBSD
ARCX,NBSM,NEUBERGER SMALL-MID CAP ETF,NBSM,https://www.nyse.com/quote/ARCX:NBSM
ARCX,NBTR,NEUBERGER TOTAL RETURN BOND ETF,NBTR,https://www.nyse.com/quote/ARCX:NBTR
XNMS,NCIQ,HASHDEX NASDAQ CME CRYPTO INDEX ETF,NCIQ,https://www.nyse.com/quote/XNMS:NCIQ
ARCX,NCLO,NUVEEN AA-BBB CLO ETF,NCLO,https://www.nyse.com/quote/ARCX:NCLO
XNMS,NCPB,NUSHARES ETF TRUST NUVEEN CORE PLUS BOND ETF,NCPB,https://www.nyse.com/quote/XNMS:NCPB
XNMS,NDAA,NED DAVIS RESEARCH 360 DYNAMIC ALLOCATION ETF,NDAA,https://www.nyse.com/quote/XNMS:NDAA
BATS,NDEC,INNOVATOR GROWTH-100 POWER BUFFER ETF - DECEMBER,NDEC,https://www.nyse.com/quote/BATS:NDEC
ARCX,NDIA,GLOBAL X FDS INDIA ACTIVE ETF,NDIA,https://www.nyse.com/quote/ARCX:NDIA
ARCX,NDIV,AMPLIFY ENERGY & NATURAL RESOURCES COVERED CALL ETF,NDIV,https://www.nyse.com/quote/ARCX:NDIV
BATS,NDOW,ANYDRUS ADVANTAGE ETF,NDOW,https://www.nyse.com/quote/BATS:NDOW
BATS,NEAR,ISHARES SHORT DURATION BOND ACTIVE ETF,NEAR,https://www.nyse.com/quote/BATS:NEAR
BATS,NEBX,TRADR 2X LONG NBIS DAILY ETF,NEBX,https://www.nyse.com/quote/BATS:NEBX
BATS,NEHI,NEOS ETHEREUM HIGH INCOME ETF,NEHI,https://www.nyse.com/quote/BATS:NEHI
BATS,NELS,NELSON SELECT ETF,NELS,https://www.nyse.com/quote/BATS:NELS
ARCX,NEMD,NEUBERGER EMERGING MARKETS DEBT HARD CURRENCY ETF,NEMD,https://www.nyse.com/quote/ARCX:NEMD
XNMS,NEMG,LEVERAGE SHARES 2X LONG NEM DAILY ETF,NEMG,https://www.nyse.com/quote/XNMS:NEMG
BATS,NERD,ROUNDHILL VIDEO GAMES ETF,NERD,https://www.nyse.com/quote/BATS:NERD
XNMS,NETG,LEVERAGE SHARES 2X LONG NET DAILY ETF,NETG,https://www.nyse.com/quote/XNMS:NETG
ARCX,NETL,COLTERPOINT NET LEASE REAL ESTATE ETF,NETL,https://www.nyse.com/quote/ARCX:NETL
XNMS,NEWZ,STOCKSNIPS AI-POWERED SENTIMENT US ALL CAP ETF,NEWZ,https://www.nyse.com/quote/XNMS:NEWZ
BATS,NFEB,INNOVATOR GROWTH-100 POWER BUFFER ETF - FEBRUARY,NFEB,https://www.nyse.com/quote/BATS:NFEB
BATS,NFLP,KURV YIELD PREMIUM STRATEGY NETFLIX (NFLX) ETF,NFLP,https://www.nyse.com/quote/BATS:NFLP
ARCX,NFLT,ETFIS SERIES TRUST I VIRTUS NEWFLEET MULTI SECTOR BOND ETF,NFLT,https://www.nyse.com/quote/ARCX:NFLT
XNYS,NFLT,ETFIS SER TR I,NFLT,https://www.nyse.com/quote/XNYS:NFLT
BATS,NFLU,T-REX 2X LONG NFLX DAILY TARGET ETF,NFLU,https://www.nyse.com/quote/BATS:NFLU
BATS,NFLW,ROUNDHILL NFLX WEEKLYPAY ETF,NFLW,https://www.nyse.com/quote/BATS:NFLW
ARCX,NFLY,TIDAL TRUST II YIELDMAX NFLX OPTION INCOME STRATEGY ETF,NFLY,https://www.nyse.com/quote/ARCX:NFLY
ARCX,NFRA,FLEXSHARES TRUST STOXX GLOBAL BROAD INFRASTRUCTURE IDX,NFRA,https://www.nyse.com/quote/ARCX:NFRA
XNMS,NFRX,HARRISON STREET INFRASTRUCTURE ACTIVE ETF,NFRX,https://www.nyse.com/quote/XNMS:NFRX
XNMS,NFTY,FIRST TR EXCH TRADED ALPHADEX FD II INDIA NIFTY 50 EQUAL WEIGHT ETF,NFTY,https://www.nyse.com/quote/XNMS:NFTY
BATS,NFX,CORGI NFLX 2X DAILY ETF,NFX,https://www.nyse.com/quote/BATS:NFX
XNMS,NFXL,DIREXION DAILY NFLX BULL 2X ETF,NFXL,https://www.nyse.com/quote/XNMS:NFXL
XNMS,NFXS,DIREXION DAILY NFLX BEAR 1X ETF,NFXS,https://www.nyse.com/quote/XNMS:NFXS
XNMS,NGHT,NICHOLAS BITCOIN AND TREASURIES AFTERDARK ETF,NGHT,https://www.nyse.com/quote/XNMS:NGHT
ARCX,NGIF,NUVEEN GLOBAL INFRASTRUCTURE FUND ETF,NGIF,https://www.nyse.com/quote/ARCX:NGIF
ARCX,NHYB,NUVEEN HIGH YIELD CORPORATE BOND ETF,NHYB,https://www.nyse.com/quote/ARCX:NHYB
ARCX,NHYM,NUVEEN HIGH YIELD MUNICIPAL INCOME ETF,NHYM,https://www.nyse.com/quote/ARCX:NHYM
ARCX,NICO,HEXIS ACTIVE NICOTINE ENGAGEMENT ETF,NICO,https://www.nyse.com/quote/ARCX:NICO
BATS,NIHI,NEOS MSCI EAFE HIGH INCOME ETF,NIHI,https://www.nyse.com/quote/BATS:NIHI
XNMS,NIKL,SPROTT FDS TR NICKEL MINERS ETF,NIKL,https://www.nyse.com/quote/XNMS:NIKL
XNMS,NIOG,LEVERAGE SHARES 2X LONG NIO DAILY ETF,NIOG,https://www.nyse.com/quote/XNMS:NIOG
ARCX,NISM,NYLI INTERNATIONAL SMALL-MID CAP EQUITY ETF,NISM,https://www.nyse.com/quote/ARCX:NISM
ARCX,NITE,THE NIGHTVIEW FUND,NITE,https://www.nyse.com/quote/ARCX:NITE
XNMS,NIXT,RESEARCH AFFILIATES DELETIONS ETF,NIXT,https://www.nyse.com/quote/XNMS:NIXT
BATS,NJAN,INNOVATOR ETFS TRUST INNOVATOR GRWT 100 PWR BUFFER ETF JANUAR,NJAN,https://www.nyse.com/quote/BATS:NJAN
ARCX,NJNK,COLUMBIA U.S. HIGH YIELD ETF,NJNK,https://www.nyse.com/quote/ARCX:NJNK
BATS,NJUL,INNOVATOR ETFS TRUST INNOVATOR GROWTH-100 POWER BUER ETF JULY,NJUL,https://www.nyse.com/quote/BATS:NJUL
BATS,NJUN,INNOVATOR GROWTH-100 POWER BUFFER ETF - JUNE,NJUN,https://www.nyse.com/quote/BATS:NJUN
ARCX,NLR,VANECK URANIUM AND NUCLEAR ETF,NLR,https://www.nyse.com/quote/ARCX:NLR
BATS,NLSI,NEOS ETF TRUST LONG/SHORT EQUITY INCOME ETF,NLSI,https://www.nyse.com/quote/BATS:NLSI
BATS,NMAR,INNOVATOR GROWTH-100 POWER BUFFER ETF - MARCH,NMAR,https://www.nyse.com/quote/BATS:NMAR
BATS,NMAY,INNOVATOR GROWTH-100 POWER BUFFER ETF - MAY,NMAY,https://www.nyse.com/quote/BATS:NMAY
ARCX,NMB,SIMPLIFY NATIONAL MUNI BOND ETF,NMB,https://www.nyse.com/quote/ARCX:NMB
ARCX,NMBL,NOVATIDE FLEXIBLE ALLOCATION ETF,NMBL,https://www.nyse.com/quote/ARCX:NMBL
BATS,NNOV,INNOVATOR GROWTH-100 POWER BUFFER ETF - NOVEMBER,NNOV,https://www.nyse.com/quote/BATS:NNOV
BATS,NOBL,PROSHARES TRUST S&P 500 DIVID ARISTOCRATS ETF,NOBL,https://www.nyse.com/quote/BATS:NOBL
BATS,NOCT,INNOVATOR ETFS TRUST INNOVATOR GROWTH-100 PWER BUFR ETF OCTOB,NOCT,https://www.nyse.com/quote/BATS:NOCT
BATS,NODE,VANECK ONCHAIN ECONOMY ETF,NODE,https://www.nyse.com/quote/BATS:NODE
ARCX,NOEQ,NORTHERN TRUST US EQUITY ETF,NOEQ,https://www.nyse.com/quote/ARCX:NOEQ
ARCX,NORW,GLOBAL X FDS GLOBAL X MSCI NORWAY ETF,NORW,https://www.nyse.com/quote/ARCX:NORW
BATS,NOVM,FT VEST U.S. EQUITY MAX BUFFER ETF - NOVEMBER,NOVM,https://www.nyse.com/quote/BATS:NOVM
BATS,NOVP,PGIM S&P 500 BUFFER 12 ETF - NOVEMBER,NOVP,https://www.nyse.com/quote/BATS:NOVP
BATS,NOVZ,LISTED FUND TRUST TRUESHS STRUCTURED OUTCM NOV ETF,NOVZ,https://www.nyse.com/quote/BATS:NOVZ
XNMS,NOWL,GRANITESHARES 2X LONG NOW DAILY ETF,NOWL,https://www.nyse.com/quote/XNMS:NOWL
BATS,NPFE,NPF CORE EQUITY ETF,NPFE,https://www.nyse.com/quote/BATS:NPFE
XNMS,NPFI,NUSHARES ETF TRUST NUVEEN PREFERRED AND INCOME ETF,NPFI,https://www.nyse.com/quote/XNMS:NPFI
ARCX,NQLT,NEUBERGER QUALITY SELECT ETF,NQLT,https://www.nyse.com/quote/ARCX:NQLT
XNMS,NRES,DBX ETF TRUST XTRACKERS RREEF GLOBAL NATURAL RESOURCES,NRES,https://www.nyse.com/quote/XNMS:NRES
ARCX,NRGD,"MICROSECTORS U.S. BIG OIL -3A INVERSE LEVERAGED ETNS DUE FEBRUARY 17, 2045",NRGD,https://www.nyse.com/quote/ARCX:NRGD
ARCX,NRGU,"MICROSECTORS U.S. BIG OIL 3 LEVERAGED ETNS DUE FEBRUARY 17, 2045",NRGU,https://www.nyse.com/quote/ARCX:NRGU
ARCX,NRSH,TIDAL ETF TRUST AZTLAN NORTH AMERICA NEARSHORING STOCK,NRSH,https://www.nyse.com/quote/ARCX:NRSH
ARCX,NSCI,NUVEEN SECURITIZED INCOME ETF,NSCI,https://www.nyse.com/quote/ARCX:NSCI
BATS,NSEP,INNOVATOR GROWTH-100 POWER BUFFER ETF - SEPTEMBER,NSEP,https://www.nyse.com/quote/BATS:NSEP
XNMS,NSI,NORTHERN LIGHTS FUND TRUST IV NATIONAL SEC EMERGING MKTS INDEX ETF,NSI,https://www.nyse.com/quote/XNMS:NSI
ARCX,NSIG,NORTH SQUARE GROWTH OPPORTUNITIES ETF,NSIG,https://www.nyse.com/quote/ARCX:NSIG
ARCX,NSIV,NORTH SQUARE DISCIPLINED VALUE ETF,NSIV,https://www.nyse.com/quote/ARCX:NSIV
ARCX,NTRL,FIRST TRUST EQUITY MARKET NEUTRAL ETF,NTRL,https://www.nyse.com/quote/ARCX:NTRL
ARCX,NTSD,WISDOMTREE EFFICIENT U.S. PLUS INTERNATIONAL EQUITY FUND,NTSD,https://www.nyse.com/quote/ARCX:NTSD
ARCX,NTSE,WISDOMTREE TRUST EMERGING MKTS EFFICIENT CORE FD,NTSE,https://www.nyse.com/quote/ARCX:NTSE
ARCX,NTSI,WISDOMTREE TRUST INTL EFFICIENT CORE FD,NTSI,https://www.nyse.com/quote/ARCX:NTSI
ARCX,NTSX,WISDOMTREE TRUST U S EFFICIENT CORE FUND,NTSX,https://www.nyse.com/quote/ARCX:NTSX
ARCX,NUAG,NUSHARES ETF TRUST NUVEEN ENHANCED YLD US AGGREGT BND ETF,NUAG,https://www.nyse.com/quote/ARCX:NUAG
XNYS,NUAG,NUSHARES ETF TRUST,NUAG,https://www.nyse.com/quote/XNYS:NUAG
ARCX,NUBD,NUSHARES ETF TRUST NUVEEN ESG US AGGREGATE BOND ETF,NUBD,https://www.nyse.com/quote/ARCX:NUBD
ARCX,NUDG,NUVEEN DIVIDEND GROWTH FUND ETF,NUDG,https://www.nyse.com/quote/ARCX:NUDG
BATS,NUDM,NUSHARES ETF TRUST NUVEEN ESG INTRNTNL DEVLD MRKTS EQTY ETF,NUDM,https://www.nyse.com/quote/BATS:NUDM
BATS,NUDV,NUSHARES ETF TRUST NUVEEN ESG DIVIDEND ETF USD,NUDV,https://www.nyse.com/quote/BATS:NUDV
BATS,NUEM,NUSHARES ETF TRUST NUVEEN ESG EMERGING MARKETS EQUITY ETF,NUEM,https://www.nyse.com/quote/BATS:NUEM
XNMS,NUG,LEVERAGE SHARES 2X LONG NU DAILY ETF,NUG,https://www.nyse.com/quote/XNMS:NUG
ARCX,NUGO,NUSHARES ETF TRUST GROWTH OPPORTUNITIES ETF,NUGO,https://www.nyse.com/quote/ARCX:NUGO
ARCX,NUGT,DIREXION DAILY GOLD MINERS INDEX BULL 2X ETF,NUGT,https://www.nyse.com/quote/ARCX:NUGT
XNMS,NUGY,GRANITESHARES YIELDBOOST GOLD MINERS ETF,NUGY,https://www.nyse.com/quote/XNMS:NUGY
ARCX,NUHY,NUSHARES ETF TRUST NUVEEN ESG HIGH YIELD CORP BD ETF,NUHY,https://www.nyse.com/quote/ARCX:NUHY
XNMS,NUIF,NUVEEN US INFRASTRUCTURE ETF,NUIF,https://www.nyse.com/quote/XNMS:NUIF
ARCX,NUKX,NICHOLAS NUCLEAR INCOME ETF,NUKX,https://www.nyse.com/quote/ARCX:NUKX
ARCX,NUKZ,EXCHANGE TRADED CONCEPTS TRUST RANGE NUCLEAR RENAISSANCE INDEX ETF,NUKZ,https://www.nyse.com/quote/ARCX:NUKZ
BATS,NULC,NUSHARES ETF TRUST NUVEEN ESG LARGE CAP ETF,NULC,https://www.nyse.com/quote/BATS:NULC
BATS,NULG,NUSHARES ETF TRUST NUVEEN ESG LARGE CAP GROWTH ETF,NULG,https://www.nyse.com/quote/BATS:NULG
BATS,NULV,NUSHARES ETF TRUST NUVEEN ESG LARGE-CAP VALUE ETF,NULV,https://www.nyse.com/quote/BATS:NULV
BATS,NUMG,NUSHARES ETF TRUST NUVEEN ESG MID-CAP GROWTH ETF,NUMG,https://www.nyse.com/quote/BATS:NUMG
ARCX,NUMI,NUVEEN MUNICIPAL INCOME ETF,NUMI,https://www.nyse.com/quote/ARCX:NUMI
BATS,NUMV,NUSHARES ETF TRUST NUVEEN ESG MID-CAP VALUE ETF,NUMV,https://www.nyse.com/quote/BATS:NUMV
BATS,NURE,NUSHARES ETF TRUST NUVEEN SHORT TERM REIT ETF,NURE,https://www.nyse.com/quote/BATS:NURE
ARCX,NUSA,NUSHARES ETF TRUST NUVEEN ESG 1-5 YEAR US AGGREGATE BD ETF,NUSA,https://www.nyse.com/quote/ARCX:NUSA
XNMS,NUSB,NUSHARES ETF TRUST NUVEEN ULTRA SHORT INCOME ETF,NUSB,https://www.nyse.com/quote/XNMS:NUSB
BATS,NUSC,NUSHARES ETF TRUST NUVEEN ESG SMALL-CAP ETF,NUSC,https://www.nyse.com/quote/BATS:NUSC
BATS,NVBT,ALLIANZIM U.S. EQUITY BUFFER10 NOV ETF,NVBT,https://www.nyse.com/quote/BATS:NVBT
BATS,NVBU,ALLIANZIM U.S. EQUITY BUFFER15 UNCAPPED NOV ETF,NVBU,https://www.nyse.com/quote/BATS:NVBU
BATS,NVBW,ALLIANZIM U.S. EQUITY BUFFER20 NOV ETF,NVBW,https://www.nyse.com/quote/BATS:NVBW
BATS,NVC,CORGI NVDA 2X DAILY ETF,NVC,https://www.nyse.com/quote/BATS:NVC
XNMS,NVD,GRANITESHARES ETF TRUST 2X SHORT NVDA DAILY ETF,NVD,https://www.nyse.com/quote/XNMS:NVD
ARCX,NVDB,PROSHARES ULTRA NVDA,NVDB,https://www.nyse.com/quote/ARCX:NVDB
XNMS,NVDD,DIREXION DAILY NVDA BEAR 1X ETF,NVDD,https://www.nyse.com/quote/XNMS:NVDD
XNMS,NVDG,THEMES ETF TRUST LEVERAGE SHARES 2X LONG NVDA DAILY ETF,NVDG,https://www.nyse.com/quote/XNMS:NVDG
XNMS,NVDL,GRANITESHARES ETF TRUST 2X LONG NVDA DAILY ETF,NVDL,https://www.nyse.com/quote/XNMS:NVDL
BATS,NVDQ,T-REX 2X INVERSE NVIDIA DAILY TARGET ETF,NVDQ,https://www.nyse.com/quote/BATS:NVDQ
XNMS,NVDS,INVESTMENT MANAGERS SERIES TRUST II TRADR 1.5X SHORT NVDA DAILY ETF,NVDS,https://www.nyse.com/quote/XNMS:NVDS
XNMS,NVDU,DIREXION DAILY NVDA BULL 2X ETF,NVDU,https://www.nyse.com/quote/XNMS:NVDU
BATS,NVDW,ROUNDHILL NVDA WEEKLYPAY ETF,NVDW,https://www.nyse.com/quote/BATS:NVDW
BATS,NVDX,ETF OPPORTUNITIES TR T REX 2X LONG NVIDIA DAILY TARGET ETF,NVDX,https://www.nyse.com/quote/BATS:NVDX
ARCX,NVDY,TIDAL TRUST II YIELDMAX NVDA OPTION INCOME STRATEGY ETF,NVDY,https://www.nyse.com/quote/ARCX:NVDY
BATS,NVII,REX NVDA GROWTH & INCOME ETF,NVII,https://www.nyse.com/quote/BATS:NVII
ARCX,NVIR,LISTED FUND TRUST HORIZON KINETICS ENERGY&REMEDIATION ETF,NVIR,https://www.nyse.com/quote/ARCX:NVIR
BATS,NVIT,YIELDMAX NVDA PERFORMANCE & DISTRIBUTION TARGET 25 ETF,NVIT,https://www.nyse.com/quote/BATS:NVIT
ARCX,NVOH,NOVO NORDISK A/S (B SHARES) ADRHEDGED,NVOH,https://www.nyse.com/quote/ARCX:NVOH
ARCX,NVOX,DEFIANCE DAILY TARGET 2X LONG NVO ETF,NVOX,https://www.nyse.com/quote/ARCX:NVOX
XNMS,NVPS,PUREPLAY NVIDIA ECOSYSTEM PICKS & SHOVELS INDEX ETF,NVPS,https://www.nyse.com/quote/XNMS:NVPS
BATS,NVTC,CORGI NVTS 2X DAILY ETF,NVTC,https://www.nyse.com/quote/BATS:NVTC
BATS,NVTX,TRADR 2X LONG NVTS DAILY ETF,NVTX,https://www.nyse.com/quote/BATS:NVTX
XNMS,NVYY,GRANITESHARES YIELDBOOST NVDA ETF,NVYY,https://www.nyse.com/quote/XNMS:NVYY
BATS,NXPG,LEVERAGE SHARES 2X LONG NXPI DAILY ETF,NXPG,https://www.nyse.com/quote/BATS:NXPG
BATS,NXPX,TRADR 2X LONG NXPI DAILY ETF,NXPX,https://www.nyse.com/quote/BATS:NXPX
ARCX,NXTE,INVESTMENT MANAGERS SERIES TR II AXS GREEN ALPHA ETF,NXTE,https://www.nyse.com/quote/ARCX:NXTE
XNMS,NXTG,FIRST TRUST EXCH TRADED FUND 2 INDXX NEXTG ETF,NXTG,https://www.nyse.com/quote/XNMS:NXTG
BATS,NXTI,SIMPLIFY NEXT INTANGIBLE CORE INDEX ETF,NXTI,https://www.nyse.com/quote/BATS:NXTI
ARCX,NXUS,NUVEEN INTERNATIONAL AGGREGATE BOND ETF,NXUS,https://www.nyse.com/quote/ARCX:NXUS
ARCX,NYF,ISHARES TRUST NEW YORK MUNI BOND ETF,NYF,https://www.nyse.com/quote/ARCX:NYF
ARCX,NYM,AB NEW YORK INTERMEDIATE MUNICIPAL ETF,NYM,https://www.nyse.com/quote/ARCX:NYM
BATS,NYNY,CORGI NYC BASED ETF,NYNY,https://www.nyse.com/quote/BATS:NYNY
ARCX,NYSX,GLOBAL X NYSE 100 ETF,NYSX,https://www.nyse.com/quote/ARCX:NYSX
ARCX,NYYY,XETFS NVDA DAILY INCOME ETF,NYYY,https://www.nyse.com/quote/ARCX:NYYY
XNMS,NZAC,STATE STREET SPDR MSCI ACWI CLIMATE PARIS ALIGNED ETF,NZAC,https://www.nyse.com/quote/XNMS:NZAC
ARCX,OACP,UNIFIED SERIES TRUST ONEASCENT CORE PLUS BOND ETF,OACP,https://www.nyse.com/quote/ARCX:OACP
ARCX,OAEM,UNIFIED SERIES TRUST ONEASCENT EMERGING MARKETS ETF,OAEM,https://www.nyse.com/quote/ARCX:OAEM
ARCX,OAIM,UNIFIED SERIES TRUST ONEASCENT INTERNATIONAL EQUITY ETF,OAIM,https://www.nyse.com/quote/ARCX:OAIM
ARCX,OAKG,OAKMARK GLOBAL LARGE CAP ETF,OAKG,https://www.nyse.com/quote/ARCX:OAKG
ARCX,OAKI,OAKMARK INTERNATIONAL LARGE CAP ETF,OAKI,https://www.nyse.com/quote/ARCX:OAKI
ARCX,OAKM,OAKMARK U.S. LARGE CAP ETF,OAKM,https://www.nyse.com/quote/ARCX:OAKM
ARCX,OALC,UNIFIED SERIES TRUST ONEASCENT LARGE CAP CORE ETF,OALC,https://www.nyse.com/quote/ARCX:OALC
ARCX,OARK,TIDAL TRUST II YIELDMAX INNOVATION OPTION INCOME STRATE,OARK,https://www.nyse.com/quote/ARCX:OARK
ARCX,OASC,ONEASCENT ENHANCED SMALL AND MID CAP ETF,OASC,https://www.nyse.com/quote/ARCX:OASC
XNMS,OBIL,RBB FUND INC US TREASURY 12 MONTH BILL ETF,OBIL,https://www.nyse.com/quote/XNMS:OBIL
BATS,OBND,STATE STREET LOOMIS SAYLES OPPORTUNISTIC BOND ETF,OBND,https://www.nyse.com/quote/BATS:OBND
ARCX,OBOR,KRANESHARES TRUST MSCI ONE BELT ONE ROAD INDEX ETF,OBOR,https://www.nyse.com/quote/ARCX:OBOR
XNMS,OBTC,OSPREY BITCOIN TRUST,OBTC,https://www.nyse.com/quote/XNMS:OBTC
BATS,OCDB,APTUS OCTOBER DEEP BUFFER ETF,OCDB,https://www.nyse.com/quote/BATS:OCDB
ARCX,OCIO,ETF SERIES SOLUTIONS CLEARSHARES OCIO ETF,OCIO,https://www.nyse.com/quote/ARCX:OCIO
BATS,OCTB,APTUS OCTOBER BUFFER ETF,OCTB,https://www.nyse.com/quote/BATS:OCTB
BATS,OCTH,INNOVATOR ETFS TRUST PREMIUM INCOME 20 BARRIER ETF OCTOBER,OCTH,https://www.nyse.com/quote/BATS:OCTH
BATS,OCTJ,INNOVATOR ETFS TRUST PREMIUM INCOME 30 BARRIER ETF OCTOBER,OCTJ,https://www.nyse.com/quote/BATS:OCTJ
BATS,OCTM,FT VEST U.S. EQUITY MAX BUFFER ETF - OCTOBER,OCTM,https://www.nyse.com/quote/BATS:OCTM
BATS,OCTP,PGIM S&P 500 BUFFER 12 ETF - OCTOBER,OCTP,https://www.nyse.com/quote/BATS:OCTP
BATS,OCTT,ALLIANZIM U.S. EQUITY BUFFER10 OCT ETF,OCTT,https://www.nyse.com/quote/BATS:OCTT
BATS,OCTU,ALLIANZIM U.S. EQUITY BUFFER15 UNCAPPED OCT ETF,OCTU,https://www.nyse.com/quote/BATS:OCTU
BATS,OCTW,ALLIANZIM U.S. EQUITY BUFFER20 OCT ETF,OCTW,https://www.nyse.com/quote/BATS:OCTW
BATS,OCTZ,LISTED FUND TRUST TRUESHS STRUCTURED OUTCM OCT ETF,OCTZ,https://www.nyse.com/quote/BATS:OCTZ
XNMS,ODDS,PACER FDS TR BLUESTAR DIGITAL ENTERTAINMENT ETF,ODDS,https://www.nyse.com/quote/XNMS:ODDS
BATS,ODDZ,CORGI SPORTS BETTING & GAMBLING ETF,ODDZ,https://www.nyse.com/quote/BATS:ODDZ
ARCX,ODHY,OBRA DEFENSIVE HIGH YIELD ETF,ODHY,https://www.nyse.com/quote/ARCX:ODHY
XNMS,ODTE,VEGASHARES ETF TRUS SPX NDX RTY PREM INCOME ETF,ODTE,https://www.nyse.com/quote/XNMS:ODTE
ARCX,OEF,ISHARES TRUST S&P 100 ETF,OEF,https://www.nyse.com/quote/ARCX:OEF
ARCX,OEFA,ALPS - O SHARES INTERNATIONAL DEVELOPED QUALITY DIVIDEND ETF,OEFA,https://www.nyse.com/quote/ARCX:OEFA
ARCX,OEI,OPTIMIZED EQUITY INCOME ETF,OEI,https://www.nyse.com/quote/ARCX:OEI
ARCX,OGIG,ALPS - O SHARES GLOBAL INTERNET GIANTS ETF,OGIG,https://www.nyse.com/quote/ARCX:OGIG
ARCX,OGSP,OBRA HIGH GRADE STRUCTURED PRODUCTS ETF,OGSP,https://www.nyse.com/quote/ARCX:OGSP
ARCX,OIH,VANECK ETF TR VANECK OIL SERVICES ETF,OIH,https://www.nyse.com/quote/ARCX:OIH
BATS,OILK,PROSHARES K-1 FREE CRUDE OIL ETF,OILK,https://www.nyse.com/quote/BATS:OILK
ARCX,OILT,TEXAS CAPITAL FUNDS TRUST TEXAS CAPITAL TEXAS OIL INDEX ETF,OILT,https://www.nyse.com/quote/ARCX:OILT
BATS,OKLC,CORGI OKLO 2X DAILY ETF,OKLC,https://www.nyse.com/quote/BATS:OKLC
XNMS,OKLL,DEFIANCE DAILY TARGET 2X LONG OKLO ETF,OKLL,https://www.nyse.com/quote/XNMS:OKLL
ARCX,OKLS,DEFIANCE DAILY TARGET 2X SHORT OKLO ETF,OKLS,https://www.nyse.com/quote/ARCX:OKLS
XNMS,OKTG,LEVERAGE SHARES 2X LONG OKTA DAILY ETF,OKTG,https://www.nyse.com/quote/XNMS:OKTG
ARCX,OMAH,VISTASHARES TARGET 15 BERKSHIRE SELECT INCOME ETF,OMAH,https://www.nyse.com/quote/ARCX:OMAH
BATS,OMFL,INVESCO EXCHANGE TRADED SELF IDX FT RUSSELL 1000 DYNMIC MLTIFCTR ETF,OMFL,https://www.nyse.com/quote/BATS:OMFL
BATS,OMFS,INVESCO EXCHANGE TRADED SELF IDX FT RUSSELL 2000 DYNAMC MLTIFCTR ETF,OMFS,https://www.nyse.com/quote/BATS:OMFS
ARCX,OND,PROSHARES TRUST ON-DEMAND ETF,OND,https://www.nyse.com/quote/ARCX:OND
BATS,ONDC,CORGI ONDS 2X DAILY ETF,ONDC,https://www.nyse.com/quote/BATS:ONDC
XNMS,ONDG,LEVERAGE SHARES 2X LONG ONDS DAILY ETF,ONDG,https://www.nyse.com/quote/XNMS:ONDG
BATS,ONDL,DEFIANCE DAILY TARGET 2X LONG ONDS ETF,ONDL,https://www.nyse.com/quote/BATS:ONDL
BATS,ONDU,TRADR 2X LONG ONDS DAILY ETF,ONDU,https://www.nyse.com/quote/BATS:ONDU
BATS,ONEH,TRUESHARES EQUITY HEDGE ETF,ONEH,https://www.nyse.com/quote/BATS:ONEH
ARCX,ONEO,STATE STREET SPDR RUSSELL 1000 MOMENTUM FOCUS ETF,ONEO,https://www.nyse.com/quote/ARCX:ONEO
XNMS,ONEQ,FIDELITY COMMOMWEALTH TRUST NASDAQ COMPOSITE INDEX ETF,ONEQ,https://www.nyse.com/quote/XNMS:ONEQ
ARCX,ONEV,STATE STREET SPDR RUSSELL 1000 LOW VOLATILITY FOCUS ETF,ONEV,https://www.nyse.com/quote/ARCX:ONEV
ARCX,ONEY,STATE STREET SPDR RUSSELL 1000 YIELD FOCUS ETF,ONEY,https://www.nyse.com/quote/ARCX:ONEY
BATS,ONEZ,TRUESHARES SEASONALITY LADDERED BUFFERED ETF,ONEZ,https://www.nyse.com/quote/BATS:ONEZ
BATS,ONG,LEVERAGE SHARES 2X LONG ON DAILY ETF,ONG,https://www.nyse.com/quote/BATS:ONG
ARCX,ONLN,PROSHARES TRUST ONLINE RETAIL ETF,ONLN,https://www.nyse.com/quote/ARCX:ONLN
ARCX,ONOF,GLOBAL X FDS ADAPTIVE US RISK MGMT ETF,ONOF,https://www.nyse.com/quote/ARCX:ONOF
BATS,ONTX,CORGI ONTO 2X DAILY ETF,ONTX,https://www.nyse.com/quote/BATS:ONTX
BATS,ONX,TRADR 2X LONG ON DAILY ETF,ONX,https://www.nyse.com/quote/BATS:ONX
ARCX,OOSP,OBRA OPPORTUNISTIC STRUCTURED PRODUCTS ETF,OOSP,https://www.nyse.com/quote/ARCX:OOSP
XNMS,OPEG,LEVERAGE SHARES 2X LONG OPEN DAILY ETF,OPEG,https://www.nyse.com/quote/XNMS:OPEG
ARCX,OPER,ETF SERIES SOLUTIONS CLEARSHARES ULTRA SHORT MATURITY ETF,OPER,https://www.nyse.com/quote/ARCX:OPER
BATS,OPEX,TRADR 2X LONG OPEN DAILY ETF,OPEX,https://www.nyse.com/quote/BATS:OPEX
ARCX,OPPE,WISDOMTREE EUROPEAN OPPORTUNITIES FUND,OPPE,https://www.nyse.com/quote/ARCX:OPPE
XNMS,OPPJ,WISDOMTREE JAPAN OPPORTUNITIES FUND,OPPJ,https://www.nyse.com/quote/XNMS:OPPJ
XNMS,OPTZ,OPTIMIZE STRATEGY INDEX ETF,OPTZ,https://www.nyse.com/quote/XNMS:OPTZ
BATS,ORAC,CORGI ORCL 2X DAILY ETF,ORAC,https://www.nyse.com/quote/BATS:ORAC
XNMS,ORBX,GLOBAL X SPACE TECH ETF,ORBX,https://www.nyse.com/quote/XNMS:ORBX
XNMS,ORCS,DIREXION DAILY ORCL BEAR 1X ETF,ORCS,https://www.nyse.com/quote/XNMS:ORCS
XNMS,ORCU,DIREXION DAILY ORCL BULL 2X ETF,ORCU,https://www.nyse.com/quote/XNMS:ORCU
XNMS,ORCX,DEFIANCE DAILY TARGET 2X LONG ORCL ETF,ORCX,https://www.nyse.com/quote/XNMS:ORCX
XNMS,ORLG,LEVERAGE SHARES 2X LONG ORLY DAILY ETF,ORLG,https://www.nyse.com/quote/XNMS:ORLG
BATS,ORO,ARROW VALTORO ETF,ORO,https://www.nyse.com/quote/BATS:ORO
XNMS,ORR,MILITIA LONG/SHORT EQUITY ETF,ORR,https://www.nyse.com/quote/XNMS:ORR
XNMS,OSCG,LEVERAGE SHARES 2X LONG OSCR DAILY ETF,OSCG,https://www.nyse.com/quote/XNMS:OSCG
BATS,OSCV,ETF SERIES SOLUTIONS OPUS SMALL CAP VALUE ETF,OSCV,https://www.nyse.com/quote/BATS:OSCV
XNMS,OSCX,DEFIANCE DAILY TARGET 2X LONG OSCR ETF,OSCX,https://www.nyse.com/quote/XNMS:OSCX
ARCX,OSEA,HARBOR ETF TRUST INTERNATIONAL COMPOUNDERS ETF,OSEA,https://www.nyse.com/quote/ARCX:OSEA
BATS,OSSL,DEFIANCE DAILY TARGET 2X LONG OSS ETF,OSSL,https://www.nyse.com/quote/BATS:OSSL
XNMS,OTGL,OTG LATIN AMERICA ETF,OTGL,https://www.nyse.com/quote/XNMS:OTGL
ARCX,OUNZ,VANECK MERK GOLD ETF,OUNZ,https://www.nyse.com/quote/ARCX:OUNZ
ARCX,OUSA,ALPS - O SHARES U.S. QUALITY DIVIDEND ETF,OUSA,https://www.nyse.com/quote/ARCX:OUSA
ARCX,OUSM,ALPS - O SHARES U.S. SMALL-CAP QUALITY DIVIDEND ETF,OUSM,https://www.nyse.com/quote/ARCX:OUSM
XNYS,OUSM,ALPS ETF TRUST,OUSM,https://www.nyse.com/quote/XNYS:OUSM
BATS,OVB,OVERLAY SHARES CORE BOND ETF,OVB,https://www.nyse.com/quote/BATS:OVB
BATS,OVF,OVERLAY SHARES FOREIGN EQUITY ETF,OVF,https://www.nyse.com/quote/BATS:OVF
BATS,OVL,OVERLAY SHARES LARGE CAP EQUITY ETF,OVL,https://www.nyse.com/quote/BATS:OVL
BATS,OVLH,OVERLAY SHARES HEDGED LARGE CAP EQUITY ETF,OVLH,https://www.nyse.com/quote/BATS:OVLH
BATS,OVM,OVERLAY SHARES MUNICIPAL BOND ETF,OVM,https://www.nyse.com/quote/BATS:OVM
BATS,OVS,OVERLAY SHARES SMALL CAP EQUITY ETF,OVS,https://www.nyse.com/quote/BATS:OVS
BATS,OVT,OVERLAY SHARES SHORT TERM BOND ETF,OVT,https://www.nyse.com/quote/BATS:OVT
BATS,OWN,INSIDE OWNERSHIP 100 ETF,OWN,https://www.nyse.com/quote/BATS:OWN
ARCX,OWNB,BITWISE BITCOIN STANDARD CORPORATIONS ETF,OWNB,https://www.nyse.com/quote/ARCX:OWNB
ARCX,OWNS,QUAKER INVESTMENT TRUST CCM AFFORDABLE HSG MBS ETF,OWNS,https://www.nyse.com/quote/ARCX:OWNS
XNMS,OZEM,ROUNDHILL GLP-1 & WEIGHT LOSS ETF,OZEM,https://www.nyse.com/quote/XNMS:OZEM
ARCX,PAAA,PGIM ETF TRUST AAA CLO ETF,PAAA,https://www.nyse.com/quote/ARCX:PAAA
BATS,PAAU,T-REX 2X LONG PAAS DAILY TARGET ETF,PAAU,https://www.nyse.com/quote/BATS:PAAU
ARCX,PAB,PGIM ETF TRUST ACTIVE AGGREGATE BD ETF,PAB,https://www.nyse.com/quote/ARCX:PAB
XNMS,PABD,ISHARES TRUST ISHARES PARIS-ALIGNED CLIMATE OPTIMIZED MSCI WORLD EX USA ETF,PABD,https://www.nyse.com/quote/XNMS:PABD
XNMS,PABU,ISHARES TRUST ISHARES PARIS-ALIGNED CLIMATE OPTIMIZED MSCI USA ETF,PABU,https://www.nyse.com/quote/XNMS:PABU
ARCX,PALC,PACER FDS TR LUNT LARGE CAP MULTI FACT ALTERNATOR ETF,PALC,https://www.nyse.com/quote/ARCX:PALC
XNMS,PALD,DIREXION DAILY PANW BEAR 1X ETF,PALD,https://www.nyse.com/quote/XNMS:PALD
ARCX,PALL,ABRDN PALLADIUM ETF TR ABRDN PHYSICAL PALLADIUM SHARES ETF,PALL,https://www.nyse.com/quote/ARCX:PALL
XNMS,PALU,DIREXION DAILY PANW BULL 2X ETF,PALU,https://www.nyse.com/quote/XNMS:PALU
ARCX,PAMC,PACER FDS TR LUNT MIDCAP MULTI FACTOR ALTERNATOR ETF,PAMC,https://www.nyse.com/quote/ARCX:PAMC
XNMS,PANG,LEVERAGE SHARES 2X LONG PANW DAILY ETF,PANG,https://www.nyse.com/quote/XNMS:PANG
ARCX,PAPI,MORGAN STANLEY ETF TRUST PARAMETRIC EQUITY PREMIUM INCOME ETF USD,PAPI,https://www.nyse.com/quote/ARCX:PAPI
BATS,PAPR,INNOVATOR ETFS TRUST INNOVATOR US EQUTY POWER BUFFER ETF APRI,PAPR,https://www.nyse.com/quote/BATS:PAPR
XNMS,PATN,PACER NASDAQ INTERNATIONAL PATENT LEADERS ETF,PATN,https://www.nyse.com/quote/XNMS:PATN
BATS,PATX,TRADR 2X LONG PATH DAILY ETF,PATX,https://www.nyse.com/quote/BATS:PATX
BATS,PAUG,INNOVATOR ETFS TRUST INNOVATOR US EQUTY POWER BUFFER ETF AUGU,PAUG,https://www.nyse.com/quote/BATS:PAUG
BATS,PAVE,GLOBAL X FDS US INFRASTRUCTURE DEVELOPMENT ETF,PAVE,https://www.nyse.com/quote/BATS:PAVE
BATS,PAWZ,PROSHARES TRUST PET CARE ETF,PAWZ,https://www.nyse.com/quote/BATS:PAWZ
BATS,PAYH,TRUESHARES S&P AUTOCALLABLE HIGH INCOME ETF,PAYH,https://www.nyse.com/quote/BATS:PAYH
BATS,PAYM,TRUESHARES S&P AUTOCALLABLE DEFENSIVE INCOME ETF,PAYM,https://www.nyse.com/quote/BATS:PAYM
BATS,PAYR,FEDERATED HERMES ENHANCED INCOME ETF,PAYR,https://www.nyse.com/quote/BATS:PAYR
BATS,PBAP,PGIM S&P 500 BUFFER 20 ETF - APRIL,PBAP,https://www.nyse.com/quote/BATS:PBAP
BATS,PBAU,PGIM S&P 500 BUFFER 20 ETF - AUGUST,PBAU,https://www.nyse.com/quote/BATS:PBAU
ARCX,PBD,INVESCO EXCHANGE TRADED FD TR II GLOBAL CLEAN ENERGY ETF,PBD,https://www.nyse.com/quote/ARCX:PBD
ARCX,PBDC,PUTNAM ETF TR BDC INCOME ETF,PBDC,https://www.nyse.com/quote/ARCX:PBDC
BATS,PBDE,PGIM S&P 500 BUFFER 20 ETF - DECEMBER,PBDE,https://www.nyse.com/quote/BATS:PBDE
ARCX,PBE,INVESCO EXCHANGE TRADED FD TR BIOTECHNOLOGY & GENOME ETF,PBE,https://www.nyse.com/quote/ARCX:PBE
XNMS,PBEU,PORTFOLIO BUILDING BLOCK EUROPEAN BANKS INDEX ETF,PBEU,https://www.nyse.com/quote/XNMS:PBEU
BATS,PBFB,PGIM S&P 500 BUFFER 20 ETF - FEBRUARY,PBFB,https://www.nyse.com/quote/BATS:PBFB
BATS,PBFR,PGIM LADDERED S&P 500 BUFFER 20 ETF,PBFR,https://www.nyse.com/quote/BATS:PBFR
ARCX,PBJ,INVESCO EXCHANGE TRADED FD TR DYNAMIC FOOD & BEVERAGE ETF,PBJ,https://www.nyse.com/quote/ARCX:PBJ
BATS,PBJA,PGIM S&P 500 BUFFER 20 ETF - JANUARY,PBJA,https://www.nyse.com/quote/BATS:PBJA
BATS,PBJL,PGIM S&P 500 BUFFER 20 ETF - JULY,PBJL,https://www.nyse.com/quote/BATS:PBJL
BATS,PBJN,PGIM S&P 500 BUFFER 20 ETF - JUNE,PBJN,https://www.nyse.com/quote/BATS:PBJN
BATS,PBL,PGIM ETF TRUST PORTFOLIO BALLAST ETF,PBL,https://www.nyse.com/quote/BATS:PBL
BATS,PBMR,PGIM S&P 500 BUFFER 20 ETF - MARCH,PBMR,https://www.nyse.com/quote/BATS:PBMR
BATS,PBMY,PGIM S&P 500 BUFFER 20 ETF - MAY,PBMY,https://www.nyse.com/quote/BATS:PBMY
BATS,PBNV,PGIM S&P 500 BUFFER 20 ETF - NOVEMBER,PBNV,https://www.nyse.com/quote/BATS:PBNV
BATS,PBOC,PGIM S&P 500 BUFFER 20 ETF - OCTOBER,PBOC,https://www.nyse.com/quote/BATS:PBOC
XNMS,PBOG,PORTFOLIO BUILDING BLOCK INTEGRATED OIL AND GAS AND EXPLORATION AND PRODUCTION INDEX ETF,PBOG,https://www.nyse.com/quote/XNMS:PBOG
ARCX,PBOT,PICTET AI & AUTOMATION ETF,PBOT,https://www.nyse.com/quote/ARCX:PBOT
BATS,PBP,INVESCO EXCHANGE TRADED FD TR S&P 500 BUY WRITE ETF,PBP,https://www.nyse.com/quote/BATS:PBP
XNMS,PBPH,PORTFOLIO BUILDING BLOCK WORLD PHARMA AND BIOTECH INDEX ETF,PBPH,https://www.nyse.com/quote/XNMS:PBPH
XNMS,PBQQ,PGIM LADDERED NASDAQ-100 BUFFER 12 ETF,PBQQ,https://www.nyse.com/quote/XNMS:PBQQ
XNMS,PBRG,LEVERAGE SHARES 2X LONG PBR DAILY ETF,PBRG,https://www.nyse.com/quote/XNMS:PBRG
XNMS,PBSC,PACER BARINGS SECURED CREDIT FLEX ETF,PBSC,https://www.nyse.com/quote/XNMS:PBSC
BATS,PBSE,PGIM S&P 500 BUFFER 20 ETF - SEPTEMBER,PBSE,https://www.nyse.com/quote/BATS:PBSE
BATS,PBTP,INVESCO EXCHANGE TRADED FD TR II 0-5 YR US TIPS ETF,PBTP,https://www.nyse.com/quote/BATS:PBTP
BATS,PBUS,INVESCO EXCHANGE TRADED FD TR II MSCI USA ETF,PBUS,https://www.nyse.com/quote/BATS:PBUS
ARCX,PBW,INVESCO EXCHANGE TRADED FD TR WILDERHILL CLEAN ENERGY ETF,PBW,https://www.nyse.com/quote/ARCX:PBW
ARCX,PCCE,LITMAN GREGORY FDS TR POLEN CAPITAL CHINA GROWTH ETF,PCCE,https://www.nyse.com/quote/ARCX:PCCE
ARCX,PCEB,POLEN EURO HIGH YIELD BOND ETF,PCEB,https://www.nyse.com/quote/ARCX:PCEB
ARCX,PCEF,INVESCO EXCHANGE TRADED FD TR II CEF INCOME COMPOSITE ETF,PCEF,https://www.nyse.com/quote/ARCX:PCEF
ARCX,PCFI,POLEN FLOATING RATE INCOME ETF,PCFI,https://www.nyse.com/quote/ARCX:PCFI
ARCX,PCGG,LITMAN GREGORY FDS TR POLEN CAPITAL GLOBAL GROWTH ETF,PCGG,https://www.nyse.com/quote/ARCX:PCGG
ARCX,PCHI,POLEN HIGH INCOME ETF,PCHI,https://www.nyse.com/quote/ARCX:PCHI
BATS,PCI,PGIM CORPORATE BOND 5-10 YEAR ETF,PCI,https://www.nyse.com/quote/BATS:PCI
ARCX,PCIG,LITMAN GREGORY FDS TR POLEN CAPITAL INTERNATIONAL GROWTH ETF,PCIG,https://www.nyse.com/quote/ARCX:PCIG
BATS,PCL,PGIM CORPORATE BOND 10+ YEAR ETF,PCL,https://www.nyse.com/quote/BATS:PCL
ARCX,PCLC,POLEN 5PERSPECTIVES LARGE GROWTH ETF,PCLC,https://www.nyse.com/quote/ARCX:PCLC
ARCX,PCLG,POLEN FOCUS GROWTH ETF,PCLG,https://www.nyse.com/quote/ARCX:PCLG
ARCX,PCLN,PICTET CLEANER PLANET ETF,PCLN,https://www.nyse.com/quote/ARCX:PCLN
ARCX,PCLO,VIRTUS SEIX AAA PRIVATE CREDIT CLO ETF,PCLO,https://www.nyse.com/quote/ARCX:PCLO
XNMS,PCMM,BONDBLOXX PRIVATE CREDIT CLO ETF,PCMM,https://www.nyse.com/quote/XNMS:PCMM
XNMS,PCPI,PIMCO INFLATION PLUS ACTIVE EXCHANGE-TRADED FUND,PCPI,https://www.nyse.com/quote/XNMS:PCPI
BATS,PCPP,PORTER & COMPANY PORTER PORTFOLIO INDEX ETF,PCPP,https://www.nyse.com/quote/BATS:PCPP
ARCX,PCR,SIMPLIFY VETTAFI PRIVATE CREDIT STRATEGY ETF,PCR,https://www.nyse.com/quote/ARCX:PCR
BATS,PCS,PGIM CORPORATE BOND 0-5 YEAR ETF,PCS,https://www.nyse.com/quote/BATS:PCS
ARCX,PCSG,POLEN 5PERSPECTIVES SMALL-MID GROWTH ETF,PCSG,https://www.nyse.com/quote/ARCX:PCSG
ARCX,PCY,INVESCO EXCHANGE TRADED FD TR II EMERGING MKTS SOVEREIGN DEBT ETF,PCY,https://www.nyse.com/quote/ARCX:PCY
XNMS,PDBA,INVESCO ACT MANAGE EXCH TR CMDTY FD AGRICULTURE COMMODITY STRATEGY NO K-1 ET,PDBA,https://www.nyse.com/quote/XNMS:PDBA
XNMS,PDBC,INVESCO ACT MANAGE EXCH TR CMDTY FD OPTIMUM YIELD DIVERSIFIED COMMODITY,PDBC,https://www.nyse.com/quote/XNMS:PDBC
XNMS,PDDL,GRANITESHARES 2X LONG PDD DAILY ETF,PDDL,https://www.nyse.com/quote/XNMS:PDDL
BATS,PDEC,INNOVATOR ETFS TRUST INNOVATOR US EQUITY POWER BUFFER ETF DEC,PDEC,https://www.nyse.com/quote/BATS:PDEC
ARCX,PDN,INVESCO RAFI DEVELOPED MARKETS EX-U.S. SMALL-MID ETF,PDN,https://www.nyse.com/quote/ARCX:PDN
XNMS,PDP,INVESCO EXCHANGE TRADED FD TR DORSEY WRIGHT MOMENTUM ETF,PDP,https://www.nyse.com/quote/XNMS:PDP
ARCX,PEJ,INVESCO EXCHANGE TRADED FD TR LEISURE AND ENTERTAINMENT ETF,PEJ,https://www.nyse.com/quote/ARCX:PEJ
ARCX,PEMX,PUTNAM ETF TR EMERGING MARKETS EX CHINA ETF USD,PEMX,https://www.nyse.com/quote/ARCX:PEMX
XNMS,PEPS,PARAMETRIC EQUITY PLUS ETF,PEPS,https://www.nyse.com/quote/XNMS:PEPS
ARCX,PEVC,PACER PE/VC ETF,PEVC,https://www.nyse.com/quote/ARCX:PEVC
BATS,PEX,PROSHARES TRUST PRIVATE EQUITY-LISTED,PEX,https://www.nyse.com/quote/BATS:PEX
ARCX,PEXL,PACER FDS TR US EXPORT LEADERS ETF,PEXL,https://www.nyse.com/quote/ARCX:PEXL
XNMS,PEY,INVESCO EXCHANGE TRADED FD TR HIGH YIELD EQUITY DIVID ACHIEVERS,PEY,https://www.nyse.com/quote/XNMS:PEY
XNMS,PEZ,INVESCO EXCHANGE TRADED FD TR DORSEY WRIGHT CONSUMR CYC MOMNTUM ETF,PEZ,https://www.nyse.com/quote/XNMS:PEZ
XNMS,PFDE,PATHFINDER DISCIPLINED US EQUITY ETF,PFDE,https://www.nyse.com/quote/XNMS:PFDE
BATS,PFEB,INNOVATOR ETFS TRUST INNOVATOR US EQUTY POWER BUFFER ETF FEBR,PFEB,https://www.nyse.com/quote/BATS:PFEB
XNMS,PFF,ISHARES TRUST PREFERRED AND INCOME SECURITIES ETF,PFF,https://www.nyse.com/quote/XNMS:PFF
ARCX,PFFA,ETFIS SERIES TRUST I VIRTUS INFRACAP US PREFERRED STOCK ETF,PFFA,https://www.nyse.com/quote/ARCX:PFFA
ARCX,PFFD,GLOBAL X FDS US PREFERRED ETF,PFFD,https://www.nyse.com/quote/ARCX:PFFD
ARCX,PFFR,ETFIS SERIES TRUST I INFRACAP REIT PFD ETF,PFFR,https://www.nyse.com/quote/ARCX:PFFR
XNYS,PFFR,ETFIS SER TR I,PFFR,https://www.nyse.com/quote/XNYS:PFFR
ARCX,PFFV,GLOBAL X FDS VARIABLE RATE PFD ETF,PFFV,https://www.nyse.com/quote/ARCX:PFFV
XNMS,PFI,INVESCO EXCHANGE TRADED FD TR DORSEY WRIGHT FINANCIAL MOMENTUM ETF,PFI,https://www.nyse.com/quote/XNMS:PFI
ARCX,PFIG,INVESCO EXCHANGE TRADED FD TR II FUNDAMENTAL INVT GRADE CORP ETF,PFIG,https://www.nyse.com/quote/ARCX:PFIG
ARCX,PFIX,SIMPLIFY EXCHANGE TRADED FUNDS SIMPLIFY INT RATE HEDGE ETF,PFIX,https://www.nyse.com/quote/ARCX:PFIX
ARCX,PFLD,ETF SERIES SOLUTIONS AAM LOW DURATION PFD AND INCOME SECS ETF,PFLD,https://www.nyse.com/quote/ARCX:PFLD
XNMS,PFM,INVESCO EXCHANGE TRADED FD TR DIVID ACHIEVERS ETF,PFM,https://www.nyse.com/quote/XNMS:PFM
XNMS,PFOE,PATHFINDER FOCUSED OPPORTUNITIES ETF,PFOE,https://www.nyse.com/quote/XNMS:PFOE
ARCX,PFRL,PGIM ETF TRUST FLOATING RATE INCOME ETF,PFRL,https://www.nyse.com/quote/ARCX:PFRL
ARCX,PFXF,VANECK ETF TR VANECK PREFERRED SECURITIES EX FINANCIAL,PFXF,https://www.nyse.com/quote/ARCX:PFXF
ARCX,PGF,INVESCO EXCHANGE TRADED FD TR FINL PFD ETF,PGF,https://www.nyse.com/quote/ARCX:PGF
ARCX,PGHY,INVESCO EXCHANGE TRADED FD TR II GLOBAL EX-US HIGH YLD CORP BOND ETF,PGHY,https://www.nyse.com/quote/ARCX:PGHY
XNMS,PGJ,INVESCO EXCHANGE TRADED FD TR GLOBAL DRAGON CHINA ETF USD DIS,PGJ,https://www.nyse.com/quote/XNMS:PGJ
ARCX,PGRI,PUTNAM INTERNATIONAL STOCK ETF,PGRI,https://www.nyse.com/quote/ARCX:PGRI
ARCX,PGRO,PUTNAM ETF TR PUTNAM FOCUSED LARGE CAP GROWTH ETF,PGRO,https://www.nyse.com/quote/ARCX:PGRO
ARCX,PGX,INVESCO EXCHANGE TRADED FD TR II PFD ETF,PGX,https://www.nyse.com/quote/ARCX:PGX
ARCX,PHDG,INVESCO ACTIVELY MANAGED ETF TRUST S&P 500 DOWNSIDE HEDGED ETF,PHDG,https://www.nyse.com/quote/ARCX:PHDG
ARCX,PHEQ,MORGAN STANLEY ETF TRUST PARAMETRIC HEDGED EQUITY ETF USD,PHEQ,https://www.nyse.com/quote/ARCX:PHEQ
XNMS,PHO,INVESCO EXCHANGE TRADED FD TR WATER RES ETF USD DIS,PHO,https://www.nyse.com/quote/XNMS:PHO
ARCX,PHYL,PGIM ETF TRUST ACTIVE HIGH YIELD BOND ETF,PHYL,https://www.nyse.com/quote/ARCX:PHYL
ARCX,PICB,INVESCO EXCHANGE TRADED FD TR II INTL CORP BD ETF,PICB,https://www.nyse.com/quote/ARCX:PICB
BATS,PICK,ISHARES INC MSCI GLBL METALS & MNG PRDCR,PICK,https://www.nyse.com/quote/BATS:PICK
XNMS,PID,INVESCO EXCHANGE TRADED FD TR INTERNATIONAL DIVIDEND ACHIEVERS ETF,PID,https://www.nyse.com/quote/XNMS:PID
XNMS,PIE,INVESCO EXCHANGE TRADED FD TR II DORSEY WRIGHT EMERGING MRKTS MOME ETF,PIE,https://www.nyse.com/quote/XNMS:PIE
BATS,PIEL,PACER INTERNATIONAL EXPORT LEADERS ETF,PIEL,https://www.nyse.com/quote/BATS:PIEL
BATS,PIEQ,PRINCIPAL INTERNATIONAL EQUITY ETF,PIEQ,https://www.nyse.com/quote/BATS:PIEQ
ARCX,PIFI,ETF SERIES SOLUTIONS CLEARSHARES PITON INTERM FXD INC ETF,PIFI,https://www.nyse.com/quote/ARCX:PIFI
ARCX,PILL,DIREXION DAILY PHARMACEUTICAL & MEDICAL BULL 3X ETF,PILL,https://www.nyse.com/quote/ARCX:PILL
BATS,PINC,PGIM SECURITIZED INCOME ETF,PINC,https://www.nyse.com/quote/BATS:PINC
ARCX,PINK,SIMPLIFY EXCHANGE TRADED FUNDS SIMPLIFY HEALTH CARE ETF,PINK,https://www.nyse.com/quote/ARCX:PINK
XNMS,PIO,INVESCO EXCHANGE TRADED FD TR II GLOBAL WATER ETF,PIO,https://www.nyse.com/quote/XNMS:PIO
BATS,PIPE,INVESCO STEELPATH MLP & ENERGY INFRASTRUCTURE ETF,PIPE,https://www.nyse.com/quote/BATS:PIPE
BATS,PIT,VANECK ETF TR COMMODITY STRATEGY ETF USD,PIT,https://www.nyse.com/quote/BATS:PIT
XNMS,PIZ,INVESCO EXCHANGE TRADED FD TR II DORSEY WRIGHT DVELOPD MRKTS MOMNTUM ETF,PIZ,https://www.nyse.com/quote/XNMS:PIZ
BATS,PJAN,INNOVATOR ETFS TRUST INNOVATOR US EQUTY POWER BUFFER ETF JANU,PJAN,https://www.nyse.com/quote/BATS:PJAN
BATS,PJBF,PGIM ETF TRUST PGIM JENNISON BETTER FUTURE ETF,PJBF,https://www.nyse.com/quote/BATS:PJBF
ARCX,PJFG,PGIM ETF TRUST JENNISON FOCUSED GROWTH ETF,PJFG,https://www.nyse.com/quote/ARCX:PJFG
BATS,PJFM,PGIM ETF TRUST PGIM JENNISON FOCUSED MID CAP ETF,PJFM,https://www.nyse.com/quote/BATS:PJFM
ARCX,PJFV,PGIM ETF TRUST JENNISON FOCUSED VALUE ETF,PJFV,https://www.nyse.com/quote/ARCX:PJFV
ARCX,PJIO,PGIM ETF TRUST JENNISON INTERNATIONAL OPPORTUNITIES ETF,PJIO,https://www.nyse.com/quote/ARCX:PJIO
ARCX,PJP,INVESCO EXCHANGE TRADED FD TR PHARMACEUTICALS ETF,PJP,https://www.nyse.com/quote/ARCX:PJP
BATS,PJUL,INNOVATOR ETFS TRUST INNOVATOR US EQUTY POWER BUFFER ETF JULY,PJUL,https://www.nyse.com/quote/BATS:PJUL
BATS,PJUN,INNOVATOR ETFS TRUST INNOVATOR US EQUITY POWER BUFFER ETF JUN,PJUN,https://www.nyse.com/quote/BATS:PJUN
BATS,PJUS,PGIM JENNISON U.S. CORE EQUITY ETF,PJUS,https://www.nyse.com/quote/BATS:PJUS
ARCX,PKB,INVESCO EXCHANGE TRADED FD TR BUILDING & CONSTRUCTION ETF,PKB,https://www.nyse.com/quote/ARCX:PKB
XNMS,PKW,INVESCO EXCHANGE TRADED FD TR BUYBACK ACHIEVERS ETF,PKW,https://www.nyse.com/quote/XNMS:PKW
XNMS,PLA,GRANITESHARES AUTOCALLABLE PLTR ETF,PLA,https://www.nyse.com/quote/XNMS:PLA
BATS,PLGI,COLLABORATIVE INVESTMNT SER TR PL GROWTH & INCOME ETF,PLGI,https://www.nyse.com/quote/BATS:PLGI
ARCX,PLTA,PROSHARES ULTRA PLTR,PLTA,https://www.nyse.com/quote/ARCX:PLTA
XNMS,PLTD,DIREXION DAILY PLTR BEAR 1X ETF,PLTD,https://www.nyse.com/quote/XNMS:PLTD
XNMS,PLTG,LEVERAGE SHARES 2X LONG PLTR DAILY ETF,PLTG,https://www.nyse.com/quote/XNMS:PLTG
BATS,PLTL,CORGI PLTR 2X DAILY ETF,PLTL,https://www.nyse.com/quote/BATS:PLTL
ARCX,PLTM,GRANITESHARES PLATINUM TRUST SHS BENEFICIARY INVESTMENT,PLTM,https://www.nyse.com/quote/ARCX:PLTM
XNMS,PLTU,DIREXION DAILY PLTR BULL 2X ETF,PLTU,https://www.nyse.com/quote/XNMS:PLTU
BATS,PLTW,ROUNDHILL PLTR WEEKLYPAY ETF,PLTW,https://www.nyse.com/quote/BATS:PLTW
ARCX,PLTY,YIELDMAX PLTR OPTION INCOME STRATEGY ETF,PLTY,https://www.nyse.com/quote/ARCX:PLTY
XNMS,PLTZ,DEFIANCE DAILY TARGET 2X SHORT PLTR ETF,PLTZ,https://www.nyse.com/quote/XNMS:PLTZ
BATS,PLU,DEFIANCE DAILY TARGET 2X LONG PL ETF,PLU,https://www.nyse.com/quote/BATS:PLU
XNMS,PLUL,LEVERAGE SHARES 2X LONG PLUG DAILY ETF,PLUL,https://www.nyse.com/quote/XNMS:PLUL
XNMS,PLYY,GRANITESHARES YIELDBOOST PLTR ETF,PLYY,https://www.nyse.com/quote/XNMS:PLYY
BATS,PMAP,PGIM S&P 500 MAX BUFFER ETF - APRIL,PMAP,https://www.nyse.com/quote/BATS:PMAP
BATS,PMAR,INNOVATOR ETFS TRUST INNOVATOR US EQUTY POWER BUFFER ETF MARC,PMAR,https://www.nyse.com/quote/BATS:PMAR
BATS,PMAU,PGIM S&P 500 MAX BUFFER ETF - AUGUST,PMAU,https://www.nyse.com/quote/BATS:PMAU
BATS,PMAY,INNOVATOR ETFS TRUST INNOVATOR US EQUTY POWER BUFFER ETF MAY,PMAY,https://www.nyse.com/quote/BATS:PMAY
XNMS,PMBS,PIMCO MORTGAGE-BACKED SECURITIES ACTIVE EXCHANGE-TRADED FUND,PMBS,https://www.nyse.com/quote/XNMS:PMBS
BATS,PMDE,PGIM S&P 500 MAX BUFFER ETF - DECEMBER,PMDE,https://www.nyse.com/quote/BATS:PMDE
BATS,PMFB,PGIM S&P 500 MAX BUFFER ETF - FEBRUARY,PMFB,https://www.nyse.com/quote/BATS:PMFB
ARCX,PMIO,PGIM MUNICIPAL INCOME OPPORTUNITIES ETF,PMIO,https://www.nyse.com/quote/ARCX:PMIO
BATS,PMJA,PGIM S&P 500 MAX BUFFER ETF - JANUARY,PMJA,https://www.nyse.com/quote/BATS:PMJA
BATS,PMJL,PGIM S&P 500 MAX BUFFER ETF - JULY,PMJL,https://www.nyse.com/quote/BATS:PMJL
BATS,PMJN,PGIM S&P 500 MAX BUFFER ETF - JUNE,PMJN,https://www.nyse.com/quote/BATS:PMJN
XNYS,PMMF,ISHARES PRIME MONEY MARKET ETF,PMMF,https://www.nyse.com/quote/XNYS:PMMF
BATS,PMMR,PGIM S&P 500 MAX BUFFER ETF - MARCH,PMMR,https://www.nyse.com/quote/BATS:PMMR
BATS,PMMY,PGIM S&P 500 MAX BUFFER ETF - MAY,PMMY,https://www.nyse.com/quote/BATS:PMMY
BATS,PMNV,PGIM S&P 500 MAX BUFFER ETF - NOVEMBER,PMNV,https://www.nyse.com/quote/BATS:PMNV
BATS,PMOC,PGIM S&P 500 MAX BUFFER ETF - OCTOBER,PMOC,https://www.nyse.com/quote/BATS:PMOC
XNAS,PMPT,iSectors Post-MPT Growth ETF,PMPT,https://www.nyse.com/quote/XNAS:PMPT
BATS,PMSE,PGIM S&P 500 MAX BUFFER ETF - SEPTEMBER,PMSE,https://www.nyse.com/quote/BATS:PMSE
BATS,PNOV,INNOVATOR ETFS TRUST INNOVATOR US EQUTY POWER BUFFER ETF NOVE,PNOV,https://www.nyse.com/quote/BATS:PNOV
XNMS,PNQI,INVESCO EXCHANGE TRADED FD TR NASDAQ INTERNET ETF,PNQI,https://www.nyse.com/quote/XNMS:PNQI
BATS,POCT,INNOVATOR ETFS TRUST INNOVATOR US EQUTY POWER BUFFER ETF OCTO,POCT,https://www.nyse.com/quote/BATS:POCT
BATS,POEL,DEFIANCE DAILY TARGET 2X LONG POET ETF,POEL,https://www.nyse.com/quote/BATS:POEL
BATS,PONX,TRADR 2X LONG PONY DAILY ETF,PONX,https://www.nyse.com/quote/BATS:PONX
ARCX,POW,VISTASHARES ELECTRIFICATION SUPERCYCLE ETF,POW,https://www.nyse.com/quote/ARCX:POW
ARCX,POWA,INVESCO EXCHANGE TRADED SELF IDX FT BLOOMBERG PRICING POWER ETF,POWA,https://www.nyse.com/quote/ARCX:POWA
ARCX,POWR,ISHARES U.S. POWER INFRASTRUCTURE ETF,POWR,https://www.nyse.com/quote/ARCX:POWR
ARCX,PPA,INVESCO EXCHANGE TRADED FD TR AEROSPACE & DEFENSE ETF,PPA,https://www.nyse.com/quote/ARCX:PPA
XNMS,PPH,VANECK ETF TR PHARMACEUTICAL ETF,PPH,https://www.nyse.com/quote/XNMS:PPH
XNMS,PPI,INVESTMENT MANAGERS SERIES TRUST II ASTORIA REAL ASSETS ETF,PPI,https://www.nyse.com/quote/XNMS:PPI
ARCX,PPLT,ABRDN PLATINUM ETF TRUST ABRDN PHYSICAL PLATINUM SHARES ETF,PPLT,https://www.nyse.com/quote/ARCX:PPLT
ARCX,PPTY,ETF SERIES SOLUTIONS U.S. DIVERSIFIED REAL ESTATE ETF,PPTY,https://www.nyse.com/quote/ARCX:PPTY
XNMS,PQAP,PGIM NASDAQ-100 BUFFER 12 ETF - APRIL,PQAP,https://www.nyse.com/quote/XNMS:PQAP
ARCX,PQDI,PRINCIPAL SPECTRUM PREFERRED AND INCOME ETF,PQDI,https://www.nyse.com/quote/ARCX:PQDI
XNMS,PQJA,PGIM NASDAQ-100 BUFFER 12 ETF - JANUARY,PQJA,https://www.nyse.com/quote/XNMS:PQJA
XNMS,PQJL,PGIM NASDAQ-100 BUFFER 12 ETF - JULY,PQJL,https://www.nyse.com/quote/XNMS:PQJL
ARCX,PQNT,PICTET AI ENHANCED INTERNATIONAL EQUITY ETF,PQNT,https://www.nyse.com/quote/ARCX:PQNT
XNMS,PQOC,PGIM NASDAQ-100 BUFFER 12 ETF - OCTOBER,PQOC,https://www.nyse.com/quote/XNMS:PQOC
ARCX,PQUS,PICTET AI ENHANCED US EQUITY ETF,PQUS,https://www.nyse.com/quote/ARCX:PQUS
BATS,PQV,PGIM S&P 500 QUARTERLY BUFFER 5 ETF,PQV,https://www.nyse.com/quote/BATS:PQV
BATS,PQX,PGIM S&P 500 QUARTERLY BUFFER 10 ETF,PQX,https://www.nyse.com/quote/BATS:PQX
BATS,PQXV,PGIM S&P 500 QUARTERLY BUFFER 15 ETF,PQXV,https://www.nyse.com/quote/BATS:PQXV
BATS,PQXX,PGIM S&P 500 QUARTERLY BUFFER 20 ETF,PQXX,https://www.nyse.com/quote/BATS:PQXX
ARCX,PRAB,STATE STREET IG PUBLIC & PRIVATE ABS ETF,PRAB,https://www.nyse.com/quote/ARCX:PRAB
ARCX,PRAE,NORTHERN LIGHTS FUND TRUST III PLANROCK ALTERNATIVE GROWTH ETF,PRAE,https://www.nyse.com/quote/ARCX:PRAE
ARCX,PRAY,FIS CHRISTIAN STOCK FUND,PRAY,https://www.nyse.com/quote/ARCX:PRAY
XNYS,PRCS,PARNASSUS CORE SELECT ETF,PRCS,https://www.nyse.com/quote/XNYS:PRCS
ARCX,PREF,PRINCIPAL EXCHANGE-TRADED FDS SPECTRUM PFD SECS ACTIVE ETF,PREF,https://www.nyse.com/quote/ARCX:PREF
ARCX,PRF,INVESCO RAFI US 1000 ETF,PRF,https://www.nyse.com/quote/ARCX:PRF
ARCX,PRFD,PIMCO ETF TRUST PREFERRED&CAPITAL SECURITIES ACTIVE ETF,PRFD,https://www.nyse.com/quote/ARCX:PRFD
XNMS,PRFZ,INVESCO EXCHANGE-TRADED FUND TRUST INVESCO RAFI US 1500 SMALL-MID ETF,PRFZ,https://www.nyse.com/quote/XNMS:PRFZ
ARCX,PRIV,STATE STREET IG PUBLIC & PRIVATE CREDIT ETF,PRIV,https://www.nyse.com/quote/ARCX:PRIV
ARCX,PRIZ,ZACKS PREFERRED INCOME ETF,PRIZ,https://www.nyse.com/quote/ARCX:PRIZ
XNMS,PRMR,PEAKSHARES RMR PRIME EQUITY ETF,PRMR,https://www.nyse.com/quote/XNMS:PRMR
XNMS,PRN,INVESCO EXCHANGE TRADED FD TR DORSEY WRIGHT INDUSTRIALS MOMENTUM ETF,PRN,https://www.nyse.com/quote/XNMS:PRN
BATS,PRNT,ARK ETF TRUST 3D PRINTING ETF USD,PRNT,https://www.nyse.com/quote/BATS:PRNT
ARCX,PRSD,STATE STREET SHORT DURATION IG PUBLIC & PRIVATE CREDIT ETF,PRSD,https://www.nyse.com/quote/ARCX:PRSD
ARCX,PRTO,RCN PARETO STRATEGIC ALLOCATION ETF,PRTO,https://www.nyse.com/quote/ARCX:PRTO
XNYS,PRVS,PARNASSUS VALUE SELECT ETF,PRVS,https://www.nyse.com/quote/XNYS:PRVS
BATS,PRVT,TEMA LISTED PRIVATE MANAGERS ETF,PRVT,https://www.nyse.com/quote/BATS:PRVT
ARCX,PRXG,PRAXIS IMPACT LARGE CAP GROWTH ETF,PRXG,https://www.nyse.com/quote/ARCX:PRXG
ARCX,PRXI,PRAXIS IMPACT INTERNATIONAL ETF,PRXI,https://www.nyse.com/quote/ARCX:PRXI
ARCX,PRXV,PRAXIS IMPACT LARGE CAP VALUE ETF,PRXV,https://www.nyse.com/quote/ARCX:PRXV
BATS,PSAI,PACER S&P 500 3AI TOP 100 ETF,PSAI,https://www.nyse.com/quote/BATS:PSAI
XNAS,PSC,PRINCIPAL EXCHANGE,PSC,https://www.nyse.com/quote/XNAS:PSC
XNMS,PSC,PRINCIPAL EXCHANGE-TRADED FDS PRINCIPAL U.S. SMALL-CAP ETF,PSC,https://www.nyse.com/quote/XNMS:PSC
XNMS,PSCC,INVESCO EXCHANGE TRADED FD TR II S&P SMALLCAP CONSUMER STAPLES E,PSCC,https://www.nyse.com/quote/XNMS:PSCC
XNMS,PSCD,INVESCO EXCHANGE TRADED FD TR II S&P SMALLCAP CONSUMER DISCRETIO,PSCD,https://www.nyse.com/quote/XNMS:PSCD
XNMS,PSCE,INVESCO EXCHANGE TRADED FD TR II S&P SMALLCAP ENERGY NEW (POST REV SPT),PSCE,https://www.nyse.com/quote/XNMS:PSCE
XNMS,PSCF,INVESCO EXCHANGE TRADED FD TR II S&P SMALLCAP FINLS ETF,PSCF,https://www.nyse.com/quote/XNMS:PSCF
XNMS,PSCH,INVESCO EXCHANGE TRADED FD TR II S&P SMALLCAP HEALTH CARE ETF,PSCH,https://www.nyse.com/quote/XNMS:PSCH
XNMS,PSCI,INVESCO EXCHANGE TRADED FD TR II S&P SMALLCAP INDLS ETF,PSCI,https://www.nyse.com/quote/XNMS:PSCI
BATS,PSCJ,PACER FDS TR SWAN SOS CONS JULY ETF,PSCJ,https://www.nyse.com/quote/BATS:PSCJ
XNMS,PSCM,INVESCO EXCHANGE TRADED FD TR II S&P SMALLCAP MATLS ETF,PSCM,https://www.nyse.com/quote/XNMS:PSCM
BATS,PSCQ,PACER FDS TR SWAN SOS CONS OCTOBER ETF USD,PSCQ,https://www.nyse.com/quote/BATS:PSCQ
XNMS,PSCT,INVESCO EXCHANGE TRADED FD TR II S&P SMALLCAP INFORMATION TECHNOLOG,PSCT,https://www.nyse.com/quote/XNMS:PSCT
XNMS,PSCU,INVESCO EXCHANGE TRADED FD TR II S&P SMLCAP UTLTES & COMMUN SRVCS ETF,PSCU,https://www.nyse.com/quote/XNMS:PSCU
BATS,PSCW,PACER FDS TR SWAN SOS CONS APRIL ETF,PSCW,https://www.nyse.com/quote/BATS:PSCW
BATS,PSCX,PACER FDS TR SWAN SOS CONSERVATIVE JANUARY ETF,PSCX,https://www.nyse.com/quote/BATS:PSCX
BATS,PSDM,PGIM ETF TRUST SHORT DURATION MULTI SECTOR BOND ETF,PSDM,https://www.nyse.com/quote/BATS:PSDM
BATS,PSEP,INNOVATOR ETFS TRUST INNOVATOR US EQUTY PWER BUFFER ETF SEPTE,PSEP,https://www.nyse.com/quote/BATS:PSEP
XNAS,PSET,PRINCIPAL EXCHANGE,PSET,https://www.nyse.com/quote/XNAS:PSET
XNMS,PSET,PRINCIPAL EXCHANGE-TRADED FDS PRINCIPAL QUALITY ETF,PSET,https://www.nyse.com/quote/XNMS:PSET
BATS,PSFD,PACER FDS TR SWAN SOS FLEX JANUARY ETF,PSFD,https://www.nyse.com/quote/BATS:PSFD
BATS,PSFF,PACER FDS TR SWAN SOS FUND OF FUNDS ETF,PSFF,https://www.nyse.com/quote/BATS:PSFF
BATS,PSFJ,PACER FDS TR SWAN SOS FLEX JULY ETF,PSFJ,https://www.nyse.com/quote/BATS:PSFJ
BATS,PSFM,PACER FDS TR SWAN SOS FLEX APRIL ETF,PSFM,https://www.nyse.com/quote/BATS:PSFM
BATS,PSFO,PACER FDS TR SWAN SOS FLEX OCTOBER ETF USD,PSFO,https://www.nyse.com/quote/BATS:PSFO
BATS,PSH,PGIM ETF TRUST PGIM SHORT DURATION HIGH YIELD ETF,PSH,https://www.nyse.com/quote/BATS:PSH
ARCX,PSI,INVESCO EXCHANGE TRADED FD TR SEMICONDUCTORS ETF,PSI,https://www.nyse.com/quote/ARCX:PSI
ARCX,PSIL,ADVISORSHARES TRUST PSYCHEDELICS ETF,PSIL,https://www.nyse.com/quote/ARCX:PSIL
ARCX,PSK,STATE STREET SPDR ICE PREFERRED SECURITIES ETF,PSK,https://www.nyse.com/quote/ARCX:PSK
XNMS,PSL,INVESCO EXCHANGE TRADED FD TR DORSEY WRIGHT CONSUMER STPLS MOMENTUM ET,PSL,https://www.nyse.com/quote/XNMS:PSL
BATS,PSMD,PACER FDS TR SWAN SOS MODERATE (JANUARY) ETF,PSMD,https://www.nyse.com/quote/BATS:PSMD
BATS,PSMJ,PACER FDS TR SWAN SOS MODERATE JULY ETF,PSMJ,https://www.nyse.com/quote/BATS:PSMJ
BATS,PSMO,PACER FDS TR SWAN SOS MODERATE OCTOBER ETF USD,PSMO,https://www.nyse.com/quote/BATS:PSMO
BATS,PSMR,PACER FDS TR SWAN SOS MODERATE APRIL ETF,PSMR,https://www.nyse.com/quote/BATS:PSMR
ARCX,PSP,INVESCO EXCHANGE TRADED FD TR GLOBAL LISTED PRIVATE EQUTY ETF POST R/S,PSP,https://www.nyse.com/quote/ARCX:PSP
ARCX,PSQ,PROSHARES TRUST SHORT QQQ POST REV SPLIT,PSQ,https://www.nyse.com/quote/ARCX:PSQ
ARCX,PSQA,PALMER SQUARE CLO SENIOR DEBT ETF,PSQA,https://www.nyse.com/quote/ARCX:PSQA
ARCX,PSQO,PALMER SQUARE CREDIT OPPORTUNITIES ETF,PSQO,https://www.nyse.com/quote/ARCX:PSQO
ARCX,PSR,INVESCO ACTIVELY MANAGED ETF TRUST ACTIVE U S REAL ESTATE FD,PSR,https://www.nyse.com/quote/ARCX:PSR
ARCX,PST,PROSHARES TRUST PSHS ULSHT 7-10Y,PST,https://www.nyse.com/quote/ARCX:PST
ARCX,PSTP,INNOVATOR ETFS TRUST POWER BUFFER STEP UP STRATEGY ETF,PSTP,https://www.nyse.com/quote/ARCX:PSTP
XNMS,PSTR,PEAKSHARES SECTOR ROTATION ETF,PSTR,https://www.nyse.com/quote/XNMS:PSTR
XNMS,PSWD,DBX ETF TRUST XTRACKERS CYBERSECURITY SELECT EQTY ETF,PSWD,https://www.nyse.com/quote/XNMS:PSWD
ARCX,PTBD,PACER FDS TR TRENDPILOT US BOND ETF,PTBD,https://www.nyse.com/quote/ARCX:PTBD
BATS,PTEU,PACER FDS TR TRENDPILOT EUROPEAN INDEX ETF,PTEU,https://www.nyse.com/quote/BATS:PTEU
XNMS,PTF,INVESCO EXCHANGE TRADED FD TR DORSEY WRIGHT TECHNOLOGY MOMENTUM ETF,PTF,https://www.nyse.com/quote/XNMS:PTF
XNMS,PTH,INVESCO EXCHANGE TRADED FD TR DORSEY WRIGHT HEALTHCARE MOMENTUM ETF,PTH,https://www.nyse.com/quote/XNMS:PTH
ARCX,PTIN,PACER FDS TR TRENDPILOT INTERNATIONAL ETF,PTIN,https://www.nyse.com/quote/ARCX:PTIN
XNMS,PTIR,GRANITESHARES 2X LONG PLTR DAILY ETF,PTIR,https://www.nyse.com/quote/XNMS:PTIR
ARCX,PTL,INSPIRE 500 ETF,PTL,https://www.nyse.com/quote/ARCX:PTL
BATS,PTLC,PACER FDS TR TRENDPILOT US LARGE CAP ETF,PTLC,https://www.nyse.com/quote/BATS:PTLC
BATS,PTMC,PACER FDS TR TRENDPILOT US MID CAP ETF,PTMC,https://www.nyse.com/quote/BATS:PTMC
XNMS,PTNQ,PACER FDS TR TRENDPILOT 100,PTNQ,https://www.nyse.com/quote/XNMS:PTNQ
BATS,PTNT,CORGI IP LICENSING & ROYALTIES ETF,PTNT,https://www.nyse.com/quote/BATS:PTNT
ARCX,PTRB,PGIM ETF TRUST TOTAL RETURN BOND ETF,PTRB,https://www.nyse.com/quote/ARCX:PTRB
XNMS,PUI,INVESCO EXCHANGE TRADED FD TR DORSEY WRIGHT UTILITIES MOMENTUM ETF,PUI,https://www.nyse.com/quote/XNMS:PUI
XNMS,PUL,GRANITESHARES 2X LONG P DAILY ETF,PUL,https://www.nyse.com/quote/XNMS:PUL
ARCX,PULS,PGIM ETF TRUST PGIM ULTRA SHORT BOND ETF,PULS,https://www.nyse.com/quote/ARCX:PULS
XNMS,PUR,DEFIANCE DAILY TARGET 2X LONG PURR ETF,PUR,https://www.nyse.com/quote/XNMS:PUR
ARCX,PUSH,PGIM ULTRA SHORT MUNICIPAL BOND ETF,PUSH,https://www.nyse.com/quote/ARCX:PUSH
ARCX,PVAL,PUTNAM ETF TR PUTNAM FOCUSED LARGE CAP VALUE ETF,PVAL,https://www.nyse.com/quote/ARCX:PVAL
BATS,PVEX,TRUESHARES CONVEQUITY ETF,PVEX,https://www.nyse.com/quote/BATS:PVEX
ARCX,PVI,INVESCO EXCHANGE TRADED FD TR II FLOATING RATE MUNICIPAL INCOME ETF,PVI,https://www.nyse.com/quote/ARCX:PVI
ARCX,PWB,INVESCO EXCHANGE TRADED FD TR LARGE CAP GROWTH ETF,PWB,https://www.nyse.com/quote/ARCX:PWB
ARCX,PWER,NOMURA ENERGY TRANSITION ETF,PWER,https://www.nyse.com/quote/ARCX:PWER
XNMS,PWRD,TCW TRANSFORM SYSTEMS ETF,PWRD,https://www.nyse.com/quote/XNMS:PWRD
BATS,PWRZ,TRUESHARES EAGLE GLOBAL NEXT GEN POWER INFRASTRUCTURE ETF,PWRZ,https://www.nyse.com/quote/BATS:PWRZ
BATS,PWS,PACER FDS TR WEALTHSHIELD ETF USD,PWS,https://www.nyse.com/quote/BATS:PWS
ARCX,PWV,INVESCO EXCHANGE TRADED FD TR LARGE CAP VALUE ETF,PWV,https://www.nyse.com/quote/ARCX:PWV
ARCX,PWZ,INVESCO EXCHANGE TRADED FD TR II CALIF AMT-FREE MUN BD ETF,PWZ,https://www.nyse.com/quote/ARCX:PWZ
ARCX,PXE,INVESCO EXCHANGE TRADED FD TR ENERGY EXPLORATION & PRODUCTION ETF,PXE,https://www.nyse.com/quote/ARCX:PXE
ARCX,PXF,INVESCO RAFI DEVELOPED MARKETS EX-U.S. ETF,PXF,https://www.nyse.com/quote/ARCX:PXF
ARCX,PXH,INVESCO RAFI EMERGING MARKETS ETF,PXH,https://www.nyse.com/quote/ARCX:PXH
XNMS,PXI,INVESCO EXCHANGE TRADED FD TR DORSEY WRIGHT ENERGY MOMENTUM ETF,PXI,https://www.nyse.com/quote/XNMS:PXI
ARCX,PXJ,INVESCO EXCHANGE TRADED FD TR OIL&GAS SERVICES ETF (R/S),PXJ,https://www.nyse.com/quote/ARCX:PXJ
XNMS,PY,PRINCIPAL EXCHANGE-TRADED FDS PRINCIPAL VALUE ETF,PY,https://www.nyse.com/quote/XNMS:PY
ARCX,PYLD,PIMCO ETF TRUST MULTISECTOR BOND ACTIVE EXCHANGE TRADED,PYLD,https://www.nyse.com/quote/ARCX:PYLD
XNMS,PYPG,LEVERAGE SHARES 2X LONG PYPL DAILY ETF,PYPG,https://www.nyse.com/quote/XNMS:PYPG
ARCX,PYPU,DIREXION DAILY PYPL BULL 2X ETF,PYPU,https://www.nyse.com/quote/ARCX:PYPU
ARCX,PYPY,YIELDMAX PYPL OPTION INCOME STRATEGY ETF,PYPY,https://www.nyse.com/quote/ARCX:PYPY
XNMS,PYZ,INVESCO EXCHANGE TRADED FD TR DORSEY WRIGHT BASIC MATERIALS MOM,PYZ,https://www.nyse.com/quote/XNMS:PYZ
ARCX,PZA,INVESCO EXCHANGE TRADED FD TR II NATL AMT-FREE MUN BD ETF,PZA,https://www.nyse.com/quote/ARCX:PZA
ARCX,PZIV,PZENA INTERNATIONAL VALUE ETF,PZIV,https://www.nyse.com/quote/ARCX:PZIV
ARCX,PZLV,PZENA U.S. LARGE CAP VALUE ETF,PZLV,https://www.nyse.com/quote/ARCX:PZLV
ARCX,PZT,INVESCO EXCHANGE TRADED FD TR II N Y AMT-FREE MUN BD ETF,PZT,https://www.nyse.com/quote/ARCX:PZT
XNMS,QABA,FIRST TRUST EXCHANGE TRADED FUND UNIT COM SHS (ANNUAL),QABA,https://www.nyse.com/quote/XNMS:QABA
ARCX,QAI,NYLI HEDGE MULTI-STRATEGY TRACKER ETF,QAI,https://www.nyse.com/quote/ARCX:QAI
XNMS,QALT,SEI DBI MULTI-STRATEGY ALTERNATIVE ETF,QALT,https://www.nyse.com/quote/XNMS:QALT
ARCX,QARP,DBX ETF TRUST XTRACKERS RUSSELL 1000 US QLTY AT A RES,QARP,https://www.nyse.com/quote/ARCX:QARP
XNMS,QAT,ISHARES TRUST MSCI QATAR ETF,QAT,https://www.nyse.com/quote/XNMS:QAT
XNMS,QB,PROSHARES NASDAQ-100 DYNAMIC BUFFER ETF,QB,https://www.nyse.com/quote/XNMS:QB
BATS,QBER,TRUESHARES QUARTERLY BEAR HEDGE ETF,QBER,https://www.nyse.com/quote/BATS:QBER
BATS,QBF,INNOVATOR UNCAPPED BITCOIN 20 FLOOR ETF - QUARTERLY,QBF,https://www.nyse.com/quote/BATS:QBF
BATS,QBIF,ALLIANZIM INTERNATIONAL EQUITY BUFFER15 ETF,QBIF,https://www.nyse.com/quote/BATS:QBIF
XNMS,QBIG,INVESCO TOP QQQ ETF,QBIG,https://www.nyse.com/quote/XNMS:QBIG
BATS,QBIV,ALLIANZIM INTERNATIONAL EQUITY BUFFER5 ETF,QBIV,https://www.nyse.com/quote/BATS:QBIV
BATS,QBKF,ALLIANZIM U.S. SMALL CAP BUFFER15 ETF,QBKF,https://www.nyse.com/quote/BATS:QBKF
BATS,QBKV,ALLIANZIM U.S. SMALL CAP BUFFER5 ETF,QBKV,https://www.nyse.com/quote/BATS:QBKV
BATS,QBQF,ALLIANZIM GROWTH-100 BUFFER15 ETF,QBQF,https://www.nyse.com/quote/BATS:QBQF
BATS,QBQV,ALLIANZIM GROWTH-100 BUFFER5 ETF,QBQV,https://www.nyse.com/quote/BATS:QBQV
BATS,QBSF,ALLIANZIM U.S. EQUITY BUFFER15 ETF,QBSF,https://www.nyse.com/quote/BATS:QBSF
BATS,QBSV,ALLIANZIM U.S EQUITY BUFFER5 ETF,QBSV,https://www.nyse.com/quote/BATS:QBSV
BATS,QBTX,TRADR 2X LONG QBTS DAILY ETF,QBTX,https://www.nyse.com/quote/BATS:QBTX
XNMS,QBTZ,DEFIANCE DAILY TARGET 2X SHORT QBTS ETF,QBTZ,https://www.nyse.com/quote/XNMS:QBTZ
XNMS,QBUF,INNOVATOR NASDAQ-100 10 BUFFER ETF QUARTERLY,QBUF,https://www.nyse.com/quote/XNMS:QBUF
BATS,QBUL,TRUESHARES QUARTERLY BULL HEDGE ETF,QBUL,https://www.nyse.com/quote/BATS:QBUL
XNMS,QBY,GRANITESHARES YIELDBOOST QBTS ETF,QBY,https://www.nyse.com/quote/XNMS:QBY
BATS,QCAP,FT VEST NASDAQ-100 CONSERVATIVE BUFFER ETF - APRIL,QCAP,https://www.nyse.com/quote/BATS:QCAP
BATS,QCJA,FT VEST NASDAQ-100 CONSERVATIVE BUFFER ETF - JANUARY,QCJA,https://www.nyse.com/quote/BATS:QCJA
BATS,QCJL,FT VEST NASDAQ-100 CONSERVATIVE BUFFER ETF - JULY,QCJL,https://www.nyse.com/quote/BATS:QCJL
XNMS,QCLN,FIRST TRUST EXCHANGE TRADED FUND NASDAQ CLEAN EDGE GREEN ENERGY INDEX FD,QCLN,https://www.nyse.com/quote/XNMS:QCLN
XNMS,QCLR,GLOBAL X FDS NASDAQ 100 COLLAR 95-110 ETF,QCLR,https://www.nyse.com/quote/XNMS:QCLR
XNMS,QCMD,DIREXION DAILY QCOM BEAR 1X ETF,QCMD,https://www.nyse.com/quote/XNMS:QCMD
XNMS,QCML,GRANITESHARES 2X LONG QCOM DAILY ETF,QCML,https://www.nyse.com/quote/XNMS:QCML
XNMS,QCMU,DIREXION DAILY QCOM BULL 2X ETF,QCMU,https://www.nyse.com/quote/XNMS:QCMU
BATS,QCOC,FT VEST NASDAQ-100 CONSERVATIVE BUFFER ETF - OCTOBER,QCOC,https://www.nyse.com/quote/BATS:QCOC
BATS,QDEC,FIRST TR EXCHANGE TRADED FD VIII VEST NASDAQ 100 BUFFER ETF DECEMBER,QDEC,https://www.nyse.com/quote/BATS:QDEC
ARCX,QDEF,FLEXSHARES TRUST QUALITY DIVID DEFENSIVE INDEX FD,QDEF,https://www.nyse.com/quote/ARCX:QDEF
ARCX,QDF,FLEXSHARES TRUST QUALITY DIVID INDEX FD,QDF,https://www.nyse.com/quote/ARCX:QDF
ARCX,QDIV,GLOBAL X FDS S&P 500 QUALITY DIVIDEND ETF,QDIV,https://www.nyse.com/quote/ARCX:QDIV
ARCX,QDPL,PACER FDS TR METAURUS US LRG CAP DIV MUTIPLER 400 ETF,QDPL,https://www.nyse.com/quote/ARCX:QDPL
BATS,QDTE,ROUNDHILL INNOVATION-100 0DTE COVERED CALL STRATEGY ETF,QDTE,https://www.nyse.com/quote/BATS:QDTE
XNMS,QDTY,YIELDMAX NASDAQ 100 0DTE COVERED CALL STRATEGY ETF,QDTY,https://www.nyse.com/quote/XNMS:QDTY
ARCX,QDVO,AMPLIFY CWP GROWTH & INCOME ETF,QDVO,https://www.nyse.com/quote/ARCX:QDVO
ARCX,QEFA,STATE STREET SPDR MSCI EAFE STRATEGICFACTORS ETF,QEFA,https://www.nyse.com/quote/ARCX:QEFA
ARCX,QEMM,STATE STREET SPDR MSCI EMERGING MARKETS STRATEGICFACTORS ETF,QEMM,https://www.nyse.com/quote/ARCX:QEMM
BATS,QETH,INVESCO GALAXY ETHEREUM ETF,QETH,https://www.nyse.com/quote/BATS:QETH
XNMS,QEW,INVESCO QQQ EQUAL WEIGHT ETF,QEW,https://www.nyse.com/quote/XNMS:QEW
BATS,QFHD,PACER S&P 500 QUALITY FCF HIGH DIVIDEND ETF,QFHD,https://www.nyse.com/quote/BATS:QFHD
ARCX,QFLR,INNOVATOR ETFS TRUST NASDAQ-100 MANAGED FLOOR ETF,QFLR,https://www.nyse.com/quote/ARCX:QFLR
BATS,QFRD,PACER S&P 500 QUALITY FCF R&D LEADERS,QFRD,https://www.nyse.com/quote/BATS:QFRD
XNMS,QGRD,HORIZON NASDAQ-100 DEFINED RISK ETF,QGRD,https://www.nyse.com/quote/XNMS:QGRD
ARCX,QGRO,AMERICAN CENTURY ETF TRUST US QUALITY GROWTH ETF,QGRO,https://www.nyse.com/quote/ARCX:QGRO
ARCX,QGRW,WISDOMTREE TRUST U S QUALITY GROWTH FD,QGRW,https://www.nyse.com/quote/ARCX:QGRW
XNMS,QHDG,INNOVATOR HEDGED NASDAQ-100 ETF,QHDG,https://www.nyse.com/quote/XNMS:QHDG
BATS,QHY,WISDOMTREE U.S. HIGH YIELD CORPORATE BOND FUND,QHY,https://www.nyse.com/quote/BATS:QHY
ARCX,QID,PROSHARES TRUST ULTRASHORT QQQ (POST REV SPLIT),QID,https://www.nyse.com/quote/ARCX:QID
ARCX,QIDX,INDEXPERTS QUALITY EARNINGS FOCUSED ETF,QIDX,https://www.nyse.com/quote/ARCX:QIDX
BATS,QIG,WISDOMTREE U.S. CORPORATE BOND FUND,QIG,https://www.nyse.com/quote/BATS:QIG
ARCX,QINT,AMERICAN CENTURY ETF TRUST QUALITY DIVERSIFIED INTERNATIONAL ETF,QINT,https://www.nyse.com/quote/ARCX:QINT
ARCX,QIS,SIMPLIFY EXCHANGE TRADED FUNDS MULTI-QIS ALTERNATIVE ETF,QIS,https://www.nyse.com/quote/ARCX:QIS
BATS,QJL,CORGI GROWTH & TECHNOLOGY 10% STRUCTURED BUFFER ETF - JULY SERIES,QJL,https://www.nyse.com/quote/BATS:QJL
BATS,QJN,CORGI GROWTH & TECHNOLOGY 10% STRUCTURED BUFFER ETF,QJN,https://www.nyse.com/quote/BATS:QJN
BATS,QJUN,FIRST TR EXCHANGE TRADED FD VIII VEST NASDAQ 100 BUFFER ETF JUNE,QJUN,https://www.nyse.com/quote/BATS:QJUN
BATS,QLC,FLEXSHARES TRUST US QUALITY LARGE CAP INDEX FUND,QLC,https://www.nyse.com/quote/BATS:QLC
ARCX,QLD,PROSHARES TRUST PSHS ULTRA QQQ,QLD,https://www.nyse.com/quote/ARCX:QLD
XNMS,QLDY,DEFIANCE NASDAQ 100 LIGHTNINGSPREAD INCOME ETF,QLDY,https://www.nyse.com/quote/XNMS:QLDY
ARCX,QLTA,ISHARES TRUST AAA - A RATED CORP BD ETF,QLTA,https://www.nyse.com/quote/ARCX:QLTA
ARCX,QLTI,GMO INTERNATIONAL QUALITY ETF,QLTI,https://www.nyse.com/quote/ARCX:QLTI
ARCX,QLTY,2023 ETF SERIES TRUST II GMO US QUALITY ETF,QLTY,https://www.nyse.com/quote/ARCX:QLTY
ARCX,QLV,FLEXSHARES TRUST US QUALITY LOW VOLATILITY INDEX FUND,QLV,https://www.nyse.com/quote/ARCX:QLV
ARCX,QLVD,FLEXSHARES TRUST DEVELOPED MKTS EX-US QUALITY LOW VOL IDX,QLVD,https://www.nyse.com/quote/ARCX:QLVD
ARCX,QLVE,FLEXSHARES TRUST EMERGING MKTS QUALITY LOW VOLATILITY IDX,QLVE,https://www.nyse.com/quote/ARCX:QLVE
BATS,QMAG,FT VEST NASDAQ-100 MODERATE BUFFER ETF - AUGUST,QMAG,https://www.nyse.com/quote/BATS:QMAG
BATS,QMAR,FIRST TR EXCHANGE TRADED FD VIII VEST NASDAQ 100 BUFFER ETF MARCH,QMAR,https://www.nyse.com/quote/BATS:QMAR
BATS,QMFE,FT VEST NASDAQ-100 MODERATE BUFFER ETF - FEBRUARY,QMFE,https://www.nyse.com/quote/BATS:QMFE
XNMS,QMID,WISDOMTREE TRUST US MIDCAP QUALITY GROWTH FD,QMID,https://www.nyse.com/quote/XNMS:QMID
BATS,QMMY,FT VEST NASDAQ-100 MODERATE BUFFER ETF - MAY,QMMY,https://www.nyse.com/quote/BATS:QMMY
BATS,QMNV,FT VEST NASDAQ-100 MODERATE BUFFER ETF - NOVEMBER,QMNV,https://www.nyse.com/quote/BATS:QMNV
XNMS,QMOM,EA SERIES TRUST ALPHA ARCHITECT US QUANTITATIVE MOMENTUM,QMOM,https://www.nyse.com/quote/XNMS:QMOM
BATS,QMY,CORGI GROWTH & TECHNOLOGY 10% STRUCTURED BUFFER ETF - MAY SERIES,QMY,https://www.nyse.com/quote/BATS:QMY
XNMS,QNDX,STATE STREET SPDR PORTFOLIO NASDAQ 100 ETF,QNDX,https://www.nyse.com/quote/XNMS:QNDX
BATS,QNTU,TRADR 2X LONG QNT DAILY ETF,QNTU,https://www.nyse.com/quote/BATS:QNTU
XNMS,QNXT,ISHARES NASDAQ-100 EX TOP 30 ETF,QNXT,https://www.nyse.com/quote/XNMS:QNXT
XNMS,QOWZ,INVESCO EXCHANGE TRADED FD TR II NASDAQ FREE CASH FLOW ACHIEVERS ETF,QOWZ,https://www.nyse.com/quote/XNMS:QOWZ
XNMS,QPUX,DEFIANCE 2X DAILY LONG PURE QUANTUM ETF,QPUX,https://www.nyse.com/quote/XNMS:QPUX
ARCX,QPX,ADVISORSHARES TRUST ADVISORSHARES Q DYNAMIC GROWTH ETF,QPX,https://www.nyse.com/quote/ARCX:QPX
XNMS,QQA,INVESCO QQQ INCOME ADVANTAGE ETF,QQA,https://www.nyse.com/quote/XNMS:QQA
XNMS,QQDN,PROSHARES ULTRASHORT QQQ MEGA,QQDN,https://www.nyse.com/quote/XNMS:QQDN
XNMS,QQEW,FIRST TRUST NASDAQ-100 SELECT EQUAL WEIGHT ETF,QQEW,https://www.nyse.com/quote/XNMS:QQEW
ARCX,QQH,NORTHERN LIGHTS FUND TRUST III HCM DEFENDER 100 INDEX ETF,QQH,https://www.nyse.com/quote/ARCX:QQH
XNMS,QQHG,INVESCO QQQ HEDGED ADVANTAGE ETF,QQHG,https://www.nyse.com/quote/XNMS:QQHG
BATS,QQJL,CORGI GROWTH & TECHNOLOGY 15% STRUCTURED BUFFER ETF - JULY SERIES,QQJL,https://www.nyse.com/quote/BATS:QQJL
BATS,QQJN,CORGI GROWTH & TECHNOLOGY 15% STRUCTURED BUFFER ETF,QQJN,https://www.nyse.com/quote/BATS:QQJN
XNMS,QQLV,INVESCO QQQ LOW VOLATILITY ETF,QQLV,https://www.nyse.com/quote/XNMS:QQLV
XNMS,QQMG,INVESCO EXCHANGE TRADED FD TR II ESG NASDAQ 100 ETF,QQMG,https://www.nyse.com/quote/XNMS:QQMG
BATS,QQMY,CORGI GROWTH & TECHNOLOGY 15% STRUCTURED BUFFER ETF - MAY SERIES,QQMY,https://www.nyse.com/quote/BATS:QQMY
XNMS,QQQ,INVESCO QQQ TRUST UNIT SER 1,QQQ,https://www.nyse.com/quote/XNMS:QQQ
XNMS,QQQA,PROSHARES TRUST NASDAQ 100 DORSEY WRIGHT MOMENTUM ETF,QQQA,https://www.nyse.com/quote/XNMS:QQQA
ARCX,QQQD,DIREXION DAILY MAGNIFICENT 7 BEAR 1X ETF,QQQD,https://www.nyse.com/quote/ARCX:QQQD
XNMS,QQQE,DIREXION NASDAQ-100 EQUAL WEIGHTED INDEX ETF,QQQE,https://www.nyse.com/quote/XNMS:QQQE
XNMS,QQQG,PACER NASDAQ 100 TOP 50 CASH COWS GROWTH LEADERS ETF,QQQG,https://www.nyse.com/quote/XNMS:QQQG
XNMS,QQQH,NEOS NASDAQ-100 HEDGED EQUITY INCOME ETF,QQQH,https://www.nyse.com/quote/XNMS:QQQH
XNMS,QQQI,NEOS ETF TRUST NASDAQ 100 HIGH INCOME ETF,QQQI,https://www.nyse.com/quote/XNMS:QQQI
XNMS,QQQJ,INVESCO EXCHANGE TRADED FD TR II NASDAQ NEXT GEN 100 ETF,QQQJ,https://www.nyse.com/quote/XNMS:QQQJ
XNMS,QQQM,INVESCO EXCHANGE TRADED FD TR II NASDAQ 100 ETF,QQQM,https://www.nyse.com/quote/XNMS:QQQM
XNMS,QQQP,INVESTMENT MANAGERS SERIES TRUST II TRADR 2X LONG INNOVATION 100 QUARTERLY ETF,QQQP,https://www.nyse.com/quote/XNMS:QQQP
XNMS,QQQS,INVESCO EXCHANGE TRADED FD TR II NASDAQ FUTURE GEN 200 ETF,QQQS,https://www.nyse.com/quote/XNMS:QQQS
XNMS,QQQT,DEFIANCE NASDAQ 100 INCOME TARGET ETF,QQQT,https://www.nyse.com/quote/XNMS:QQQT
ARCX,QQQU,DIREXION DAILY MAGNIFICENT 7 BULL 2X ETF,QQQU,https://www.nyse.com/quote/ARCX:QQQU
XNMS,QQQY,DEFIANCE NASDAQ 100 WEEKLY DISTRIBUTION ETF,QQQY,https://www.nyse.com/quote/XNMS:QQQY
XNMS,QQUP,PROSHARES ULTRA QQQ MEGA,QQUP,https://www.nyse.com/quote/XNMS:QQUP
XNMS,QQWZ,PACER CASH COWZ 100-NASDAQ 100 ROTATOR ETF,QQWZ,https://www.nyse.com/quote/XNMS:QQWZ
XNMS,QQXL,PROSHARES ULTRA QQQ TOP 30,QQXL,https://www.nyse.com/quote/XNMS:QQXL
XNMS,QQXT,FIRST TRUST EXCHANGE TRADED FUND NASDAQ 100 EX TECHNOLOGY SECTOR INDEX FD,QQXT,https://www.nyse.com/quote/XNMS:QQXT
ARCX,QRFT,EXCHANGE LISTED FUNDS TRUST QRAFT AI ENHANCED US LARGE CAP ETF,QRFT,https://www.nyse.com/quote/ARCX:QRFT
XNMS,QRMI,GLOBAL X FDS NASDAQ 100 RISK MANAGED INCOME ETF,QRMI,https://www.nyse.com/quote/XNMS:QRMI
BATS,QSIG,WISDOMTREE U.S. SHORT TERM CORPORATE BOND FUND,QSIG,https://www.nyse.com/quote/BATS:QSIG
XNMS,QSIX,PACER METAURUS NASDAQ 100 DIVIDEND MULTIPLIER 600 ETF,QSIX,https://www.nyse.com/quote/XNMS:QSIX
XNMS,QSML,WISDOMTREE TRUST US SMALLCAP QUALITY GROWTH FD,QSML,https://www.nyse.com/quote/XNMS:QSML
BATS,QSOL,INVESCO GALAXY SOLANA ETF,QSOL,https://www.nyse.com/quote/BATS:QSOL
BATS,QSPT,FIRST TR EXCHANGE TRADED FD VIII VEST NASDAQ 100 BUFFER ETF SEPTEMBER,QSPT,https://www.nyse.com/quote/BATS:QSPT
ARCX,QSU,DEFIANCE DAILY TARGET 2X LONG QS ETF,QSU,https://www.nyse.com/quote/ARCX:QSU
BATS,QTAC,Q3 ALL-SEASON TACTICAL ADVANTAGE ETF,QTAC,https://www.nyse.com/quote/BATS:QTAC
BATS,QTAP,INNOVATOR ETFS TRUST GROWTH 100 ACCELERATED PLUS APR ETF,QTAP,https://www.nyse.com/quote/BATS:QTAP
XNMS,QTEC,FIRST TRUST EXCHANGE TRADED FUND FDS FIRST TRT NASDAQ 100 TECH SEC IDX,QTEC,https://www.nyse.com/quote/XNMS:QTEC
BATS,QTJA,INNOVATOR ETFS TRUST GROWTH ACCELERATED PLUS ETF JANUARY,QTJA,https://www.nyse.com/quote/BATS:QTJA
BATS,QTJL,INNOVATOR ETFS TRUST GROWTH ACCELERATED PLUS ETF,QTJL,https://www.nyse.com/quote/BATS:QTJL
BATS,QTOC,INNOVATOR ETFS TRUST GROWTH ACCELERATED PLUS OCTOBER ETF USD,QTOC,https://www.nyse.com/quote/BATS:QTOC
XNMS,QTOP,ISHARES NASDAQ TOP 30 STOCKS ETF,QTOP,https://www.nyse.com/quote/XNMS:QTOP
ARCX,QTPI,NORTH SQUARE RCIM TAX-ADVANTAGED PREFERRED AND INCOME SECURITIES ETF,QTPI,https://www.nyse.com/quote/ARCX:QTPI
XNMS,QTR,GLOBAL X FDS NASDAQ 100 TAIL RISK ETF,QTR,https://www.nyse.com/quote/XNMS:QTR
XNMS,QTUM,ETF SERIES SOLUTIONS DEFIANCE QUANTUM ETF,QTUM,https://www.nyse.com/quote/XNMS:QTUM
BATS,QTUP,DEFIANCE PURE QUANTUM ETF,QTUP,https://www.nyse.com/quote/BATS:QTUP
BATS,QUA,CORGI QBTS 2X DAILY ETF,QUA,https://www.nyse.com/quote/BATS:QUA
BATS,QUAL,ISHARES TRUST MSCI USA QUALITY FACTOR ETF,QUAL,https://www.nyse.com/quote/BATS:QUAL
BATS,QUBX,TRADR 2X LONG QUBT DAILY ETF,QUBX,https://www.nyse.com/quote/BATS:QUBX
ARCX,QUIZ,ZACKS QUALITY INTERNATIONAL ETF,QUIZ,https://www.nyse.com/quote/ARCX:QUIZ
ARCX,QUS,STATE STREET SPDR MSCI USA STRATEGICFACTORS ETF,QUS,https://www.nyse.com/quote/ARCX:QUS
ARCX,QUSA,VISTASHARES TARGET 15 USA QUALITY INCOME ETF,QUSA,https://www.nyse.com/quote/ARCX:QUSA
XNMS,QVAL,EA SERIES TRUST ALPHA ARCHITECT US QUANTITATIV VALUE ETF,QVAL,https://www.nyse.com/quote/XNMS:QVAL
ARCX,QVML,INVESCO EXCHANGE TRADED FD TR II S&P 500 QVM MULTI FACTOR ETF,QVML,https://www.nyse.com/quote/ARCX:QVML
ARCX,QVMM,INVESCO EXCHANGE TRADED FD TR II S&P MIDCAP 400 QVM MULTI FACTOR ETF,QVMM,https://www.nyse.com/quote/ARCX:QVMM
ARCX,QVMS,INVESCO EXCHANGE TRADED FD TR II S&P SMALLCAP 600 QVM MULTI FACTOR ETF,QVMS,https://www.nyse.com/quote/ARCX:QVMS
ARCX,QVMT,INVESCO S&P 500 CONCENTRATED QVM ETF,QVMT,https://www.nyse.com/quote/ARCX:QVMT
XNMS,QVOL,INFRASTRUCTURE CAPITAL NASDAQ OPTION INCOME ETF,QVOL,https://www.nyse.com/quote/XNMS:QVOL
BATS,QVOY,ULTIMUS MANAGERS TR Q3 ACTIVE ROTATION ETF,QVOY,https://www.nyse.com/quote/BATS:QVOY
ARCX,QWLD,STATE STREET SPDR MSCI WORLD STRATEGICFACTORS ETF,QWLD,https://www.nyse.com/quote/ARCX:QWLD
XNMS,QXQ,SGI ENHANCED NASDAQ-100 ETF,QXQ,https://www.nyse.com/quote/XNMS:QXQ
XNMS,QYLD,GLOBAL X FDS NASDAQ 100 COVERED CALL ETF,QYLD,https://www.nyse.com/quote/XNMS:QYLD
XNMS,QYLG,GLOBAL X FDS NASDAQ 100 COVERED CALL & GROWTH ETF,QYLG,https://www.nyse.com/quote/XNMS:QYLG
XNMS,RAA,SMI 3FOURTEEN REAL ASSET ALLOCATION ETF,RAA,https://www.nyse.com/quote/XNMS:RAA
ARCX,RAAA,RECKONER YIELD ENHANCED AAA CLO ETF,RAAA,https://www.nyse.com/quote/ARCX:RAAA
ARCX,RAAR,RECKONER YIELD ENHANCED AAA CLO REINVESTING ETF,RAAR,https://www.nyse.com/quote/ARCX:RAAR
ARCX,RAAX,VANECK REAL ASSETS ETF,RAAX,https://www.nyse.com/quote/ARCX:RAAX
ARCX,RAAY,RECKONER YIELD ENHANCED AAA CLO ANNUAL ETF,RAAY,https://www.nyse.com/quote/ARCX:RAAY
BATS,RACK,VANECK DATA CENTER SUPPLY CHAIN ETF,RACK,https://www.nyse.com/quote/BATS:RACK
ARCX,RAFE,PIMCO EQUITY SERIES RAFI ESG U S ETF,RAFE,https://www.nyse.com/quote/ARCX:RAFE
BATS,RAM,ROUNDHILL T-REX 2X LONG DRAM DAILY TARGET ETF,RAM,https://www.nyse.com/quote/BATS:RAM
ARCX,RANK,DEFIANCE KSM TIPRANKS ANALYST ETF,RANK,https://www.nyse.com/quote/ARCX:RANK
XNMS,RAUS,RACWI US ETF,RAUS,https://www.nyse.com/quote/XNMS:RAUS
ARCX,RAVI,FLEXSHARES TRUST ULTRA SHORT INCOME FUND,RAVI,https://www.nyse.com/quote/ARCX:RAVI
ARCX,RAYJ,ADVISORS INNER CIRCLE FD III RAYLIANT SMDAM JAPAN EQUITY ETF,RAYJ,https://www.nyse.com/quote/ARCX:RAYJ
BATS,RB,PROSHARES RUSSELL 2000 DYNAMIC BUFFER ETF,RB,https://www.nyse.com/quote/BATS:RB
XNMS,RBIL,F/M ULTRASHORT TREASURY INFLATION-PROTECTED SECURITY (TIPS) ETF,RBIL,https://www.nyse.com/quote/XNMS:RBIL
ARCX,RBLD,FIRST TRUST EXCH TRADED FUND 2 ALERIAN US NEXTGEN INFRASTRUCTURE ETF,RBLD,https://www.nyse.com/quote/ARCX:RBLD
BATS,RBLU,T-REX 2X LONG RBLX DAILY TARGET ETF,RBLU,https://www.nyse.com/quote/BATS:RBLU
ARCX,RBLY,YIELDMAX RBLX OPTION INCOME STRATEGY ETF,RBLY,https://www.nyse.com/quote/ARCX:RBLY
BATS,RBUF,INNOVATOR U.S. SMALL CAP 10 BUFFER ETF - QUARTERLY,RBUF,https://www.nyse.com/quote/BATS:RBUF
XNMS,RCAX,DEFIANCE DAILY TARGET 2X LONG RCAT ETF,RCAX,https://www.nyse.com/quote/XNMS:RCAX
XNMS,RCGE,ROCKCREEK GLOBAL EQUALITY ETF,RCGE,https://www.nyse.com/quote/XNMS:RCGE
ARCX,RCLO,RECKONER BBB-B CLO ETF,RCLO,https://www.nyse.com/quote/ARCX:RCLO
ARCX,RCLR,RECKONER BBB B CLO REINVESTING ETF,RCLR,https://www.nyse.com/quote/ARCX:RCLR
ARCX,RCLY,RECKONER BBB B CLO ANNUAL ETF,RCLY,https://www.nyse.com/quote/ARCX:RCLY
ARCX,RCTR,FIRST TRUST BLOOMBERG NUCLEAR POWER ETF,RCTR,https://www.nyse.com/quote/ARCX:RCTR
BATS,RDFI,COLLABORATIVE INVESTMNT SER TR RAREVIEW DYNAMIC FIXED INCOME ETF,RDFI,https://www.nyse.com/quote/BATS:RDFI
ARCX,RDIV,INVESCO EXCHANGE TRADED FD TR II S&P ULTRA DIVIDEND REVENUE ETF,RDIV,https://www.nyse.com/quote/ARCX:RDIV
ARCX,RDOG,ALPS ETF TRUST ALPS REIT DIVIDEND DOGS ETF,RDOG,https://www.nyse.com/quote/ARCX:RDOG
BATS,RDTE,ROUNDHILL RUSSELL 2000 0DTE COVERED CALL STRATEGY ETF,RDTE,https://www.nyse.com/quote/BATS:RDTE
XNMS,RDTL,GRANITESHARES 2X LONG RDDT DAILY ETF,RDTL,https://www.nyse.com/quote/XNMS:RDTL
XNMS,RDTY,YIELDMAX R2000 0DTE COVERED STRATEGY ETF,RDTY,https://www.nyse.com/quote/XNMS:RDTY
BATS,RDVI,FIRST TR EXCHANGE TRADED FD IV VEST RISING DIV ACHIEVERS TARGET INC ETF,RDVI,https://www.nyse.com/quote/BATS:RDVI
XNMS,RDVY,FIRST TR EXCHANGE TRADED FD VI FIRST TR RISING DIVIDEND ACHIEVERS ETF,RDVY,https://www.nyse.com/quote/XNMS:RDVY
BATS,RDWU,T-REX 2X LONG RDW DAILY TARGET ETF,RDWU,https://www.nyse.com/quote/BATS:RDWU
ARCX,RDYY,YIELDMAX RDDT OPTION INCOME STRATEGY ETF,RDYY,https://www.nyse.com/quote/ARCX:RDYY
XNMS,REAI,INTELLIGENT REAL ESTATE ETF,REAI,https://www.nyse.com/quote/XNMS:REAI
ARCX,RECS,COLUMBIA ETF TR I RESEARCH ENHANCED CORE ETF,RECS,https://www.nyse.com/quote/ARCX:RECS
ARCX,REET,ISHARES TRUST GLOBAL REIT ETF,REET,https://www.nyse.com/quote/ARCX:REET
ARCX,REFA,COLUMBIA RESEARCH ENHANCED INTERNATIONAL EQUITY ETF,REFA,https://www.nyse.com/quote/ARCX:REFA
BATS,REGL,PROSHARES TRUST S&P MIDCAP 400 DIVID ARISTOCRATS ETF,REGL,https://www.nyse.com/quote/BATS:REGL
ARCX,REGS,COLUMBIA LARGE CAP GROWTH ETF,REGS,https://www.nyse.com/quote/ARCX:REGS
XNMS,REIT,ALPS ETF TRUST ACTIVE REIT ETF,REIT,https://www.nyse.com/quote/XNMS:REIT
ARCX,REK,PROSHARES TRUST SHORT REAL ESTATE FD ETF(POST REV SPLIT),REK,https://www.nyse.com/quote/ARCX:REK
BATS,REM,ISHARES TRUST MORTGAGE REAL ESTATE ETF,REM,https://www.nyse.com/quote/BATS:REM
ARCX,REMC,COLUMBIA RESEARCH ENHANCED MID CAP ETF,REMC,https://www.nyse.com/quote/ARCX:REMC
XNMS,REMG,RUSSELL INVESTMENTS EMERGING MARKETS EQUITY ETF,REMG,https://www.nyse.com/quote/XNMS:REMG
ARCX,REMX,VANECK RARE EARTH AND STRATEGIC METALS ETF,REMX,https://www.nyse.com/quote/ARCX:REMX
ARCX,RESM,COLUMBIA RESEARCH ENHANCED SMALL CAP ETF,RESM,https://www.nyse.com/quote/ARCX:RESM
ARCX,RETL,DIREXION DAILY RETAIL BULL 3X ETF,RETL,https://www.nyse.com/quote/ARCX:RETL
ARCX,REVS,COLUMBIA ETF TR I RESEARCH ENHANCED VALUE ETF,REVS,https://www.nyse.com/quote/ARCX:REVS
ARCX,REW,PROSHARES TRUST ULTRASHORT TECHNOLOGY (P/S),REW,https://www.nyse.com/quote/ARCX:REW
XNMS,REXC,SPROTT RARE EARTHS EX-CHINA ETF,REXC,https://www.nyse.com/quote/XNMS:REXC
ARCX,REZ,ISHARES TRUST ISHARES RESIDENTIAL AND MULTISECTOR RL,REZ,https://www.nyse.com/quote/ARCX:REZ
ARCX,RFCI,ALPS DYNAMIC CORE INCOME ETF,RFCI,https://www.nyse.com/quote/ARCX:RFCI
XNYS,RFCI,ALPS ETF TRUST,RFCI,https://www.nyse.com/quote/XNYS:RFCI
ARCX,RFDA,ALPS DYNAMIC US DIVIDEND ADVANTAGE ETF,RFDA,https://www.nyse.com/quote/ARCX:RFDA
XNYS,RFDA,ALPS ETF TRUST,RFDA,https://www.nyse.com/quote/XNYS:RFDA
XNMS,RFDI,FIRST TR EXCHANGE-TRADED FD III RIVERFRONT DYNAMIC DEV INT ETF,RFDI,https://www.nyse.com/quote/XNMS:RFDI
XNMS,RFEM,FIRST TR EXCHANGE-TRADED FD III RIVERFRONT DYNAMIC EMERGING MKT ETF,RFEM,https://www.nyse.com/quote/XNMS:RFEM
XNYS,RFFC,ALPS ETF TRUST,RFFC,https://www.nyse.com/quote/XNYS:RFFC
ARCX,RFFC,ALPS ETF TRUST ACTIVE EQUITY OPPORTUNITY ETF,RFFC,https://www.nyse.com/quote/ARCX:RFFC
ARCX,RFG,INVESCO EXCHANGE TRADED FD TR S&P MIDCAP 400 PURE GROWTH ETF,RFG,https://www.nyse.com/quote/ARCX:RFG
ARCX,RFIX,SIMPLIFY BOND BULL ETF,RFIX,https://www.nyse.com/quote/ARCX:RFIX
ARCX,RFLR,INNOVATOR U.S. SMALL CAP MANAGED FLOOR ETF,RFLR,https://www.nyse.com/quote/ARCX:RFLR
ARCX,RFV,INVESCO EXCHANGE TRADED FD TR S&P MIDCAP 400 PURE VALUE ETF,RFV,https://www.nyse.com/quote/ARCX:RFV
ARCX,RGEF,ROCKEFELLER GLOBAL EQUITY ETF,RGEF,https://www.nyse.com/quote/ARCX:RGEF
XNMS,RGLO,RUSSELL INVESTMENTS GLOBAL EQUITY ETF,RGLO,https://www.nyse.com/quote/XNMS:RGLO
BATS,RGTU,TRADR 2X LONG RGTI DAILY ETF,RGTU,https://www.nyse.com/quote/BATS:RGTU
XNMS,RGTX,DEFIANCE DAILY TARGET 2X LONG RGTI ETF,RGTX,https://www.nyse.com/quote/XNMS:RGTX
XNMS,RGTZ,DEFIANCE DAILY TARGET 2X SHORT RGTI ETF,RGTZ,https://www.nyse.com/quote/XNMS:RGTZ
XNMS,RGYY,GRANITESHARES YIELDBOOST RGTI ETF,RGYY,https://www.nyse.com/quote/XNMS:RGYY
ARCX,RHRX,STARBOARD INVESTMENT TRUST RH TACTICAL ROTATION ETF,RHRX,https://www.nyse.com/quote/ARCX:RHRX
ARCX,RHTX,STARBOARD INVESTMENT TRUST RH TACTICAL OUTLOOK ETF,RHTX,https://www.nyse.com/quote/ARCX:RHTX
ARCX,RIET,ETF SERIES SOLUTIONS HOYA CAP HIGH DIVID YIELD ETF,RIET,https://www.nyse.com/quote/ARCX:RIET
XNMS,RIFR,RUSSELL INVESTMENTS GLOBAL INFRASTRUCTURE ETF,RIFR,https://www.nyse.com/quote/XNMS:RIFR
ARCX,RIGS,ALPS STRATEGIC INCOME FUND,RIGS,https://www.nyse.com/quote/ARCX:RIGS
ARCX,RILA,INDEXPERTS GORILLA AGGRESSIVE GROWTH ETF ,RILA,https://www.nyse.com/quote/ARCX:RILA
ARCX,RINF,PROSHARES TRUST INFLATION EXPECTATIONS ETF,RINF,https://www.nyse.com/quote/ARCX:RINF
XNMS,RING,ISHARES INC MSCI GLOBAL GOLD MINERS ETF,RING,https://www.nyse.com/quote/XNMS:RING
XNMS,RINT,RUSSELL INVESTMENTS INTERNATIONAL DEVELOPED EQUITY ETF,RINT,https://www.nyse.com/quote/XNMS:RINT
ARCX,RIOX,DEFIANCE DAILY TARGET 2X LONG RIOT ETF,RIOX,https://www.nyse.com/quote/ARCX:RIOX
ARCX,RISE,PICTET EMERGING MARKETS RISING ECONOMIES ETF,RISE,https://www.nyse.com/quote/ARCX:RISE
ARCX,RISN,INSPIRE CAPITAL APPRECIATION ETF,RISN,https://www.nyse.com/quote/ARCX:RISN
ARCX,RISR,TIDAL ETF TRUST FOLIOBEYOND ALTR INM AND INT HEDGE ETF,RISR,https://www.nyse.com/quote/ARCX:RISR
ARCX,RITA,ETF SERIES SOLUTIONS ETFB GREEN SRI REITS ETF,RITA,https://www.nyse.com/quote/ARCX:RITA
BATS,RIZE,PRINCIPAL INFLATION PROTECTION ETF,RIZE,https://www.nyse.com/quote/BATS:RIZE
ARCX,RJDI,RJ EAGLE GCM DIVIDEND SELECT INCOME ETF,RJDI,https://www.nyse.com/quote/ARCX:RJDI
ARCX,RJMI,RJ EAGLE MUNICIPAL INCOME ETF,RJMI,https://www.nyse.com/quote/ARCX:RJMI
ARCX,RJVI,RJ EAGLE VERTICAL INCOME ETF,RJVI,https://www.nyse.com/quote/ARCX:RJVI
XNMS,RKLX,DEFIANCE DAILY TARGET 2X LONG RKLB ETF,RKLX,https://www.nyse.com/quote/XNMS:RKLX
XNMS,RKLZ,DEFIANCE DAILY TARGET 2X SHORT RKLB ETF,RKLZ,https://www.nyse.com/quote/XNMS:RKLZ
XNMS,RKNG,DEFIANCE RETAIL KINGS ETF,RKNG,https://www.nyse.com/quote/XNMS:RKNG
ARCX,RKSG,RUK STRATEGIC GROWTH ETF,RKSG,https://www.nyse.com/quote/ARCX:RKSG
BATS,RKTL,DEFIANCE DAILY TARGET 2X LONG RKT ETF,RKTL,https://www.nyse.com/quote/BATS:RKTL
BATS,RKX,CORGI RKLB 2X DAILY ETF,RKX,https://www.nyse.com/quote/BATS:RKX
ARCX,RLY,STATE STREET MULTI-ASSET REAL RETURN ETF,RLY,https://www.nyse.com/quote/ARCX:RLY
BATS,RMBC,CORGI RMBS 2X DAILY ETF,RMBC,https://www.nyse.com/quote/BATS:RMBC
BATS,RMBX,TRADR 2X LONG RMBS DAILY ETF,RMBX,https://www.nyse.com/quote/BATS:RMBX
ARCX,RMCA,ROCKEFELLER CALIFORNIA MUNICIPAL BOND ETF,RMCA,https://www.nyse.com/quote/ARCX:RMCA
ARCX,RMHY,GLOBAL X ADAPTIVE RISK MANAGED YIELD ETF,RMHY,https://www.nyse.com/quote/ARCX:RMHY
BATS,RMIF,ETF SERIES SOLUTIONS LHA RISK MANAGED INCOME ETF,RMIF,https://www.nyse.com/quote/BATS:RMIF
BATS,RMME,RAREVIEW GOVERNMENT MONEY MARKET ETF,RMME,https://www.nyse.com/quote/BATS:RMME
ARCX,RMNY,ROCKEFELLER NEW YORK MUNICIPAL BOND ETF,RMNY,https://www.nyse.com/quote/ARCX:RMNY
ARCX,RMOP,ROCKEFELLER OPPORTUNISTIC MUNICIPAL BOND ETF,RMOP,https://www.nyse.com/quote/ARCX:RMOP
ARCX,RMRC,ARMOR CORE RISK-MANAGED ETF,RMRC,https://www.nyse.com/quote/ARCX:RMRC
ARCX,RND,FIRST TRUST BLOOMBERG R&D LEADERS ETF,RND,https://www.nyse.com/quote/ARCX:RND
XNMS,RNEM,FIRST TR EXCHANGE TRADED FD VI EMERGING MARKETS EQUITY SELECT ETF,RNEM,https://www.nyse.com/quote/XNMS:RNEM
XNMS,RNIN,BUSHIDO CAPITAL US SMID CAP EQUITY ETF,RNIN,https://www.nyse.com/quote/XNMS:RNIN
BATS,RNMN,RIVERNORTH MARKET NEUTRAL ETF,RNMN,https://www.nyse.com/quote/BATS:RNMN
XNMS,RNRG,GLOBAL X FDS X RENEWABLE ENERGY PRODUCER,RNRG,https://www.nyse.com/quote/XNMS:RNRG
ARCX,RNTY,YIELDMAX TARGET 12 REAL ESTATE OPTION INCOME ETF,RNTY,https://www.nyse.com/quote/ARCX:RNTY
ARCX,ROAM,LATTICE STRATEGIES TR HARTFORD MULTIFACTOR EMERGING MARKTS ETF,ROAM,https://www.nyse.com/quote/ARCX:ROAM
BATS,ROBN,T-REX 2X LONG HOOD DAILY TARGET ETF,ROBN,https://www.nyse.com/quote/BATS:ROBN
ARCX,ROBO,EXCHANGE TRADED CONCEPTS TRUST ROBO GLOBAL ROBOTICS & AUTO INDX ETF,ROBO,https://www.nyse.com/quote/ARCX:ROBO
XNMS,ROBT,FIRST TR EXCHANGE TRADED FD VI NASDAQ ARTIFICIAL INTELLIGENCE ROBO ETF,ROBT,https://www.nyse.com/quote/XNMS:ROBT
XNMS,ROCQ,JPMORGAN NASDAQ EQUITY PREMIUM YIELD ETF,ROCQ,https://www.nyse.com/quote/XNMS:ROCQ
XNMS,ROCY,JPMORGAN EQUITY PREMIUM YIELD ETF,ROCY,https://www.nyse.com/quote/XNMS:ROCY
ARCX,RODM,LATTICE STRATEGIES TR HARTFORD MULTIFACTOR DEVELOPED MARKT ETF,RODM,https://www.nyse.com/quote/ARCX:RODM
XNMS,ROE,EA SERIES TRUST ASTORIA US EQUAL WEIGHT QUALITY KINGS ETF,ROE,https://www.nyse.com/quote/XNMS:ROE
ARCX,ROKT,STATE STREET SPDR S&P KENSHO FINAL FRONTIERS ETF,ROKT,https://www.nyse.com/quote/ARCX:ROKT
ARCX,ROM,PROSHARES TRUST PSHS ULTRA TECH,ROM,https://www.nyse.com/quote/ARCX:ROM
BATS,ROMO,STRATEGY SHARES NEWFOUND OR RESOLVE ROBUST MOMENTUM ETF,ROMO,https://www.nyse.com/quote/BATS:ROMO
XNYS,RONB,BARON FIRST PRINCIPLES ETF,RONB,https://www.nyse.com/quote/XNYS:RONB
ARCX,ROPE,COASTAL COMPASS 100 ETF,ROPE,https://www.nyse.com/quote/ARCX:ROPE
ARCX,ROSC,LATTICE STRATEGIES TR HARTFORD MULTIFACTOR SMALL CAP ETF,ROSC,https://www.nyse.com/quote/ARCX:ROSC
ARCX,ROUS,LATTICE STRATEGIES TR HARTFORD MULTIFACTOR US EQUITY ETF,ROUS,https://www.nyse.com/quote/ARCX:ROUS
ARCX,RPAR,TIDAL ETF TRUST RPAR RISK PARITY ETF,RPAR,https://www.nyse.com/quote/ARCX:RPAR
ARCX,RPG,INVESCO EXCHANGE TRADED FD TR S&P 500 PURE GWTH ETF,RPG,https://www.nyse.com/quote/ARCX:RPG
BATS,RPHS,TWO RDS SHARED TRUST REGENTS PARK HEDGED MARKET STRATEGY ETF,RPHS,https://www.nyse.com/quote/BATS:RPHS
ARCX,RPV,INVESCO EXCHANGE TRADED FD TR S&P 500 PURE VALUE ETF,RPV,https://www.nyse.com/quote/ARCX:RPV
BATS,RSBA,RETURN STACKED BONDS & MERGER ARBITRAGE ETF,RSBA,https://www.nyse.com/quote/BATS:RSBA
BATS,RSBT,TIDAL TRUST II RETURN STACKED BONDS & MANAGED FUTURES E,RSBT,https://www.nyse.com/quote/BATS:RSBT
BATS,RSBY,RETURN STACKED BONDS & FUTURES YIELD ETF,RSBY,https://www.nyse.com/quote/BATS:RSBY
ARCX,RSDE,FT VEST U.S. EQUITY EQUAL WEIGHT BUFFER ETF - DECEMBER,RSDE,https://www.nyse.com/quote/ARCX:RSDE
BATS,RSEE,COLLABORATIVE INVESTMNT SER TR RAREVIEW SYSTEMATIC EQUITY ETF,RSEE,https://www.nyse.com/quote/BATS:RSEE
BATS,RSIT,RETURN STACKED INTERNATIONAL STOCKS & MANAGED FUTURES ETF,RSIT,https://www.nyse.com/quote/BATS:RSIT
ARCX,RSJN,FT VEST U.S. EQUITY EQUAL WEIGHT BUFFER ETF - JUNE,RSJN,https://www.nyse.com/quote/ARCX:RSJN
ARCX,RSMC,ROCKEFELLER U.S. SMALL-MID CAP ETF,RSMC,https://www.nyse.com/quote/ARCX:RSMC
ARCX,RSMR,FT VEST U.S. EQUITY EQUAL WEIGHT BUFFER ETF - MARCH,RSMR,https://www.nyse.com/quote/ARCX:RSMR
ARCX,RSMV,RELATIVE STRENGTH MANAGED VOLATILITY STRATEGY ETF,RSMV,https://www.nyse.com/quote/ARCX:RSMV
ARCX,RSP,INVESCO EXCHANGE TRADED FD TR S&P 500 EQUAL WEIGHT ETF,RSP,https://www.nyse.com/quote/ARCX:RSP
ARCX,RSPA,INVESCO S&P 500 EQUAL WEIGHT INCOME ADVANTAGE ETF,RSPA,https://www.nyse.com/quote/ARCX:RSPA
ARCX,RSPC,INVESCO EXCHANGE TRADED FD TR S&P 500A EQL WGT COMMCATN SERVICE ETF,RSPC,https://www.nyse.com/quote/ARCX:RSPC
ARCX,RSPD,INVESCO EXCHANGE TRADED FD TR S&P 500 EQL WGT CONSUMER DISCRETION ETF,RSPD,https://www.nyse.com/quote/ARCX:RSPD
ARCX,RSPE,INVESCO EXCHANGE TRADED FD TR II ESG S&P 500 EQUAL WEIGHT ET,RSPE,https://www.nyse.com/quote/ARCX:RSPE
ARCX,RSPF,INVESCO EXCHANGE TRADED FD TR S&P 500 EQL WGT FINLS ETF,RSPF,https://www.nyse.com/quote/ARCX:RSPF
ARCX,RSPG,INVESCO EXCHANGE TRADED FD TR S&P 500 EQL WGT ENERGY ETF,RSPG,https://www.nyse.com/quote/ARCX:RSPG
ARCX,RSPH,INVESCO EXCHANGE TRADED FD TR S&P 500 EQL WGT HEALTHCARE ETF,RSPH,https://www.nyse.com/quote/ARCX:RSPH
ARCX,RSPM,INVESCO EXCHANGE TRADED FD TR S&P 500 EQL WGT MATLS ETF,RSPM,https://www.nyse.com/quote/ARCX:RSPM
ARCX,RSPN,INVESCO EXCHANGE TRADED FD TR S&P 500 EQL WGT INDLS ETF,RSPN,https://www.nyse.com/quote/ARCX:RSPN
ARCX,RSPR,INVESCO EXCHANGE TRADED FD TR S&P 500 EQL WGT REAL ESTATE ETF,RSPR,https://www.nyse.com/quote/ARCX:RSPR
ARCX,RSPS,INVESCO EXCHANGE TRADED FD TR S&P 500 EQL WGT CONSUMER STAPLES ETF,RSPS,https://www.nyse.com/quote/ARCX:RSPS
ARCX,RSPT,INVESCO EXCHANGE TRADED FD TR S&P 500 EQL WGT TECHNOLOGY ETF,RSPT,https://www.nyse.com/quote/ARCX:RSPT
ARCX,RSPU,INVESCO EXCHANGE TRADED FD TR S&P 500 EQL WGT UTILS ETF,RSPU,https://www.nyse.com/quote/ARCX:RSPU
BATS,RSSB,TIDAL TRUST II RETURN STACKED GLOBAL STOCKS & BONDS ETF,RSSB,https://www.nyse.com/quote/BATS:RSSB
ARCX,RSSE,FT VEST U.S. EQUITY EQUAL-WEIGHT BUFFER ETF - SEPTEMBER,RSSE,https://www.nyse.com/quote/ARCX:RSSE
ARCX,RSSL,GLOBAL X RUSSELL 2000 ETF,RSSL,https://www.nyse.com/quote/ARCX:RSSL
BATS,RSST,TIDAL TRUST II RETURN STCKD US STK MANGD FUTURES ETF,RSST,https://www.nyse.com/quote/BATS:RSST
BATS,RSSX,RETURN STACKED U.S. STOCKS & GOLD/BITCOIN ETF,RSSX,https://www.nyse.com/quote/BATS:RSSX
BATS,RSSY,RETURN STACKED U.S. STOCKS & FUTURES YIELD ETF,RSSY,https://www.nyse.com/quote/BATS:RSSY
BATS,RTAI,COLLABORATIVE INVESTMNT SER TR RAREVIEW TAX ADVANTAGED INCOME ETF,RTAI,https://www.nyse.com/quote/BATS:RTAI
XNMS,RTH,VANECK ETF TR RETAIL ETF,RTH,https://www.nyse.com/quote/XNMS:RTH
BATS,RTRE,RAREVIEW TOTAL RETURN BOND ETF,RTRE,https://www.nyse.com/quote/BATS:RTRE
XNMS,RTXG,LEVERAGE SHARES 2X LONG RTX DAILY ETF,RTXG,https://www.nyse.com/quote/XNMS:RTXG
XNMS,RTYY,GRANITESHARES YIELDBOOST RIOT ETF,RTYY,https://www.nyse.com/quote/XNMS:RTYY
BATS,RULE,COLLABORATIVE INVESTMNT SER TR ADAPTIVE CORE ETF USD,RULE,https://www.nyse.com/quote/BATS:RULE
XNMS,RUNN,STRATEGIC TRUST RUNNING OAK EFFICIENT GROWTH ETF,RUNN,https://www.nyse.com/quote/XNMS:RUNN
XNMS,RUSC,RUSSELL INVESTMENTS U.S. SMALL CAP EQUITY ETF,RUSC,https://www.nyse.com/quote/XNMS:RUSC
ARCX,RVER,ADVISOR MANAGED PORTFOLIOS TRENCHLESS FUND ETF,RVER,https://www.nyse.com/quote/ARCX:RVER
XNMS,RVNL,GRANITESHARES 2X LONG RIVN DAILY ETF,RVNL,https://www.nyse.com/quote/XNMS:RVNL
ARCX,RVNU,DBX ETF TRUST XTRACKERS MUNI INFRASTR REVENUE BOND ETF,RVNU,https://www.nyse.com/quote/ARCX:RVNU
ARCX,RW,RAINWATER EQUITY ETF,RW,https://www.nyse.com/quote/ARCX:RW
ARCX,RWEM,RAYLIANT NXTGEN MULTIFACTOR EMERGING MARKETS EQUITY ETF,RWEM,https://www.nyse.com/quote/ARCX:RWEM
XNMS,RWIN,RAYLIANT NXTGEN MULTIFACTOR INTERNATIONAL EQUITY ETF,RWIN,https://www.nyse.com/quote/XNMS:RWIN
ARCX,RWJ,INVESCO EXCHANGE TRADED FD TR II S&P SMALLCAP 600 REVENUE ETF,RWJ,https://www.nyse.com/quote/ARCX:RWJ
ARCX,RWK,INVESCO EXCHANGE TRADED FD TR II S&P MIDCAP 400 REVENUE ETF,RWK,https://www.nyse.com/quote/ARCX:RWK
ARCX,RWL,INVESCO EXCHANGE TRADED FD TR II S&P 500 REVENUE ETF,RWL,https://www.nyse.com/quote/ARCX:RWL
ARCX,RWLC,RAYLIANT NXTGEN MULTIFACTOR US EQUITY ETF,RWLC,https://www.nyse.com/quote/ARCX:RWLC
ARCX,RWM,PROSHARES TRUST SHORT RUSSELL2000 (POST REV SPLIT),RWM,https://www.nyse.com/quote/ARCX:RWM
ARCX,RWO,STATE STREET SPDR DOW JONES GLOBAL REAL ESTATE ETF,RWO,https://www.nyse.com/quote/ARCX:RWO
ARCX,RWR,STATE STREET SPDR DOW JONES REIT ETF,RWR,https://www.nyse.com/quote/ARCX:RWR
ARCX,RWX,STATE STREET SPDR DOW JONES INTERNATIONAL REAL ESTATE ETF,RWX,https://www.nyse.com/quote/ARCX:RWX
ARCX,RXD,PROSHARES TRUST ULTRASHORT HEALTHCARE (P/S),RXD,https://www.nyse.com/quote/ARCX:RXD
ARCX,RXI,ISHARES TRUST GLOBAL CONS DISC ETF,RXI,https://www.nyse.com/quote/ARCX:RXI
ARCX,RXL,PROSHARES TRUST PSHS ULT HLTHCRE,RXL,https://www.nyse.com/quote/ARCX:RXL
ARCX,RYLD,GLOBAL X FDS RUSSELL 2000 COVERED CALL ETF,RYLD,https://www.nyse.com/quote/ARCX:RYLD
ARCX,RYLG,GLOBAL X FDS RUSSELL 2000 COVERED CALL & GROWTH ETF,RYLG,https://www.nyse.com/quote/ARCX:RYLG
ARCX,RZG,INVESCO EXCHANGE TRADED FD TR S&P SMALLCAP 600 PURE GROWTH ETF,RZG,https://www.nyse.com/quote/ARCX:RZG
ARCX,RZV,INVESCO EXCHANGE TRADED FD TR S&P SMALLCAP 600 PURE VALUE ETF,RZV,https://www.nyse.com/quote/ARCX:RZV
ARCX,SAA,PROSHARES TRUST PSHS ULT SCAP600,SAA,https://www.nyse.com/quote/ARCX:SAA
ARCX,SAEF,SCHWAB ARIEL OPPORTUNITIES ETF,SAEF,https://www.nyse.com/quote/ARCX:SAEF
ARCX,SAGP,ADVISORS INNER CIRCLE FD III STRATEGAS GLOBAL POLICY OPPORTUNITIES ET,SAGP,https://www.nyse.com/quote/ARCX:SAGP
ARCX,SAMM,ADVISORS INNER CIRCLE FD III STRATEGAS MACRO MOMENTUM ETF,SAMM,https://www.nyse.com/quote/ARCX:SAMM
ARCX,SAMT,ADVISORS INNER CIRCLE FD III STRATEGAS MACRO THEMATIC OPPORTUNITIES E,SAMT,https://www.nyse.com/quote/ARCX:SAMT
ARCX,SAPH,SAP SE ADRHEDGED,SAPH,https://www.nyse.com/quote/ARCX:SAPH
XNMS,SARK,INVESTMENT MANAGERS SERIES TRUST II TRADR 1X SHORT INNOVATION DAILY ETF,SARK,https://www.nyse.com/quote/XNMS:SARK
ARCX,SASS,M.D. SASS CONCENTRATED VALUE ETF,SASS,https://www.nyse.com/quote/ARCX:SASS
BATS,SATO,INVESCO EXCHANGE TRADED FD TR II ALERIAN GALAXY CRYPTO ECON ETF USD,SATO,https://www.nyse.com/quote/BATS:SATO
BATS,SAUG,FIRST TR EXCHANGE TRADED FD VIII VEST US SMALL CAP MODERATE BUFFR ETF AUG,SAUG,https://www.nyse.com/quote/BATS:SAUG
ARCX,SAWG,AAM SAWGRASS US LARGE CAP QUALITY GROWTH ETF,SAWG,https://www.nyse.com/quote/ARCX:SAWG
ARCX,SAWS,AAM SAWGRASS US SMALL CAP QUALITY GROWTH ETF,SAWS,https://www.nyse.com/quote/ARCX:SAWS
ARCX,SBAR,SIMPLIFY BARRIER INCOME ETF,SBAR,https://www.nyse.com/quote/ARCX:SBAR
ARCX,SBB,PROSHARES TRUST SHORT SMALLCAP600 (P/S),SBB,https://www.nyse.com/quote/ARCX:SBB
ARCX,SBIL,SIMPLIFY GOVERNMENT MONEY MARKET ETF,SBIL,https://www.nyse.com/quote/ARCX:SBIL
ARCX,SBIO,ALPS ETF TRUST MEDICAL BREAKTHROUGHS ETF,SBIO,https://www.nyse.com/quote/ARCX:SBIO
ARCX,SBIT,PROSHARES ULTRASHORT BITCOIN ETF,SBIT,https://www.nyse.com/quote/ARCX:SBIT
ARCX,SBND,COLUMBIA ETF TR I SHORT DURATION BD ETF,SBND,https://www.nyse.com/quote/ARCX:SBND
BATS,SBTU,T-REX 2X LONG SBET DAILY TARGET ETF,SBTU,https://www.nyse.com/quote/BATS:SBTU
XNMS,SBU,LEVERAGE SHARES 2X LONG SBUX DAILY ETF,SBU,https://www.nyse.com/quote/XNMS:SBU
XNMS,SCA,GRANITESHARES AUTOCALLABLE SMCI ETF,SCA,https://www.nyse.com/quote/XNMS:SCA
XNYS,SCAP,SERIES PORTFOLIOS,SCAP,https://www.nyse.com/quote/XNYS:SCAP
ARCX,SCAP,INFRASTRUCTURE CAPITAL SMALL CAP INCOME ETF,SCAP,https://www.nyse.com/quote/ARCX:SCAP
ARCX,SCC,PROSHARES ULTRASHORT CONSUMER DISCRETIONARY,SCC,https://www.nyse.com/quote/ARCX:SCC
ARCX,SCCR,SCHWAB CORE BOND ETF,SCCR,https://www.nyse.com/quote/ARCX:SCCR
XNMS,SCDS,JPMORGAN FUNDAMENTAL DATA SCIENCE SMALL CORE ETF,SCDS,https://www.nyse.com/quote/XNMS:SCDS
ARCX,SCDV,BAHL & GAYNOR SMALL CAP DIVIDEND ETF,SCDV,https://www.nyse.com/quote/ARCX:SCDV
BATS,SCEC,STERLING CAPITAL ENHANCED CORE BOND ETF,SCEC,https://www.nyse.com/quote/BATS:SCEC
BATS,SCEP,STERLING CAPITAL HEDGED EQUITY PREMIUM INCOME ETF,SCEP,https://www.nyse.com/quote/BATS:SCEP
ARCX,SCHA,SCHWAB STRATEGIC TR US SMALL-CAP ETF,SCHA,https://www.nyse.com/quote/ARCX:SCHA
ARCX,SCHB,SCHWAB STRATEGIC TR US BROAD MKT ETF,SCHB,https://www.nyse.com/quote/ARCX:SCHB
ARCX,SCHC,SCHWAB STRATEGIC TR INTL SMALL CAP EQUITY ETF,SCHC,https://www.nyse.com/quote/ARCX:SCHC
ARCX,SCHD,SCHWAB STRATEGIC TR US DIVIDEND EQUITY ETF,SCHD,https://www.nyse.com/quote/ARCX:SCHD
ARCX,SCHE,SCHWAB STRATEGIC TR EMERGING MKTS EQUITY ETF,SCHE,https://www.nyse.com/quote/ARCX:SCHE
ARCX,SCHF,SCHWAB STRATEGIC TR INTL EQUITY ETF,SCHF,https://www.nyse.com/quote/ARCX:SCHF
ARCX,SCHG,SCHWAB STRATEGIC TR US LARGE-CAP GROWTH ETF,SCHG,https://www.nyse.com/quote/ARCX:SCHG
ARCX,SCHH,SCHWAB STRATEGIC TR US REIT ETF,SCHH,https://www.nyse.com/quote/ARCX:SCHH
ARCX,SCHI,SCHWAB STRATEGIC TR 5-10 YEAR CORPORATE BOND ETF,SCHI,https://www.nyse.com/quote/ARCX:SCHI
ARCX,SCHJ,SCHWAB STRATEGIC TR 1-5 YEAR CORPORATE BOND ETF,SCHJ,https://www.nyse.com/quote/ARCX:SCHJ
ARCX,SCHK,SCHWAB STRATEGIC TR 1000 INDEX ETF,SCHK,https://www.nyse.com/quote/ARCX:SCHK
ARCX,SCHM,SCHWAB STRATEGIC TR US MID-CAP ETF,SCHM,https://www.nyse.com/quote/ARCX:SCHM
ARCX,SCHO,SCHWAB STRATEGIC TR SHORT-TERM US TREASURY ETF,SCHO,https://www.nyse.com/quote/ARCX:SCHO
ARCX,SCHP,SCHWAB STRATEGIC TR US TIPS ETF,SCHP,https://www.nyse.com/quote/ARCX:SCHP
ARCX,SCHQ,SCHWAB STRATEGIC TR LONG TERM U S TREASURY ETF,SCHQ,https://www.nyse.com/quote/ARCX:SCHQ
ARCX,SCHR,SCHWAB STRATEGIC TR INTERMEDIATE-TERM US TREASURY ETF,SCHR,https://www.nyse.com/quote/ARCX:SCHR
ARCX,SCHV,SCHWAB STRATEGIC TR US LARGE-CAP VALUE ETF,SCHV,https://www.nyse.com/quote/ARCX:SCHV
ARCX,SCHX,SCHWAB STRATEGIC TR US LARGE-CAP ETF,SCHX,https://www.nyse.com/quote/ARCX:SCHX
ARCX,SCHY,SCHWAB STRATEGIC TR INTERNATIONAL DIVIDEND EQUITY ETF,SCHY,https://www.nyse.com/quote/ARCX:SCHY
ARCX,SCHZ,SCHWAB STRATEGIC TR US AGGREGATE BD ETF,SCHZ,https://www.nyse.com/quote/ARCX:SCHZ
ARCX,SCIO,FIRST TR EXCHANGE TRADED FD IV STRUCTURED CREDIT INCOME OPPORTUNITIES E,SCIO,https://www.nyse.com/quote/ARCX:SCIO
ARCX,SCJ,ISHARES INC MSCI JAPAN SMALL-CAP ETF,SCJ,https://www.nyse.com/quote/ARCX:SCJ
BATS,SCJL,CORGI U.S. SMALL-CAP 15% STRUCTURED BUFFER ETF - JULY SERIES,SCJL,https://www.nyse.com/quote/BATS:SCJL
BATS,SCJN,CORGI U.S. SMALL-CAP 15% STRUCTURED BUFFER ETF,SCJN,https://www.nyse.com/quote/BATS:SCJN
BATS,SCLZ,NORTHERN LIGHTS FUND TRUST III SWAN ENHANCED DIVIDEND INCOME ETF,SCLZ,https://www.nyse.com/quote/BATS:SCLZ
ARCX,SCMB,SCHWAB STRATEGIC TR MUNICIPAL BOND ETF,SCMB,https://www.nyse.com/quote/ARCX:SCMB
BATS,SCMC,STERLING CAPITAL MULTI-STRATEGY INCOME ETF,SCMC,https://www.nyse.com/quote/BATS:SCMC
BATS,SCMY,CORGI U.S. SMALL-CAP 15% STRUCTURED BUFFER ETF - MAY SERIES,SCMY,https://www.nyse.com/quote/BATS:SCMY
BATS,SCNM,STERLING CAPITAL NATIONAL MUNICIPAL BOND ETF,SCNM,https://www.nyse.com/quote/BATS:SCNM
ARCX,SCO,PROSHARES TRUST II ULTRASHORT BLOOMBERG CRUDE OIL 2026 (R/S,SCO,https://www.nyse.com/quote/ARCX:SCO
ARCX,SCOP,SPROTT PHYSICAL COPPER TRUST UNITS CAD,SCOP,https://www.nyse.com/quote/ARCX:SCOP
BATS,SCOW,PACER S&P SMALLCAP 600 QUALITY FCF ARISTOCRATS ETF,SCOW,https://www.nyse.com/quote/BATS:SCOW
BATS,SCSB,STERLING CAPITAL SHORT DURATION BOND ETF,SCSB,https://www.nyse.com/quote/BATS:SCSB
BATS,SCUB,STERLING CAPITAL ULTRA SHORT BOND ETF,SCUB,https://www.nyse.com/quote/BATS:SCUB
ARCX,SCUS,SCHWAB ULTRA-SHORT INCOME ETF,SCUS,https://www.nyse.com/quote/ARCX:SCUS
ARCX,SCYB,SCHWAB STRATEGIC TR HIGH YIELD BOND ETF USD,SCYB,https://www.nyse.com/quote/ARCX:SCYB
XNMS,SCZ,ISHARES TRUST MSCI EAFE SMALL-CAP ETF,SCZ,https://www.nyse.com/quote/XNMS:SCZ
ARCX,SDCI,USCF ETF TRUST SUMERHAVN DYNMC COMDTY STRTGY NO K 1 FD,SDCI,https://www.nyse.com/quote/ARCX:SDCI
ARCX,SDCP,VIRTUS ETF TRUST II NEWFLEET SHORT DURATION CORE PLUS BOND,SDCP,https://www.nyse.com/quote/ARCX:SDCP
ARCX,SDD,PROSHARES TRUST ULTRASHORT SMALLCAP600 NEW APR 2021(R/S),SDD,https://www.nyse.com/quote/ARCX:SDD
ARCX,SDEM,GLOBAL X FDS MSCI SUPERDIVIDEND EMERGING MRKTS (R/S),SDEM,https://www.nyse.com/quote/ARCX:SDEM
ARCX,SDFI,AB SHORT DURATION INCOME ETF,SDFI,https://www.nyse.com/quote/ARCX:SDFI
XNMS,SDG,ISHARES TRUST MSCI GBL SUSTAINABLE DEVELOPMENT GOAL,SDG,https://www.nyse.com/quote/XNMS:SDG
ARCX,SDIV,GLOBAL X FDS SUPERDIVIDEND ETF(POST REV SPLT),SDIV,https://www.nyse.com/quote/ARCX:SDIV
ARCX,SDMF,SIMPLIFY DBI CTA MANAGED FUTURES INDEX ETF,SDMF,https://www.nyse.com/quote/ARCX:SDMF
ARCX,SDOG,ALPS ETF TRUST SECTOR DIVIDEND DOGS ETF,SDOG,https://www.nyse.com/quote/ARCX:SDOG
ARCX,SDOW,PROSHARES ULTRAPRO SHORT DOW30,SDOW,https://www.nyse.com/quote/ARCX:SDOW
ARCX,SDP,PROSHARES ULTRASHORT UTILITIES,SDP,https://www.nyse.com/quote/ARCX:SDP
ARCX,SDS,PROSHARES TRUST ULTRASHORT S&P 500 (POST REV SPLIT),SDS,https://www.nyse.com/quote/ARCX:SDS
XNMS,SDSI,AMERICAN CENTURY ETF TRUST SHORT DURATION STRATEGIC INCOME ETF,SDSI,https://www.nyse.com/quote/XNMS:SDSI
XNMS,SDTY,YIELDMAX S&P 500 0DTE COVERED CALL STRATEGY ETF,SDTY,https://www.nyse.com/quote/XNMS:SDTY
BATS,SDVD,FIRST TR EXCHANGE TRADED FD IV VEST SMID RISING DIVIDEND ACHIVR TRG INC,SDVD,https://www.nyse.com/quote/BATS:SDVD
XNMS,SDVY,FIRST TR EXCHANGE TRADED FD VI SMID CAP RISING DIVIDEND ACHIEVERS ETF,SDVY,https://www.nyse.com/quote/XNMS:SDVY
ARCX,SDY,STATE STREET SPDR S&P DIVIDEND ETF,SDY,https://www.nyse.com/quote/ARCX:SDY
ARCX,SEA,ETF SERIES SOLUTIONS US GLOBAL SEA TO SKY CARGO ETF,SEA,https://www.nyse.com/quote/ARCX:SEA
ARCX,SECR,NYLI MACKAY SECURITIZED INCOME ETF,SECR,https://www.nyse.com/quote/ARCX:SECR
BATS,SECT,NORTHERN LIGHTS FUND TRUST IV MAIN SECTOR ROTATION ETF,SECT,https://www.nyse.com/quote/BATS:SECT
BATS,SECU,ISHARES SECURITIZED INCOME ACTIVE ETF,SECU,https://www.nyse.com/quote/BATS:SECU
XNMS,SEEM,SEI SELECT EMERGING MARKETS EQUITY ETF,SEEM,https://www.nyse.com/quote/XNMS:SEEM
ARCX,SEF,PROSHARES SHORT FINANCIALS,SEF,https://www.nyse.com/quote/ARCX:SEF
XNMS,SEIE,SEI SELECT INTERNATIONAL EQUITY ETF,SEIE,https://www.nyse.com/quote/XNMS:SEIE
BATS,SEIM,SEI QIM U.S. LARGE CAP MOMENTUM ACTIVE ETF,SEIM,https://www.nyse.com/quote/BATS:SEIM
BATS,SEIQ,SEI QIM U.S. LARGE CAP QUALITY ACTIVE ETF,SEIQ,https://www.nyse.com/quote/BATS:SEIQ
XNMS,SEIS,SEI SELECT SMALL CAP ETF,SEIS,https://www.nyse.com/quote/XNMS:SEIS
BATS,SEIV,SEI QIM U.S. LARGE CAP VALUE ACTIVE ETF,SEIV,https://www.nyse.com/quote/BATS:SEIV
ARCX,SEIX,VIRTUS ETF TRUST II VIRTUS SEIX SENIOR LOAN ETF,SEIX,https://www.nyse.com/quote/ARCX:SEIX
BATS,SELV,SEI QIM U.S. LARGE CAP LOW VOLATILITY ACTIVE ETF,SELV,https://www.nyse.com/quote/BATS:SELV
ARCX,SEMG,SUNCOAST SELECT GROWTH ETF,SEMG,https://www.nyse.com/quote/ARCX:SEMG
ARCX,SEMI,COLUMBIA SELECT TECHNOLOGY ETF,SEMI,https://www.nyse.com/quote/ARCX:SEMI
XNMS,SEMY,GRANITESHARES YIELDBOOST SEMICONDUCTOR ETF,SEMY,https://www.nyse.com/quote/XNMS:SEMY
ARCX,SEPI,SHELTON EQUITY PREMIUM INCOME ETF,SEPI,https://www.nyse.com/quote/ARCX:SEPI
BATS,SEPM,FT VEST U.S. EQUITY MAX BUFFER ETF - SEPTEMBER,SEPM,https://www.nyse.com/quote/BATS:SEPM
BATS,SEPP,PGIM S&P 500 BUFFER 12 ETF - SEPTEMBER,SEPP,https://www.nyse.com/quote/BATS:SEPP
BATS,SEPT,ALLIANZIM U.S. EQUITY BUFFER10 SEP ETF,SEPT,https://www.nyse.com/quote/BATS:SEPT
BATS,SEPU,ALLIANZIM U.S. EQUITY BUFFER15 UNCAPPED SEP ETF,SEPU,https://www.nyse.com/quote/BATS:SEPU
BATS,SEPW,ALLIANZIM U.S. EQUITY BUFFER20 SEP ETF,SEPW,https://www.nyse.com/quote/BATS:SEPW
BATS,SEPZ,LISTED FUND TRUST TRUESHARES STRUCTURED OUTCOME SEP ETF,SEPZ,https://www.nyse.com/quote/BATS:SEPZ
ARCX,SETH,PROSHARES SHORT ETHER ETF,SETH,https://www.nyse.com/quote/ARCX:SETH
XNMS,SETM,SPROTT FUNDS TRUST SPROTT CRITICAL MATERIALS ETF,SETM,https://www.nyse.com/quote/XNMS:SETM
BATS,SFEB,FIRST TR EXCHANGE TRADED FD VIII FT VEST US SMALL CAP MODE BUF ETF FEB,SFEB,https://www.nyse.com/quote/BATS:SFEB
ARCX,SFGV,SEQUOIA GLOBAL VALUE ETF,SFGV,https://www.nyse.com/quote/ARCX:SFGV
XNMS,SFLO,VICTORY PORTFOLIOS II VICTORYSHARES SMALL CAP FREE CASH FLOW,SFLO,https://www.nyse.com/quote/XNMS:SFLO
ARCX,SFLR,INNOVATOR ETFS TRUST EQUITY MANAGED FLOOR ETF,SFLR,https://www.nyse.com/quote/ARCX:SFLR
ARCX,SFTX,HORIZON INTERNATIONAL MANAGED RISK ETF,SFTX,https://www.nyse.com/quote/ARCX:SFTX
BATS,SFTY,HORIZON MANAGED RISK ETF,SFTY,https://www.nyse.com/quote/BATS:SFTY
ARCX,SFY,SOFI SELECT 500 ETF,SFY,https://www.nyse.com/quote/ARCX:SFY
ARCX,SFYF,TIDAL ETF TRUST SOFI SOCIAL 50 ETF,SFYF,https://www.nyse.com/quote/ARCX:SFYF
ARCX,SFYI,SOFI SOCIAL 50 INCOME ETF,SFYI,https://www.nyse.com/quote/ARCX:SFYI
ARCX,SGDJ,SPROTT ETF TR JUNIOR GOLD MINERS ETF,SGDJ,https://www.nyse.com/quote/ARCX:SGDJ
ARCX,SGDM,SPROTT ETF TR GOLD MINERS ETF,SGDM,https://www.nyse.com/quote/ARCX:SGDM
ARCX,SGLC,RBB FUND INC SGI US LARGE CAP CORE ETF,SGLC,https://www.nyse.com/quote/ARCX:SGLC
ARCX,SGOL,ABRDN GOLD ETF TR ABRDN PHYSICAL GOLD SHARES ETF,SGOL,https://www.nyse.com/quote/ARCX:SGOL
XNYS,SGOV,ISHARES 0-3 MONTH TREASURY BOND ETF,SGOV,https://www.nyse.com/quote/XNYS:SGOV
ARCX,SGRT,SMART EARNINGS GROWTH 30 ETF,SGRT,https://www.nyse.com/quote/ARCX:SGRT
ARCX,SGRW,HARBOR ACTIVE SMALL CAP GROWTH ETF,SGRW,https://www.nyse.com/quote/ARCX:SGRW
XNMS,SGVA,F/M ACCUMULATOR ULTRASHORT TREASURY FUND,SGVA,https://www.nyse.com/quote/XNMS:SGVA
ARCX,SGVT,SCHWAB GOVERNMENT MONEY MARKET ETF,SGVT,https://www.nyse.com/quote/ARCX:SGVT
ARCX,SH,PROSHARES SHORT S&P 500,SH,https://www.nyse.com/quote/ARCX:SH
BATS,SHAG,WISDOMTREE TRUST YIELD ENHANCED U S SHORT TERM AGGREGATE,SHAG,https://www.nyse.com/quote/BATS:SHAG
BATS,SHDG,ADVISOR MANAGED PORTFOLIOS SOUNDWATCH HEDGED EQUITY ETF,SHDG,https://www.nyse.com/quote/BATS:SHDG
XNYS,SHE,SPDR SERIES TRUST,SHE,https://www.nyse.com/quote/XNYS:SHE
ARCX,SHE,STATE STREET SPDR MSCI USA GENDER DIVERSITY ETF,SHE,https://www.nyse.com/quote/ARCX:SHE
ARCX,SHEH,SHELL PLC ADRHEDGED,SHEH,https://www.nyse.com/quote/ARCX:SHEH
ARCX,SHLD,GLOBAL X FDS DEFENSE TECH ETF,SHLD,https://www.nyse.com/quote/ARCX:SHLD
ARCX,SHM,STATE STREET SPDR NUVEEN ICE SHORT TERM MUNICIPAL BOND ETF,SHM,https://www.nyse.com/quote/ARCX:SHM
ARCX,SHNY,BANK OF MONTREAL MICROSECTORS GOLD 3X LEVERAGED,SHNY,https://www.nyse.com/quote/ARCX:SHNY
XNYS,SHNY,BANK OF MONTREAL,SHNY,https://www.nyse.com/quote/XNYS:SHNY
XNYS,SHOC,EA SERIES TRUST STRIVE US SEMICONDUCTOR ETF,SHOC,https://www.nyse.com/quote/XNYS:SHOC
ARCX,SHPP,PACER FDS TR INDUSTRIALS AND LOGISTICS ETF,SHPP,https://www.nyse.com/quote/ARCX:SHPP
XNMS,SHPU,DIREXION DAILY SHOP BULL 2X ETF,SHPU,https://www.nyse.com/quote/XNMS:SHPU
ARCX,SHRD,ARIMATHEA CATHOLIC CORE BOND ETF,SHRD,https://www.nyse.com/quote/ARCX:SHRD
ARCX,SHRT,TIDAL ETF TRUST GOTHAM SHORT STRATEGIES ETF,SHRT,https://www.nyse.com/quote/ARCX:SHRT
XNMS,SHRY,FIRST TR EXCHANGE TRADED FD VI FIRST TRUT BLOOMBRG SHRHOLDR YILD ETF,SHRY,https://www.nyse.com/quote/XNMS:SHRY
ARCX,SHUS,STRATIFIED LARGECAP HEDGED ETF,SHUS,https://www.nyse.com/quote/ARCX:SHUS
XNYS,SHV,ISHARES 0-1 YEAR TREASURY BOND ETF,SHV,https://www.nyse.com/quote/XNYS:SHV
XNMS,SHY,ISHARES TRUST 1-3 YEAR TREASURY BOND ETF,SHY,https://www.nyse.com/quote/XNMS:SHY
BATS,SHYD,VANECK ETF TR VANECK SHORT HIGH YIELD MUN,SHYD,https://www.nyse.com/quote/BATS:SHYD
ARCX,SHYG,ISHARES TRUST 0-5YR HIGH YEILD CORP BD ETF,SHYG,https://www.nyse.com/quote/ARCX:SHYG
ARCX,SHYL,DBX ETF TRUST XTRACKERS SHRT DURATION HIG YLD BOND ETF,SHYL,https://www.nyse.com/quote/ARCX:SHYL
BATS,SHYM,ISHARES SHORT DURATION HIGH YIELD MUNI ACTIVE ETF,SHYM,https://www.nyse.com/quote/BATS:SHYM
ARCX,SIFI,HARBOR ARES SYSTEMATIC MULTI-SECTOR INCOME ETF,SIFI,https://www.nyse.com/quote/ARCX:SIFI
ARCX,SIHY,HARBOR ARES SYSTEMATIC HIGH YIELD ETF,SIHY,https://www.nyse.com/quote/ARCX:SIHY
ARCX,SIJ,PROSHARES ULTRASHORT INDUSTRIALS,SIJ,https://www.nyse.com/quote/ARCX:SIJ
ARCX,SIL,GLOBAL X FDS GLOBAL X SILVER MINERS ETF (POST REV SPL,SIL,https://www.nyse.com/quote/ARCX:SIL
ARCX,SILJ,AMPLIFY ETF TRUST JUNIOR SILVER MINERS ETF,SILJ,https://www.nyse.com/quote/ARCX:SILJ
ARCX,SIMS,STATE STREET SPDR S&P KENSHO INTELLIGENT STRUCTURES ETF,SIMS,https://www.nyse.com/quote/ARCX:SIMS
BATS,SIMX,CORGI SIMO 2X DAILY ETF,SIMX,https://www.nyse.com/quote/BATS:SIMX
ARCX,SIO,TOUCHSTONE STRATEGIC INCOME ETF,SIO,https://www.nyse.com/quote/ARCX:SIO
ARCX,SIOO,VISTASHARES TARGET 15 S&P 100 DISTRIBUTION ETF,SIOO,https://www.nyse.com/quote/ARCX:SIOO
ARCX,SIVR,ABRDN SILVER ETF TR ABRDN PHYSICAL SILVER SHARES ETF,SIVR,https://www.nyse.com/quote/ARCX:SIVR
ARCX,SIXA,EXCHANGE TRADED CONCEPTS TRUST ETC 6 MERIDIAN MEGA CAP EQUITY ETF,SIXA,https://www.nyse.com/quote/ARCX:SIXA
BATS,SIXD,ALLIANZIM U.S. EQUITY 6 MONTH BUFFER10 JUN/DEC ETF,SIXD,https://www.nyse.com/quote/BATS:SIXD
BATS,SIXF,ALLIANZIM U.S. EQUITY 6 MONTH BUFFER10 FEB/AUG ETF,SIXF,https://www.nyse.com/quote/BATS:SIXF
ARCX,SIXH,EXCHANGE TRADED CONCEPTS TRUST ETC 6 MERIDIAN HEDGED EQUITY INDEX OPTIO,SIXH,https://www.nyse.com/quote/ARCX:SIXH
BATS,SIXJ,ALLIANZIM U.S. EQUITY 6 MONTH BUFFER10 JAN/JUL ETF,SIXJ,https://www.nyse.com/quote/BATS:SIXJ
ARCX,SIXL,EXCHANGE TRADED CONCEPTS TRUST ECF 6 MERIDIAN LOW BETA EQTY STRATGY ETF,SIXL,https://www.nyse.com/quote/ARCX:SIXL
BATS,SIXO,ALLIANZIM U.S. EQUITY 6 MONTH BUFFER10 APR/OCT ETF,SIXO,https://www.nyse.com/quote/BATS:SIXO
BATS,SIXP,ALLIANZIM U.S. EQUITY 6 MONTH BUFFER10 MAR/SEP ETF,SIXP,https://www.nyse.com/quote/BATS:SIXP
ARCX,SIXS,EXCHANGE TRADED CONCEPTS TRUST ETC 6 MERIDIAN SMALL CAP EQUITY ETF,SIXS,https://www.nyse.com/quote/ARCX:SIXS
BATS,SIXZ,ALLIANZIM U.S. EQUITY 6 MONTH BUFFER10 MAY/NOV ETF,SIXZ,https://www.nyse.com/quote/BATS:SIXZ
ARCX,SIZE,ISHARES TRUST MSCI USA SIZE FACTOR ETF,SIZE,https://www.nyse.com/quote/ARCX:SIZE
ARCX,SJB,PROSHARES TRUST SHORT HIGH YIELD,SJB,https://www.nyse.com/quote/ARCX:SJB
XNMS,SJCP,SANJAC ALPHA CORE PLUS BOND ETF,SJCP,https://www.nyse.com/quote/XNMS:SJCP
XNMS,SJLD,SANJAC ALPHA LOW DURATION ETF,SJLD,https://www.nyse.com/quote/XNMS:SJLD
ARCX,SJNK,STATE STREET SPDR BLOOMBERG SHORT TERM HIGH YIELD BOND ETF,SJNK,https://www.nyse.com/quote/ARCX:SJNK
ARCX,SKF,PROSHARES ULTRASHORT FINANCIALS,SKF,https://www.nyse.com/quote/ARCX:SKF
ARCX,SKHU,PROSHARES ULTRA SK HYNIX,SKHU,https://www.nyse.com/quote/ARCX:SKHU
XNMS,SKOR,FLEXSHARES TRUST CREDIT SCORED US CORP BD INDEX FD,SKOR,https://www.nyse.com/quote/XNMS:SKOR
XNAS,SKOR,FLEXSHARES TRUST,SKOR,https://www.nyse.com/quote/XNAS:SKOR
XNMS,SKRE,ETF OPPORTUNITIES TR TUTTLE CAP DAILY 2X INVERSE REGIONAL BKS,SKRE,https://www.nyse.com/quote/XNMS:SKRE
XNMS,SKYU,PROSHARES TRUST ULTRA NASDAQ CLOUD COMPUTING USD,SKYU,https://www.nyse.com/quote/XNMS:SKYU
XNMS,SKYY,FIRST TRUST EXCH TRADED FUND 2 FIRST TRUST CLOUD COMPUTING ETF,SKYY,https://www.nyse.com/quote/XNMS:SKYY
ARCX,SLDR,GLOBAL X SHORT-TERM TREASURY LADDER ETF,SLDR,https://www.nyse.com/quote/ARCX:SLDR
ARCX,SLJY,AMPLIFY SILJ JUNIOR SILVER MINERS COVERED CALL ETF,SLJY,https://www.nyse.com/quote/ARCX:SLJY
XNYS,SLNZ,TCW SENIOR LOAN ETF,SLNZ,https://www.nyse.com/quote/XNYS:SLNZ
ARCX,SLON,PROSHARES ULTRA SOLANA ETF,SLON,https://www.nyse.com/quote/ARCX:SLON
XNMS,SLQD,ISHARES TRUST 0-5 YR INVT GRADE CORP BD FD ETF,SLQD,https://www.nyse.com/quote/XNMS:SLQD
ARCX,SLTY,YIELDMAX ULTRA SHORT OPTION INCOME STRATEGY ETF,SLTY,https://www.nyse.com/quote/ARCX:SLTY
ARCX,SLV,ISHARES SILVER TRUST ISHARES,SLV,https://www.nyse.com/quote/ARCX:SLV
BATS,SLVP,ISHARES INC MSCI GLOBAL SILVER AND METALS MINERS ETF,SLVP,https://www.nyse.com/quote/BATS:SLVP
XNMS,SLVR,SPROTT SILVER MINERS & PHYSICAL SILVER ETF,SLVR,https://www.nyse.com/quote/XNMS:SLVR
ARCX,SLVX,NICHOLAS SILVER INCOME ETF,SLVX,https://www.nyse.com/quote/ARCX:SLVX
BATS,SLVY,FT VEST SILVER STRATEGY & TARGET INCOME ETF,SLVY,https://www.nyse.com/quote/BATS:SLVY
ARCX,SLWS,SLW SHORT DURATION INCOME ETF,SLWS,https://www.nyse.com/quote/ARCX:SLWS
ARCX,SLX,VANECK ETF TR VANECK STEEL ETF,SLX,https://www.nyse.com/quote/ARCX:SLX
ARCX,SLYG,STATE STREET SPDR S&P 600 SMALL CAP GROWTH ETF,SLYG,https://www.nyse.com/quote/ARCX:SLYG
ARCX,SLYV,STATE STREET SPDR S&P 600 SMALL CAP VALUE ETF,SLYV,https://www.nyse.com/quote/ARCX:SLYV
BATS,SMAX,ISHARES LARGE CAP MAX BUFFER SEP ETF,SMAX,https://www.nyse.com/quote/BATS:SMAX
BATS,SMAY,FIRST TR EXCHANGE TRADED FD VIII VEST US SMALL CAP MODERATE BUFFR ETF MAY,SMAY,https://www.nyse.com/quote/BATS:SMAY
BATS,SMB,VANECK ETF TR VANECK SHORT MUNI ETF,SMB,https://www.nyse.com/quote/BATS:SMB
ARCX,SMBS,SCHWAB MORTGAGE-BACKED SECURITIES ETF,SMBS,https://www.nyse.com/quote/ARCX:SMBS
BATS,SMCC,CORGI SMCI 2X DAILY ETF,SMCC,https://www.nyse.com/quote/BATS:SMCC
XNMS,SMCF,THEMES ETF TRUST US SM CAP CASH FLOW CHAMPIONS ETF,SMCF,https://www.nyse.com/quote/XNMS:SMCF
XNMS,SMCL,GRANITESHARES ETF TRUST 2X LONG SMCI DAILY ETF (POST REV SPLIT),SMCL,https://www.nyse.com/quote/XNMS:SMCL
XNMS,SMCO,TIDAL TRUST II HILTON SMALL MIDCAP OPPORTUNITY ETF,SMCO,https://www.nyse.com/quote/XNMS:SMCO
ARCX,SMCP,SMART MID CAP ETF,SMCP,https://www.nyse.com/quote/ARCX:SMCP
XNMS,SMCX,DEFIANCE DAILY TARGET 2X LONG SMCI ETF,SMCX,https://www.nyse.com/quote/XNMS:SMCX
ARCX,SMCY,YIELDMAX SMCI OPTION INCOME STRATEGY ETF,SMCY,https://www.nyse.com/quote/ARCX:SMCY
XNMS,SMCZ,DEFIANCE DAILY TARGET 2X SHORT SMCI ETF,SMCZ,https://www.nyse.com/quote/XNMS:SMCZ
ARCX,SMDD,PROSHARES ULTRAPRO SHORT MIDCAP400,SMDD,https://www.nyse.com/quote/ARCX:SMDD
BATS,SMDV,PROSHARES TRUST RUSSELL 2000 DIVIDEND GROWERS ETF,SMDV,https://www.nyse.com/quote/BATS:SMDV
ARCX,SMDX,INTECH S&P SMALL-MID CAP DIVERSIFIED ALPHA ETF,SMDX,https://www.nyse.com/quote/ARCX:SMDX
XNMS,SMH,VANECK ETF TR SEMICONDUCTOR ETF,SMH,https://www.nyse.com/quote/XNMS:SMH
XNMS,SMHC,VANECK CHINA SEMICONDUCTOR ETF,SMHC,https://www.nyse.com/quote/XNMS:SMHC
XNMS,SMHX,VANECK FABLESS SEMICONDUCTOR ETF,SMHX,https://www.nyse.com/quote/XNMS:SMHX
ARCX,SMIG,BAHL & GAYNOR SMALL/MID CAP INCOME GROWTH ETF,SMIG,https://www.nyse.com/quote/ARCX:SMIG
BATS,SMIN,ISHARES TRUST MSCI INDIA SMALL CAP ETF,SMIN,https://www.nyse.com/quote/BATS:SMIN
ARCX,SMIZ,ZACKS TR SMALL/MID CAP ETF,SMIZ,https://www.nyse.com/quote/ARCX:SMIZ
ARCX,SMLF,ISHARES TRUST US SMALL CAP EQUITY FACTOR ETF,SMLF,https://www.nyse.com/quote/ARCX:SMLF
ARCX,SMLL,HARBOR ACTIVE SMALL CAP ETF,SMLL,https://www.nyse.com/quote/ARCX:SMLL
ARCX,SMLV,STATE STREET SPDR US SMALL CAP LOW VOLATILITY INDEX ETF,SMLV,https://www.nyse.com/quote/ARCX:SMLV
BATS,SMMD,ISHARES TRUST RUSSELL 2500 USD ETF,SMMD,https://www.nyse.com/quote/BATS:SMMD
ARCX,SMMU,PIMCO ETF TRUST SHORT TERM MUNICIPAL BOND ETF,SMMU,https://www.nyse.com/quote/ARCX:SMMU
XNYS,SMMV,ISHARES TRUST,SMMV,https://www.nyse.com/quote/XNYS:SMMV
BATS,SMMV,ISHARES TRUST MSCI USA SMALL CAP MIN VOL FACTOR ETF,SMMV,https://www.nyse.com/quote/BATS:SMMV
ARCX,SMN,PROSHARES ULTRASHORT MATERIALS,SMN,https://www.nyse.com/quote/ARCX:SMN
ARCX,SMOG,VANECK ETF TR VANECK LOW CARBON ENERGY ETF,SMOG,https://www.nyse.com/quote/ARCX:SMOG
XNMS,SMOM,SYMMETRY PANORAMIC SECTOR MOMENTUM ETF,SMOM,https://www.nyse.com/quote/XNMS:SMOM
BATS,SMOT,VANECK ETF TR MORNINGSTAR SMID MOAT ETF,SMOT,https://www.nyse.com/quote/BATS:SMOT
ARCX,SMOX,HORIZON SMALL MID CAP CORE EQUITY ETF,SMOX,https://www.nyse.com/quote/ARCX:SMOX
ARCX,SMRF,"ALPS NAUTILUS SMR, NUCLEAR & TECHNOLOGY ETF",SMRF,https://www.nyse.com/quote/ARCX:SMRF
XNMS,SMRI,EA SERIES TRUST BUSHIDO CAP US EQUITY ETF,SMRI,https://www.nyse.com/quote/XNMS:SMRI
BATS,SMRX,CORGI SMR 2X DAILY ETF,SMRX,https://www.nyse.com/quote/BATS:SMRX
XNMS,SMST,TIDAL TRUST II DEFIANCE DAILY TARGET 2X SHORT MSTR ETF,SMST,https://www.nyse.com/quote/XNMS:SMST
BATS,SMTG,LEVERAGE SHARES 2X LONG SMTC DAILY ETF,SMTG,https://www.nyse.com/quote/BATS:SMTG
ARCX,SMTH,ALPS ETF TRUST SMITH CORE PLUS BD ETF,SMTH,https://www.nyse.com/quote/ARCX:SMTH
BATS,SMU,TRADR 2X LONG SMR DAILY ETF,SMU,https://www.nyse.com/quote/BATS:SMU
BATS,SMUP,T-REX 2X LONG SMR DAILY TARGET ETF,SMUP,https://www.nyse.com/quote/BATS:SMUP
XNMS,SMYY,GRANITESHARES YIELDBOOST SMCI ETF,SMYY,https://www.nyse.com/quote/XNMS:SMYY
BATS,SMZ,INVESTMENT MANAGERS SERIES TR II TRADR 2X SHORT SMR DAILY ETF,SMZ,https://www.nyse.com/quote/BATS:SMZ
XNMS,SNAG,LEVERAGE SHARES 2X LONG SNAP DAILY ETF,SNAG,https://www.nyse.com/quote/XNMS:SNAG
BATS,SNAV,COLLABORATIVE INVESTMNT SER TR MOHR SECTOR NAV ETF,SNAV,https://www.nyse.com/quote/BATS:SNAV
BATS,SNDC,CORGI SNDK 2X DAILY ETF,SNDC,https://www.nyse.com/quote/BATS:SNDC
BATS,SNDG,LEVERAGE SHARES 2X LONG SNDK DAILY ETF,SNDG,https://www.nyse.com/quote/BATS:SNDG
BATS,SNDQ,TRADR 2X SHORT SNDK DAILY ETF,SNDQ,https://www.nyse.com/quote/BATS:SNDQ
BATS,SNDU,T-REX 2X LONG SNDK DAILY TARGET ETF,SNDU,https://www.nyse.com/quote/BATS:SNDU
BATS,SNK,GRANITESHARES 2X SHORT SPACEX DAILY ETF,SNK,https://www.nyse.com/quote/BATS:SNK
BATS,SNOU,T-REX 2X LONG SNOW DAILY TARGET ETF,SNOU,https://www.nyse.com/quote/BATS:SNOU
BATS,SNOV,FIRST TR EXCHANGE TRADED FD VIII VEST US SMALL CAP MODERATE BUFFR ETF NOV,SNOV,https://www.nyse.com/quote/BATS:SNOV
ARCX,SNOY,YIELDMAX SNOW OPTION INCOME STRATEGY ETF,SNOY,https://www.nyse.com/quote/ARCX:SNOY
BATS,SNPD,XTRACKERS S&P DIVIDEND ARISTOCRATS SCREENED ETF,SNPD,https://www.nyse.com/quote/BATS:SNPD
ARCX,SNPE,XTRACKERS S&P 500 SCORED & SCREENED ETF,SNPE,https://www.nyse.com/quote/ARCX:SNPE
BATS,SNPG,XTRACKERS S&P 500 GROWTH SCORED & SCREENED ETF,SNPG,https://www.nyse.com/quote/BATS:SNPG
XNMS,SNSR,GLOBAL X FDS INTERNET OF THINGS ETF,SNSR,https://www.nyse.com/quote/XNMS:SNSR
XNYS,SNSR,GLOBAL X FDS,SNSR,https://www.nyse.com/quote/XNYS:SNSR
ARCX,SNTH,MRP SYNTHEQUITY ETF,SNTH,https://www.nyse.com/quote/ARCX:SNTH
BATS,SNTQ,MRP SYNTHEQUITY NASDAQ 100 ETF,SNTQ,https://www.nyse.com/quote/BATS:SNTQ
BATS,SNXX,TRADR 2X LONG SNDK DAILY ETF,SNXX,https://www.nyse.com/quote/BATS:SNXX
XNMS,SOCL,GLOBAL X FDS GLOBAL X SOCIAL MEDIA ETF USD,SOCL,https://www.nyse.com/quote/XNMS:SOCL
ARCX,SOEZ,FRANKLIN SOLANA ETF,SOEZ,https://www.nyse.com/quote/ARCX:SOEZ
XNMS,SOFA,DIREXION DAILY SOFI BULL 2X ETF,SOFA,https://www.nyse.com/quote/XNMS:SOFA
BATS,SOFC,CORGI SOFI 2X DAILY ETF,SOFC,https://www.nyse.com/quote/BATS:SOFC
ARCX,SOFR,AMPLIFY SAMSUNG SOFR ETF,SOFR,https://www.nyse.com/quote/ARCX:SOFR
XNMS,SOFX,DEFIANCE DAILY TARGET 2X LONG SOFI ETF,SOFX,https://www.nyse.com/quote/XNMS:SOFX
XNMS,SOLC,CANARY MARINADE SOLANA ETF,SOLC,https://www.nyse.com/quote/XNMS:SOLC
BATS,SOLM,AMPLIFY SOLANA 3% MONTHLY OPTION INCOME ETF,SOLM,https://www.nyse.com/quote/BATS:SOLM
XNMS,SOLT,VOLATILITY SHARES TRUST 2X SOLANA ETF,SOLT,https://www.nyse.com/quote/XNMS:SOLT
XNMS,SOLZ,SOLANA ETF,SOLZ,https://www.nyse.com/quote/XNMS:SOLZ
XNMS,SOUX,DEFIANCE DAILY TARGET 2X LONG SOUN ETF,SOUX,https://www.nyse.com/quote/XNMS:SOUX
ARCX,SOVF,SOVEREIGN'S CAPITAL FLOURISH FUND,SOVF,https://www.nyse.com/quote/ARCX:SOVF
ARCX,SOXL,DIREXION DAILY SEMICONDUCTOR BULL 3X ETF,SOXL,https://www.nyse.com/quote/ARCX:SOXL
XNMS,SOXQ,INVESCO EXCHANGE TRADED FD TR II INVESCO PHLX SEMICONDUCTOR ETF,SOXQ,https://www.nyse.com/quote/XNMS:SOXQ
ARCX,SOXS,DIREXION DAILY SEMICONDUCTOR BEAR 3X ETF,SOXS,https://www.nyse.com/quote/ARCX:SOXS
XNMS,SOXX,ISHARES TRUST ISHARES SEMICONDUCTOR ETF,SOXX,https://www.nyse.com/quote/XNMS:SOXX
ARCX,SOXY,YIELDMAX TARGET 12 SEMICONDUCTOR OPTION INCOME ETF,SOXY,https://www.nyse.com/quote/ARCX:SOXY
ARCX,SOYB,TEUCRIUM COMMODITY TRUST SOYBEAN FUND,SOYB,https://www.nyse.com/quote/ARCX:SOYB
ARCX,SPAB,STATE STREET SPDR PORTFOLIO AGGREGATE BOND ETF,SPAB,https://www.nyse.com/quote/ARCX:SPAB
BATS,SPAL,GRANITESHARES 2X LONG SPACEX DAILY ETF,SPAL,https://www.nyse.com/quote/BATS:SPAL
XNMS,SPAM,THEMES ETF TRUST CYBERSECURITY ETF,SPAM,https://www.nyse.com/quote/XNMS:SPAM
XNMS,SPAQ,LISTED FUND TRUST HORIZON KINETICS SPAC ACTIVE ETF,SPAQ,https://www.nyse.com/quote/XNMS:SPAQ
ARCX,SPAX,T-REX 2X LONG SPCX DAILY TARGET ETF,SPAX,https://www.nyse.com/quote/ARCX:SPAX
XNMS,SPBC,SIMPLIFY EXCHANGE TRADED FUNDS SIMPLIFY US EQUITY PLUS BITCOIN STRATEGY ETF,SPBC,https://www.nyse.com/quote/XNMS:SPBC
ARCX,SPBO,STATE STREET SPDR PORTFOLIO CORPORATE BOND ETF,SPBO,https://www.nyse.com/quote/ARCX:SPBO
BATS,SPBU,ALLIANZIM BUFFER15 UNCAPPED ALLOCATION ETF,SPBU,https://www.nyse.com/quote/BATS:SPBU
BATS,SPBW,ALLIANZIM BUFFER20 ALLOCATION ETF,SPBW,https://www.nyse.com/quote/BATS:SPBW
BATS,SPBX,ALLIANZIM 6 MONTH BUFFER10 ALLOCATION ETF,SPBX,https://www.nyse.com/quote/BATS:SPBX
ARCX,SPCF,PROSHARES ULTRA SPACEX,SPCF,https://www.nyse.com/quote/ARCX:SPCF
BATS,SPCG,TRADR 2X SHORT SPACEX DAILY ETF,SPCG,https://www.nyse.com/quote/BATS:SPCG
BATS,SPCH,LEVERAGE SHARES 2X LONG SPCX DAILY ETF,SPCH,https://www.nyse.com/quote/BATS:SPCH
BATS,SPCI,TUTTLE CAPITAL SPACE INDUSTRY INCOME BLAST ETF,SPCI,https://www.nyse.com/quote/BATS:SPCI
XNMS,SPCK,SPAC AND NEW ISSUE ETF,SPCK,https://www.nyse.com/quote/XNMS:SPCK
BATS,SPCL,DEFIANCE DAILY 2X SPACE ETF,SPCL,https://www.nyse.com/quote/BATS:SPCL
BATS,SPCM,TRADR 2X LONG SPACEX DAILY ETF,SPCM,https://www.nyse.com/quote/BATS:SPCM
BATS,SPCQ,DEFIANCE DAILY TARGET 2X SHORT SPCX ETF,SPCQ,https://www.nyse.com/quote/BATS:SPCQ
XNMS,SPCT,LIBERTY ONE SPECTRUM ETF,SPCT,https://www.nyse.com/quote/XNMS:SPCT
BATS,SPCU,DEFIANCE DAILY TARGET 2X LONG SPCX ETF,SPCU,https://www.nyse.com/quote/BATS:SPCU
ARCX,SPD,SIMPLIFY EXCHANGE TRADED FUNDS US EQUITY PLUS DOWNSIDE CONVEXITY ETF,SPD,https://www.nyse.com/quote/ARCX:SPD
BATS,SPDF,DEFENDER RISK ADAPTIVE 500 ETF,SPDF,https://www.nyse.com/quote/BATS:SPDF
ARCX,SPDG,STATE STREET SPDR PORTFOLIO S&P SECTOR NEUTRAL DIVIDEND ETF,SPDG,https://www.nyse.com/quote/ARCX:SPDG
ARCX,SPDN,DIREXION DAILY S&P 500 BEAR 1X ETF,SPDN,https://www.nyse.com/quote/ARCX:SPDN
XNYS,SPDN,DIREXION SH ETF TR,SPDN,https://www.nyse.com/quote/XNYS:SPDN
ARCX,SPDV,ETF SERIES SOLUTIONS AAM S&P 500 HIGH DIVID VALUE ETF,SPDV,https://www.nyse.com/quote/ARCX:SPDV
ARCX,SPDW,STATE STREET SPDR PORTFOLIO DEVELOPED WORLD EX-US ETF,SPDW,https://www.nyse.com/quote/ARCX:SPDW
ARCX,SPEM,STATE STREET SPDR PORTFOLIO EMERGING MARKETS ETF,SPEM,https://www.nyse.com/quote/ARCX:SPEM
ARCX,SPEU,STATE STREET SPDR PORTFOLIO EUROPE ETF,SPEU,https://www.nyse.com/quote/ARCX:SPEU
ARCX,SPFF,GLOBAL X FDS GLOBAL X SUPERINCOME PFD ETF,SPFF,https://www.nyse.com/quote/ARCX:SPFF
ARCX,SPGM,STATE STREET SPDR PORTFOLIO MSCI GLOBAL STOCK MARKET ETF,SPGM,https://www.nyse.com/quote/ARCX:SPGM
ARCX,SPGP,INVESCO EXCHANGE TRADED FD TR S&P 500 GARP ETF,SPGP,https://www.nyse.com/quote/ARCX:SPGP
ARCX,SPHB,INVESCO EXCHANGE TRADED FD TR II S&P 500 HIGH BETA ETF,SPHB,https://www.nyse.com/quote/ARCX:SPHB
ARCX,SPHD,INVESCO EXCHANGE TRADED FD TR II S&P 500 HIGH DIV LOW VOLATILITY ETF,SPHD,https://www.nyse.com/quote/ARCX:SPHD
ARCX,SPHQ,INVESCO EXCHANGE TRADED FD TR S&P 500 QUALITY ETF,SPHQ,https://www.nyse.com/quote/ARCX:SPHQ
ARCX,SPHY,STATE STREET SPDR PORTFOLIO HIGH YIELD BOND ETF,SPHY,https://www.nyse.com/quote/ARCX:SPHY
ARCX,SPIB,STATE STREET SPDR PORTFOLIO INTERMEDIATE TERM CORPORATE BOND ETF,SPIB,https://www.nyse.com/quote/ARCX:SPIB
BATS,SPIN,STATE STREET US EQUITY PREMIUM INCOME ETF,SPIN,https://www.nyse.com/quote/BATS:SPIN
ARCX,SPIP,STATE STREET SPDR PORTFOLIO TIPS ETF,SPIP,https://www.nyse.com/quote/ARCX:SPIP
XNMS,SPIT,F/M EMERALD SPECIAL SITUATIONS ETF,SPIT,https://www.nyse.com/quote/XNMS:SPIT
ARCX,SPLB,STATE STREET SPDR PORTFOLIO LONG TERM CORPORATE BOND ETF,SPLB,https://www.nyse.com/quote/ARCX:SPLB
BATS,SPLS,PIMCO ETF TRUST US STK PLUS ACTIVE BD EXCHANGE TRADED,SPLS,https://www.nyse.com/quote/BATS:SPLS
ARCX,SPLV,INVESCO EXCHANGE TRADED FD TR II S&P 500 LOW VOLATILITY ETF,SPLV,https://www.nyse.com/quote/ARCX:SPLV
ARCX,SPMB,STATE STREET SPDR PORTFOLIO MORTGAGE BACKED BOND ETF,SPMB,https://www.nyse.com/quote/ARCX:SPMB
ARCX,SPMD,STATE STREET SPDR PORTFOLIO S&P 400 MID CAP ETF,SPMD,https://www.nyse.com/quote/ARCX:SPMD
ARCX,SPMO,INVESCO EXCHANGE TRADED FD TR II S&P 500 MOMENTUM ETF,SPMO,https://www.nyse.com/quote/ARCX:SPMO
XNMS,SPOG,LEVERAGE SHARES 2X LONG SPOT DAILY ETF,SPOG,https://www.nyse.com/quote/XNMS:SPOG
ARCX,SPRE,TIDAL TRUST I SP FDS &P GLOBAL REIT SHARIA ETF,SPRE,https://www.nyse.com/quote/ARCX:SPRE
XNMS,SPRX,LISTED FUND TRUST SPEAR ALPHA ETF,SPRX,https://www.nyse.com/quote/XNMS:SPRX
ARCX,SPSB,STATE STREET SPDR PORTFOLIO SHORT TERM CORPORATE BOND ETF,SPSB,https://www.nyse.com/quote/ARCX:SPSB
ARCX,SPSK,TIDAL ETF TRUST SP FUNDS DOW JONES GLOBAL SUKUK ETF,SPSK,https://www.nyse.com/quote/ARCX:SPSK
ARCX,SPSM,STATE STREET SPDR PORTFOLIO S&P 600 SMALL CAP ETF,SPSM,https://www.nyse.com/quote/ARCX:SPSM
ARCX,SPTB,STATE STREET SPDR PORTFOLIO TREASURY ETF,SPTB,https://www.nyse.com/quote/ARCX:SPTB
ARCX,SPTE,SP FUNDS TRUST S&P GLOBAL TECHNOLOGY ETF,SPTE,https://www.nyse.com/quote/ARCX:SPTE
ARCX,SPTI,STATE STREET SPDR PORTFOLIO INTERMEDIATE TERM TREASURY ETF,SPTI,https://www.nyse.com/quote/ARCX:SPTI
ARCX,SPTL,STATE STREET SPDR PORTFOLIO LONG TERM TREASURY ETF,SPTL,https://www.nyse.com/quote/ARCX:SPTL
ARCX,SPTM,STATE STREET SPDR PORTFOLIO S&P 1500 COMPOSITE STOCK MARKET ETF,SPTM,https://www.nyse.com/quote/ARCX:SPTM
ARCX,SPTS,STATE STREET SPDR PORTFOLIO SHORT TERM TREASURY ETF,SPTS,https://www.nyse.com/quote/ARCX:SPTS
ARCX,SPTU,STATE STREET SPDR PORTFOLIO ULTRA SHORT T-BILL ETF,SPTU,https://www.nyse.com/quote/ARCX:SPTU
ARCX,SPUC,SIMPLIFY US EQUITY INCOME ETF,SPUC,https://www.nyse.com/quote/ARCX:SPUC
ARCX,SPUS,TIDAL ETF TRUST SP FDS S&P 500 SHARIA IND EXCLUSIONS ETF,SPUS,https://www.nyse.com/quote/ARCX:SPUS
ARCX,SPUT,INNOVATOR EQUITY PREMIUM INCOME - DAILY PUTWRITE ETF,SPUT,https://www.nyse.com/quote/ARCX:SPUT
ARCX,SPUU,DIREXION DAILY S&P 500 BULL 2X ETF,SPUU,https://www.nyse.com/quote/ARCX:SPUU
ARCX,SPVM,INVESCO EXCHANGE TRADED FD TR S&P 500 VALUE WITH MOMENTUM ETF,SPVM,https://www.nyse.com/quote/ARCX:SPVM
ARCX,SPWO,SP FUNDS TRUST SP FUNDS S&P WORLD EX-US ETF,SPWO,https://www.nyse.com/quote/ARCX:SPWO
XNMS,SPXD,XTRACKERS S&P 500 DIVERSIFIED SECTOR WEIGHT ETF,SPXD,https://www.nyse.com/quote/XNMS:SPXD
ARCX,SPXE,PROSHARES TRUST S&P 500 EX ENERGY ETF,SPXE,https://www.nyse.com/quote/ARCX:SPXE
ARCX,SPXL,DIREXION DAILY S&P 500 BULL 3X ETF,SPXL,https://www.nyse.com/quote/ARCX:SPXL
ARCX,SPXN,PROSHARES TRUST S&P 500 EX FINLS ETF,SPXN,https://www.nyse.com/quote/ARCX:SPXN
ARCX,SPXS,DIREXION DAILY S&P 500 BEAR 3X ETF,SPXS,https://www.nyse.com/quote/ARCX:SPXS
ARCX,SPXT,PROSHARES TRUST S&P 500 EX TECHNOLOGY ETF,SPXT,https://www.nyse.com/quote/ARCX:SPXT
ARCX,SPXU,PROSHARES TRUST ULTRAPRO SHORT S&P 500 (POST REV SPLIT),SPXU,https://www.nyse.com/quote/ARCX:SPXU
ARCX,SPXV,PROSHARES TRUST S&P 500 EX HEALTH CARE ETF,SPXV,https://www.nyse.com/quote/ARCX:SPXV
ARCX,SPY,STATE STREET SPDR S&P 500 ETF,SPY,https://www.nyse.com/quote/ARCX:SPY
BATS,SPYA,TWIN OAK ENDURE ETF,SPYA,https://www.nyse.com/quote/BATS:SPYA
ARCX,SPYC,SIMPLIFY EXCHANGE TRADED FUNDS US EQUITY PLUS CONVEXITY ETF,SPYC,https://www.nyse.com/quote/ARCX:SPYC
ARCX,SPYD,STATE STREET SPDR PORTFOLIO S&P 500 HIGH DIVIDEND ETF,SPYD,https://www.nyse.com/quote/ARCX:SPYD
ARCX,SPYG,STATE STREET SPDR PORTFOLIO S&P 500 GROWTH ETF,SPYG,https://www.nyse.com/quote/ARCX:SPYG
BATS,SPYH,NEOS S&P 500 HEDGED EQUITY INCOME ETF,SPYH,https://www.nyse.com/quote/BATS:SPYH
BATS,SPYI,NEOS ETF TRUST NEOS S&P 500 HIGH INCOME ETF,SPYI,https://www.nyse.com/quote/BATS:SPYI
ARCX,SPYM,STATE STREET SPDR PORTFOLIO S&P 500 ETF,SPYM,https://www.nyse.com/quote/ARCX:SPYM
XNMS,SPYQ,TRADR 2X LONG SPY QUARTERLY ETF,SPYQ,https://www.nyse.com/quote/XNMS:SPYQ
ARCX,SPYT,TIDAL TRUST II DEFIANCE S&P 500 INCOME TARGET ETF,SPYT,https://www.nyse.com/quote/ARCX:SPYT
ARCX,SPYU,BANK OF MONTREAL S&P 500 INDEX 4X LEVERAGED ETN,SPYU,https://www.nyse.com/quote/ARCX:SPYU
ARCX,SPYV,STATE STREET SPDR PORTFOLIO S&P 500 VALUE ETF,SPYV,https://www.nyse.com/quote/ARCX:SPYV
ARCX,SPYX,STATE STREET SPDR S&P 500 FOSSIL FUEL RESERVES FREE ETF,SPYX,https://www.nyse.com/quote/ARCX:SPYX
BATS,SQLT,ISHARES MSCI USA SMALL-CAP QUALITY FACTOR ETF,SQLT,https://www.nyse.com/quote/BATS:SQLT
XNMS,SQLV,LEGG MASON ETF INVESTMENT TRUST LEGG MASON SMALL CAP QUALITY VA ETF A,SQLV,https://www.nyse.com/quote/XNMS:SQLV
BATS,SQMX,FT VEST U.S. EQUITY QUARTERLY MAX BUFFER ETF,SQMX,https://www.nyse.com/quote/BATS:SQMX
XNMS,SQQQ,PROSHARES ULTRAPRO SHORT QQQ,SQQQ,https://www.nyse.com/quote/XNMS:SQQQ
XNMS,SQS,SAPIENT QUALITY SELECT ETF,SQS,https://www.nyse.com/quote/XNMS:SQS
XNMS,SRET,GLOBAL X FDS SUPERDIVIDEND REIT ETF (POST REV SPLIT),SRET,https://www.nyse.com/quote/XNMS:SRET
ARCX,SRHQ,SRH U.S. QUALITY GARP ETF,SRHQ,https://www.nyse.com/quote/ARCX:SRHQ
ARCX,SRHR,ELEVATION SERIES TRUST SRH REIT COVERED CALL ETF,SRHR,https://www.nyse.com/quote/ARCX:SRHR
ARCX,SRLN,STATE STREET BLACKSTONE SENIOR LOAN ETF,SRLN,https://www.nyse.com/quote/ARCX:SRLN
ARCX,SROI,CALAMOS ETF TRUST ANTETOKOUNMPO GLOBAL SUSTAINABLE EQUITIE,SROI,https://www.nyse.com/quote/ARCX:SROI
ARCX,SRS,PROSHARES ULTRASHORT REAL ESTATE,SRS,https://www.nyse.com/quote/ARCX:SRS
ARCX,SRTY,PROSHARES TRUST ULTRAPRO SHORT RUSSELL 2000 NEW(P/S),SRTY,https://www.nyse.com/quote/ARCX:SRTY
ARCX,SRVR,PACER FDS TR DATA & INFRASTRUCTURE REAL ESTATE ETF,SRVR,https://www.nyse.com/quote/ARCX:SRVR
ARCX,SSCP,SMART SMALL CAP ETF,SSCP,https://www.nyse.com/quote/ARCX:SSCP
ARCX,SSFI,DAY HAGAN SMART SECTOR FIXED INCOME ETF,SSFI,https://www.nyse.com/quote/ARCX:SSFI
ARCX,SSG,PROSHARES ULTRASHORT SEMICONDUCTORS,SSG,https://www.nyse.com/quote/ARCX:SSG
BATS,SSK,REX-OSPREY SOL + STAKING ETF,SSK,https://www.nyse.com/quote/BATS:SSK
ARCX,SSMG,VIRTUS SILVANT SMALL/MID GROWTH ETF,SSMG,https://www.nyse.com/quote/ARCX:SSMG
ARCX,SSO,PROSHARES TRUST PSHS ULT S&P 500,SSO,https://www.nyse.com/quote/ARCX:SSO
BATS,SSPC,LEVERAGE SHARES 2X SHORT SPCX DAILY ETF,SSPC,https://www.nyse.com/quote/BATS:SSPC
ARCX,SSPY,STRATIFIED LARGECAP INDEX ETF,SSPY,https://www.nyse.com/quote/ARCX:SSPY
XNMS,SSS,CYBER HORNET S&P 500 AND SOLANA 75/25 STRATEGY ETF,SSS,https://www.nyse.com/quote/XNMS:SSS
ARCX,SSUS,DAY HAGAN SMART SECTOR ETF,SSUS,https://www.nyse.com/quote/ARCX:SSUS
ARCX,SSXU,DAY HAGAN SMART SECTOR INTERNATIONAL ETF,SSXU,https://www.nyse.com/quote/ARCX:SSXU
ARCX,STAX,NOMURA TAX-FREE USA SHORT TERM ETF,STAX,https://www.nyse.com/quote/ARCX:STAX
BATS,STBF,PERFORMANCE TRUST SHORT TERM BOND ETF,STBF,https://www.nyse.com/quote/BATS:STBF
ARCX,STBQ,AMPLIFY STABLECOIN TECHNOLOGY LEADERS ETF,STBQ,https://www.nyse.com/quote/ARCX:STBQ
ARCX,STCE,SCHWAB STRATEGIC TR CRYPTO THEMATIC ETF,STCE,https://www.nyse.com/quote/ARCX:STCE
BATS,STEN,ISHARES LARGE CAP 10% TARGET BUFFER SEP ETF,STEN,https://www.nyse.com/quote/BATS:STEN
ARCX,STHH,STMICROELECTRONICS NV ADRHEDGED,STHH,https://www.nyse.com/quote/ARCX:STHH
ARCX,STIP,ISHARES TRUST 0-5 YEAR TIPS BD ETF,STIP,https://www.nyse.com/quote/ARCX:STIP
BATS,STLR,STELLAR ETF,STLR,https://www.nyse.com/quote/BATS:STLR
BATS,STLU,2X STELLAR ETF,STLU,https://www.nyse.com/quote/BATS:STLU
XNMS,STNC,HENNESSY FUNDS TRUST HENNESSY SUSTAINABLE ETF,STNC,https://www.nyse.com/quote/XNMS:STNC
BATS,STOT,STATE STREET DOUBLELINE SHORT DURATION TOTAL RETURN TACTICAL ETF,STOT,https://www.nyse.com/quote/BATS:STOT
BATS,STOX,HORIZON CORE EQUITY ETF,STOX,https://www.nyse.com/quote/BATS:STOX
ARCX,STPZ,PIMCO ETF TRUST 1-5 YR US TIPS INDEX ETF,STPZ,https://www.nyse.com/quote/ARCX:STPZ
ARCX,STRN,SMART TREND 25 ETF,STRN,https://www.nyse.com/quote/ARCX:STRN
ARCX,STSM,DEFIANCE DAILY TARGET 2X SHORT TSM ETF,STSM,https://www.nyse.com/quote/ARCX:STSM
XNYS,STXD,EA SERIES TRUST STRIVE 1000 DIVID GROWTH ETF,STXD,https://www.nyse.com/quote/XNYS:STXD
XNYS,STXE,EA SERIES TRUST STRIVE EMERGING MARKETS EX CHINA ETF,STXE,https://www.nyse.com/quote/XNYS:STXE
XNYS,STXF,EA SERIES TRUST STRIVE 500 ETF,STXF,https://www.nyse.com/quote/XNYS:STXF
XNYS,STXG,EA SERIES TRUST STRIVE 1000 GROWTH ETF,STXG,https://www.nyse.com/quote/XNYS:STXG
XNYS,STXK,EA SERIES TRUST STRIVE SMALL CAP ETF,STXK,https://www.nyse.com/quote/XNYS:STXK
BATS,STXL,DEFIANCE DAILY TARGET 2X LONG STX ETF,STXL,https://www.nyse.com/quote/BATS:STXL
XNYS,STXT,EA SERIES TRUST STRIVE TOTAL RETURN BOND ETF,STXT,https://www.nyse.com/quote/XNYS:STXT
BATS,STXU,LEVERAGE SHARES 2X LONG STX DAILY ETF,STXU,https://www.nyse.com/quote/BATS:STXU
XNYS,STXV,EA SERIES TRUST STRIVE 1000 VALUE ETF,STXV,https://www.nyse.com/quote/XNYS:STXV
BATS,STXX,TRADR 2X LONG STX DAILY ETF,STXX,https://www.nyse.com/quote/BATS:STXX
BATS,STYL,CORGI LIFESTYLE BRANDS ETF,STYL,https://www.nyse.com/quote/BATS:STYL
ARCX,SUB,ISHARES TRUST SHORT TERM NATIONAL MUNI BOND ETF,SUB,https://www.nyse.com/quote/ARCX:SUB
BATS,SUIL,2X SUI ETF,SUIL,https://www.nyse.com/quote/BATS:SUIL
XNMS,SUIS,CANARY STAKED SUIS ETF,SUIS,https://www.nyse.com/quote/XNMS:SUIS
ARCX,SUPL,PROSHARES TRUST SUPPLY CHAIN LOGISTICS ETF,SUPL,https://www.nyse.com/quote/ARCX:SUPL
XNMS,SUPP,TCW TRANSFORM SUPPLY CHAIN ETF,SUPP,https://www.nyse.com/quote/XNMS:SUPP
ARCX,SURE,ADVISORSHARES TRUST INSIDER ADVANTAGE ETF,SURE,https://www.nyse.com/quote/ARCX:SURE
ARCX,SURI,SIMPLIFY EXCHANGE TRADED FUNDS PROPEL OPPORTUNITIES ETF,SURI,https://www.nyse.com/quote/ARCX:SURI
ARCX,SUSA,ISHARES ESG OPTIMIZED MSCI USA ETF,SUSA,https://www.nyse.com/quote/ARCX:SUSA
XNMS,SUSB,ISHARES TRUST ESG AWARE 1 TO 5 YEAR USD CORPORATE BOND,SUSB,https://www.nyse.com/quote/XNMS:SUSB
XNMS,SUSC,ISHARES TRUST ESG AWARE USD CORPORATE BOND ETF,SUSC,https://www.nyse.com/quote/XNMS:SUSC
XNMS,SUSL,ISHARES TRUST ESG MSCI USA LEADERS ETF,SUSL,https://www.nyse.com/quote/XNMS:SUSL
BATS,SVAL,ISHARES TRUST US SM CAP VALUE FACTOR ETF,SVAL,https://www.nyse.com/quote/BATS:SVAL
BATS,SVIX,VS TRUST 1X SHORT VIX FUTURES ETF,SVIX,https://www.nyse.com/quote/BATS:SVIX
ARCX,SVOL,SIMPLIFY EXCHANGE TRADED FUNDS SIMPLIFY VOLATILITY PREMIUM ETF,SVOL,https://www.nyse.com/quote/ARCX:SVOL
BATS,SVXY,PROSHARES TRUST II SHORT VIX SHRT TRM FUTRS ETF,SVXY,https://www.nyse.com/quote/BATS:SVXY
ARCX,SWAN,AMPLIFY ETF TRUST BLACKSWAN GROWTH & TREASURY CORE ETF,SWAN,https://www.nyse.com/quote/ARCX:SWAN
XNMS,SWP,SWP GROWTH & INCOME ETF,SWP,https://www.nyse.com/quote/XNMS:SWP
XNYS,SWZ,TOTAL RETURN SECURITIES FUND,SWZ,https://www.nyse.com/quote/XNYS:SWZ
ARCX,SXQG,EXCHANGE TRADED CONCEPTS TRUST ETC 6 MERIDIAN QUALITY GROWTH ETF,SXQG,https://www.nyse.com/quote/ARCX:SXQG
ARCX,SYFI,AB SHORT DURATION HIGH YIELD ETF,SYFI,https://www.nyse.com/quote/ARCX:SYFI
BATS,SYLD,CAMBRIA ETF TRUST SHAREHOLDER YIELD ETF,SYLD,https://www.nyse.com/quote/BATS:SYLD
BATS,SYSB,ISHARES SYSTEMATIC BOND ETF,SYSB,https://www.nyse.com/quote/BATS:SYSB
XNMS,SYZ,LAZARD US SYSTEMATIC SMALL CAP EQUITY ETF,SYZ,https://www.nyse.com/quote/XNMS:SYZ
ARCX,SZK,PROSHARES TRUST ULTRASHORT CONSUMER STAPLES,SZK,https://www.nyse.com/quote/ARCX:SZK
ARCX,TABD,TRANSAMERICA BOND ACTIVE ETF,TABD,https://www.nyse.com/quote/ARCX:TABD
ARCX,TACK,CAPITOL SERIES TRUST FAIRLEAD TACTICAL SECTOR ETF,TACK,https://www.nyse.com/quote/ARCX:TACK
ARCX,TACN,T. ROWE PRICE ACTIVE CORE INTERNATIONAL EQUITY ETF,TACN,https://www.nyse.com/quote/ARCX:TACN
ARCX,TACU,T. ROWE PRICE ACTIVE CORE U.S. EQUITY ETF,TACU,https://www.nyse.com/quote/ARCX:TACU
ARCX,TAFI,AB ACTIVE ETFS INC TAX AWARE SHORT DURATION MUNICIPAL ETF,TAFI,https://www.nyse.com/quote/ARCX:TAFI
ARCX,TAFL,AB ACTIVE ETFS INC TAX-AWARE LONG MUNICIPAL ETF,TAFL,https://www.nyse.com/quote/ARCX:TAFL
ARCX,TAFM,AB ACTIVE ETFS INC TAX-AWARE INTERMEDIATE MUNICIPAL ETF USD,TAFM,https://www.nyse.com/quote/ARCX:TAFM
ARCX,TAGG,T ROWE PRICE EXCHANGE TRD FDS INC QM US BD ETF,TAGG,https://www.nyse.com/quote/ARCX:TAGG
ARCX,TAGS,TEUCRIUM COMMODITY TRUST AGRICULTURAL FD,TAGS,https://www.nyse.com/quote/ARCX:TAGS
BATS,TAIL,CAMBRIA ETF TRUST TAIL RISK ETF,TAIL,https://www.nyse.com/quote/BATS:TAIL
BATS,TAJX,CORGI INDIA 2X DAILY ETF,TAJX,https://www.nyse.com/quote/BATS:TAJX
ARCX,TALV,TRANSAMERICA LARGE VALUE ACTIVE ETF,TALV,https://www.nyse.com/quote/ARCX:TALV
ARCX,TAN,INVESCO EXCHANGE TRADED FD TR II SOLAR ETF,TAN,https://www.nyse.com/quote/ARCX:TAN
XNMS,TAOZ,THORNBURG AMERICAN OPPORTUNITIES FUND,TAOZ,https://www.nyse.com/quote/XNMS:TAOZ
BATS,TAPR,INNOVATOR EQUITY DEFINED PROTECTION ETF - 2 YR TO APRIL 2027,TAPR,https://www.nyse.com/quote/BATS:TAPR
XNMS,TARK,INVESTMENT MANAGERS SERIES TRUST II TRADR 2X LONG INNOVATION ETF,TARK,https://www.nyse.com/quote/XNMS:TARK
XNMS,TAX,CAMBRIA TAX AWARE ETF,TAX,https://www.nyse.com/quote/XNMS:TAX
XNMS,TAXE,INTERMEDIATE MUNICIPAL INCOME ETF,TAXE,https://www.nyse.com/quote/XNMS:TAXE
ARCX,TAXF,AMERICAN CENTURY ETF TRUST DIVERSIFIED MUNICIPAL BOND ETF,TAXF,https://www.nyse.com/quote/ARCX:TAXF
XNMS,TAXI,NORTHERN TRUST INTERMEDIATE TAX-EXEMPT BOND ETF,TAXI,https://www.nyse.com/quote/XNMS:TAXI
ARCX,TAXM,BONDBLOXX IR+M TAX-AWARE ETF FOR MASSACHUSETTS RESIDENTS,TAXM,https://www.nyse.com/quote/ARCX:TAXM
XNMS,TAXS,NORTHERN TRUST SHORT-TERM TAX-EXEMPT BOND ETF,TAXS,https://www.nyse.com/quote/XNMS:TAXS
XNMS,TAXT,NORTHERN TRUST TAX-EXEMPT BOND ETF,TAXT,https://www.nyse.com/quote/XNMS:TAXT
ARCX,TAXX,BONDBLOXX ETF TRUST IR+M TAX-AWARE SHORT DURATION ETF,TAXX,https://www.nyse.com/quote/ARCX:TAXX
ARCX,TBF,PROSHARES TRUST SHORT 20+ YR TREASURY USD,TBF,https://www.nyse.com/quote/ARCX:TBF
ARCX,TBFC,ETF SERIES SOLUTIONS THE BRINSMERE FUND CONSERVATIVE ETF,TBFC,https://www.nyse.com/quote/ARCX:TBFC
ARCX,TBFG,ETF SERIES SOLUTIONS THE BRINSMERE FUND GROWTH ETF,TBFG,https://www.nyse.com/quote/ARCX:TBFG
ARCX,TBG,EA SERIES TRUST TBG DIVIDEND FOCUS ETF,TBG,https://www.nyse.com/quote/ARCX:TBG
XNMS,TBIL,"THE RBB FUND, INC F/M US TREASURY 3 MONTH BILL FUND",TBIL,https://www.nyse.com/quote/XNMS:TBIL
BATS,TBJL,INNOVATOR ETFS TRUST 20 PLUS YR TREAS BD 9 BUFFER ETF JULY,TBJL,https://www.nyse.com/quote/BATS:TBJL
ARCX,TBLL,INVESCO EXCHANGE TRADED FD TR II SHORT TERM TREASURY ETF,TBLL,https://www.nyse.com/quote/ARCX:TBLL
XNYS,TBLU,TORTOISE GLOBAL WATER ETF,TBLU,https://www.nyse.com/quote/XNYS:TBLU
ARCX,TBT,PROSHARES TRUST PSHS ULTSH 20YRS NEW,TBT,https://www.nyse.com/quote/ARCX:TBT
ARCX,TBUX,T ROWE PRICE EXCHANGE TRD FDS INC ULTRA SHORT TERM BD ETF,TBUX,https://www.nyse.com/quote/ARCX:TBUX
ARCX,TBX,PROSHARES TRUST SHORT 7-10YR TREAS,TBX,https://www.nyse.com/quote/ARCX:TBX
ARCX,TBXU,DIREXION DAILY BIOTECH TOP 5 BULL 2X ETF,TBXU,https://www.nyse.com/quote/ARCX:TBXU
ARCX,TCAF,T ROWE PRICE EXCHANGE TRD FDS INC CAPITAL APPRECIATION EQUITY ETF,TCAF,https://www.nyse.com/quote/ARCX:TCAF
XNYS,TCAI,TORTOISE AI INFRASTRUCTURE ETF,TCAI,https://www.nyse.com/quote/XNYS:TCAI
ARCX,TCAL,T. ROWE PRICE CAPITAL APPRECIATION PREMIUM INCOME ETF,TCAL,https://www.nyse.com/quote/ARCX:TCAL
XNMS,TCAN,21SHARES CANTON NETWORK ETF,TCAN,https://www.nyse.com/quote/XNMS:TCAN
XNMS,TCHI,ISHARES TRUST MSCI CHINA MULTISECTOR TECH ETF,TCHI,https://www.nyse.com/quote/XNMS:TCHI
ARCX,TCHP,T ROWE PRICE EXCHANGE TRD FDS INC BLUE CHIP GROWTH ETF,TCHP,https://www.nyse.com/quote/ARCX:TCHP
ARCX,TCPB,THRIVENT CORE PLUS BOND ETF,TCPB,https://www.nyse.com/quote/ARCX:TCPB
ARCX,TCV,TOWLE VALUE ETF,TCV,https://www.nyse.com/quote/ARCX:TCV
BATS,TDAQ,TAPPALPHA INNOVATION 100 GROWTH & DAILY INCOME ETF,TDAQ,https://www.nyse.com/quote/BATS:TDAQ
BATS,TDAX,TDAQ LIFT ETF,TDAX,https://www.nyse.com/quote/BATS:TDAX
BATS,TDEC,FT VEST EMERGING MARKETS BUFFER ETF - DECEMBER,TDEC,https://www.nyse.com/quote/BATS:TDEC
XNMS,TDI,TOUCHSTONE ETF TRUST DYNAMIC INTERNATIONAL ETF,TDI,https://www.nyse.com/quote/XNMS:TDI
XNMS,TDIV,FIRST TR EXCHANGE TRADED FD VI NASDAQ TECH DIVID INDEX FD,TDIV,https://www.nyse.com/quote/XNMS:TDIV
XNMS,TDOG,21SHARES DOGECOIN ETF,TDOG,https://www.nyse.com/quote/XNMS:TDOG
XNMS,TDOT,21SHARES POLKADOT ETF,TDOT,https://www.nyse.com/quote/XNMS:TDOT
XNMS,TDSB,ETC CABANA TARGET BETA ETF,TDSB,https://www.nyse.com/quote/XNMS:TDSB
XNMS,TDSC,ETC CABANA TARGET DRAWDOWN 10 ETF,TDSC,https://www.nyse.com/quote/XNMS:TDSC
ARCX,TDTF,FLEXSHARES TRUST IBOXX 5 YR TARGET DURATION TIPS INDEX FD,TDTF,https://www.nyse.com/quote/ARCX:TDTF
ARCX,TDTT,FLEXSHARES TRUST IBOXX 3 YR TARGET DURATION TIPS INDEX FD,TDTT,https://www.nyse.com/quote/ARCX:TDTT
BATS,TDV,PROSHARES TRUST S&P TECHNOLOGY DIVIDEND ARISTOCRATS ETF,TDV,https://www.nyse.com/quote/BATS:TDV
ARCX,TDVG,T ROWE PRICE EXCHANGE TRD FDS INC DIVID GROWTH ETF,TDVG,https://www.nyse.com/quote/ARCX:TDVG
BATS,TDVI,FIRST TR EXCHANGE TRADED FD IV VEST TECHNOLOGY DIVIDEND TARGET INCOME E,TDVI,https://www.nyse.com/quote/BATS:TDVI
ARCX,TEC,HARBOR TRANSFORMATIVE TECHNOLOGIES ETF,TEC,https://www.nyse.com/quote/ARCX:TEC
ARCX,TECB,ISHARES TRUST ISHARES US TECH BREAKTHROUGH MULTISECTR,TECB,https://www.nyse.com/quote/ARCX:TECB
ARCX,TECL,DIREXION DAILY TECHNOLOGY BULL 3X ETF,TECL,https://www.nyse.com/quote/ARCX:TECL
ARCX,TECS,DIREXION DAILY TECHNOLOGY BEAR 3X ETF,TECS,https://www.nyse.com/quote/ARCX:TECS
XNMS,TECY,GRANITESHARES YIELDBOOST TECHNOLOGY ETF,TECY,https://www.nyse.com/quote/XNMS:TECY
ARCX,TEK,ISHARES TECHNOLOGY OPPORTUNITIES ACTIVE ETF,TEK,https://www.nyse.com/quote/ARCX:TEK
XNMS,TEKX,STATE STREET GALAXY TRANSFORMATIVE TECH ACCELERATORS ETF,TEKX,https://www.nyse.com/quote/XNMS:TEKX
XNMS,TEKY,LAZARD NEXT GEN TECHNOLOGIES ETF,TEKY,https://www.nyse.com/quote/XNMS:TEKY
BATS,TELG,LEVERAGE SHARES 2X LONG TEL DAILY ETF,TELG,https://www.nyse.com/quote/BATS:TELG
BATS,TEMC,CORGI TEM 2X DAILY ETF,TEMC,https://www.nyse.com/quote/BATS:TEMC
ARCX,TEMD,TEMPLETON EMERGING MARKETS DEBT ETF,TEMD,https://www.nyse.com/quote/ARCX:TEMD
ARCX,TEMR,T. ROWE PRICE EMERGING MARKETS EQUITY RESEARCH ETF,TEMR,https://www.nyse.com/quote/ARCX:TEMR
BATS,TEMT,TRADR 2X LONG TEM DAILY ETF,TEMT,https://www.nyse.com/quote/BATS:TEMT
BATS,TEMX,TOUCHSTONE SANDS CAPITAL EMERGING MARKETS EX-CHINA GROWTH ETF,TEMX,https://www.nyse.com/quote/BATS:TEMX
BATS,TEND,ISHARES LARGE CAP 10% TARGET BUFFER DEC ETF,TEND,https://www.nyse.com/quote/BATS:TEND
BATS,TENJ,ISHARES LARGE CAP 10% TARGET BUFFER JUN ETF,TENJ,https://www.nyse.com/quote/BATS:TENJ
BATS,TENM,ISHARES LARGE CAP 10% TARGET BUFFER MAR ETF,TENM,https://www.nyse.com/quote/BATS:TENM
ARCX,TEQI,T ROWE PRICE EXCHANGE TRD FDS INC EQUITY INCOME ETF,TEQI,https://www.nyse.com/quote/ARCX:TEQI
BATS,TERC,CORGI TER 2X DAILY ETF,TERC,https://www.nyse.com/quote/BATS:TERC
XNMS,TERG,LEVERAGE SHARES 2X LONG TER DAILY ETF,TERG,https://www.nyse.com/quote/XNMS:TERG
BATS,TESC,CORGI TSLA 2X DAILY ETF,TESC,https://www.nyse.com/quote/BATS:TESC
ARCX,TESL,SIMPLIFY VOLT TSLA REVOLUTION ETF,TESL,https://www.nyse.com/quote/ARCX:TESL
BATS,TEST,YIELDMAX TSLA PERFORMANCE & DISTRIBUTION TARGET 25 ETF,TEST,https://www.nyse.com/quote/BATS:TEST
BATS,TETH,21SHARES ETHEREUM ETF,TETH,https://www.nyse.com/quote/BATS:TETH
BATS,TEUP,T-REX 2X LONG TE DAILY TARGET ETF,TEUP,https://www.nyse.com/quote/BATS:TEUP
XNMS,TEXN,ISHARES TEXAS EQUITY ETF,TEXN,https://www.nyse.com/quote/XNMS:TEXN
ARCX,TEXU,DIREXION DAILY ENERGY TOP 5 BULL 2X ETF,TEXU,https://www.nyse.com/quote/ARCX:TEXU
XNMS,TEXX,HORIZON KINETICS TEXAS ETF,TEXX,https://www.nyse.com/quote/XNMS:TEXX
ARCX,TFFI,CHESAPEAKE TREND-FOLLOWING FIXED INCOME ETF,TFFI,https://www.nyse.com/quote/ARCX:TFFI
XNMS,TFGZ,THORNBURG FOCUS GROWTH FUND,TFGZ,https://www.nyse.com/quote/XNMS:TFGZ
ARCX,TFI,STATE STREET SPDR NUVEEN ICE MUNICIPAL BOND ETF,TFI,https://www.nyse.com/quote/ARCX:TFI
BATS,TFJL,INNOVATOR ETFS TRUST 20 PLUS YR TREAS BD 5 FLOOR ETF JULY,TFJL,https://www.nyse.com/quote/BATS:TFJL
ARCX,TFLO,ISHARES TRUST TREAS FLTG RATE BD ETF,TFLO,https://www.nyse.com/quote/ARCX:TFLO
ARCX,TFLR,T ROWE PRICE EXCHANGE TRD FDS INC FLOATING RATE ETF,TFLR,https://www.nyse.com/quote/ARCX:TFLR
XNMS,TFNS,T. ROWE PRICE FINANCIALS ETF,TFNS,https://www.nyse.com/quote/XNMS:TFNS
ARCX,TFPN,TIDAL TRUST II BLUEPRINT CHESAPEAKE MULTI ASSET TREND,TFPN,https://www.nyse.com/quote/ARCX:TFPN
ARCX,TGLB,T. ROWE PRICE GLOBAL EQUITY ETF,TGLB,https://www.nyse.com/quote/ARCX:TGLB
ARCX,TGLR,WEDBUSH LAFFER TENGLER NEW ERA VALUE ETF,TGLR,https://www.nyse.com/quote/ARCX:TGLR
ARCX,TGRT,T ROWE PRICE EXCHANGE TRD FDS INC GROWTH ETF,TGRT,https://www.nyse.com/quote/ARCX:TGRT
ARCX,TGRW,T ROWE PRICE EXCHANGE TRD FDS INC GROWTH STK ETF,TGRW,https://www.nyse.com/quote/ARCX:TGRW
ARCX,THD,ISHARES INC MSCI THAILAND ETF,THD,https://www.nyse.com/quote/ARCX:THD
ARCX,THEQ,T. ROWE PRICE HEDGED EQUITY ETF,THEQ,https://www.nyse.com/quote/ARCX:THEQ
XNYS,THIR,THOR INDEX ROTATION ETF,THIR,https://www.nyse.com/quote/XNYS:THIR
XNYS,THLV,THOR EQUAL WEIGHT LOW VOLATILITY ETF,THLV,https://www.nyse.com/quote/XNYS:THLV
XNYS,THMR,THOR ADAPTIVERISK DYNAMIC ETF,THMR,https://www.nyse.com/quote/XNYS:THMR
XNMS,THMZ,LAZARD EQUITY MEGATRENDS ETF,THMZ,https://www.nyse.com/quote/XNMS:THMZ
ARCX,THNQ,EXCHANGE TRADED CONCEPTS TRUST ROBO GLOBAL ARTIFICIAL INTELLIGENCE ETF,THNQ,https://www.nyse.com/quote/ARCX:THNQ
ARCX,THNR,AMPLIFY WEIGHT LOSS DRUG & TREATMENT ETF,THNR,https://www.nyse.com/quote/ARCX:THNR
ARCX,THOR,THORNBURG PREMIUM INCOME BUILDER ETF,THOR,https://www.nyse.com/quote/ARCX:THOR
ARCX,THRO,ISHARES U.S. THEMATIC ROTATION ACTIVE ETF,THRO,https://www.nyse.com/quote/ARCX:THRO
XNMS,THRV,PROSPERA INCOME ETF,THRV,https://www.nyse.com/quote/XNMS:THRV
ARCX,THTA,TIDAL ETF TRUST SOFI ENHANCED YIELD ETF,THTA,https://www.nyse.com/quote/ARCX:THTA
ARCX,THY,NORTHERN LIGHTS FUND TRUST TOEWS AGILITY SHARES DYNAMIC TACTL INCM,THY,https://www.nyse.com/quote/ARCX:THY
ARCX,THYF,T ROWE PRICE EXCHANGE TRD FDS INC US HIGH YIELD ETF,THYF,https://www.nyse.com/quote/ARCX:THYF
XNMS,THYM,T.ROWE PRICE HIGH INCOME MUNICIPAL ETF,THYM,https://www.nyse.com/quote/XNMS:THYM
XNMS,THYP,21SHARES HYPERLIQUID ETF,THYP,https://www.nyse.com/quote/XNMS:THYP
ARCX,TIER,T. ROWE PRICE INTERNATIONAL EQUITY RESEARCH ETF,TIER,https://www.nyse.com/quote/ARCX:TIER
ARCX,TIIV,AAM TODD INTERNATIONAL INTRINSIC VALUE ETF,TIIV,https://www.nyse.com/quote/ARCX:TIIV
XNMS,TILC,THRIVENT INTERNATIONAL LARGE CAP ETF,TILC,https://www.nyse.com/quote/XNMS:TILC
ARCX,TILL,LISTED FUND TRUST TEUCRIUM AGRICULTURL STRATEGY NO K 1 ETF,TILL,https://www.nyse.com/quote/ARCX:TILL
BATS,TILT,FLEXSHARES TRUST MORNINGSTAR US MKT FACTOR TILT INDEX FD,TILT,https://www.nyse.com/quote/BATS:TILT
ARCX,TIME,CLOCKWISE U.S. CORE EQUITY ETF,TIME,https://www.nyse.com/quote/ARCX:TIME
ARCX,TINS,TEMPLETON INTERNATIONAL INSIGHTS ETF,TINS,https://www.nyse.com/quote/ARCX:TINS
ARCX,TINT,PROSHARES TRUST SMART MATERIALS ETF,TINT,https://www.nyse.com/quote/ARCX:TINT
ARCX,TINY,PROSHARES TRUST NANOTECHNOLOGY ETF,TINY,https://www.nyse.com/quote/ARCX:TINY
ARCX,TIP,ISHARES TRUST TIPS BD ETF,TIP,https://www.nyse.com/quote/ARCX:TIP
ARCX,TIPA,NORTHERN TRUST 2030 INFLATION-LINKED DISTRIBUTING LADDER ETF,TIPA,https://www.nyse.com/quote/ARCX:TIPA
ARCX,TIPB,NORTHERN TRUST 2035 INFLATION-LINKED DISTRIBUTING LADDER ETF,TIPB,https://www.nyse.com/quote/ARCX:TIPB
ARCX,TIPC,NORTHERN TRUST 2045 INFLATION-LINKED DISTRIBUTING LADDER ETF,TIPC,https://www.nyse.com/quote/ARCX:TIPC
ARCX,TIPD,NORTHERN TRUST 2055 INFLATION-LINKED DISTRIBUTING LADDER ETF,TIPD,https://www.nyse.com/quote/ARCX:TIPD
ARCX,TIPX,STATE STREET SPDR BLOOMBERG 1-10 YEAR TIPS ETF,TIPX,https://www.nyse.com/quote/ARCX:TIPX
ARCX,TIPZ,PIMCO ETF TRUST BROAD US TIPS INDEX FD ETF,TIPZ,https://www.nyse.com/quote/ARCX:TIPZ
XNMS,TISC,THRIVENT INTERNATIONAL SMALL CAP ETF,TISC,https://www.nyse.com/quote/XNMS:TISC
BATS,TJAN,INNOVATOR EQUITY DEFINED PROTECTION ETF - 2 YR TO JANUARY 2027,TJAN,https://www.nyse.com/quote/BATS:TJAN
BATS,TJUL,INNOVATOR EQUITY DEFINED PROTECTION ETF - 2 YR TO JULY 2027,TJUL,https://www.nyse.com/quote/BATS:TJUL
BATS,TJUN,FT VEST EMERGING MARKETS BUFFER ETF - JUNE,TJUN,https://www.nyse.com/quote/BATS:TJUN
ARCX,TKNQ,AMPLIFY TOKENIZATION TECHNOLOGY LEADERS ETF,TKNQ,https://www.nyse.com/quote/ARCX:TKNQ
XNMS,TKNS,21SHARES ACTIVE CRYPTO ETF,TKNS,https://www.nyse.com/quote/XNMS:TKNS
XNMS,TLA,GRANITESHARES AUTOCALLABLE TSLA ETF,TLA,https://www.nyse.com/quote/XNMS:TLA
ARCX,TLCI,TOUCHSTONE INTERNATIONAL EQUITY ETF,TLCI,https://www.nyse.com/quote/ARCX:TLCI
BATS,TLDR,THE LADDERED T-BILL ETF,TLDR,https://www.nyse.com/quote/BATS:TLDR
XNMS,TLG,TOUCHSTONE LARGE COMPANY GROWTH ETF,TLG,https://www.nyse.com/quote/XNMS:TLG
ARCX,TLH,ISHARES TRUST 10-20 YEAR TREASURY BD ETF,TLH,https://www.nyse.com/quote/ARCX:TLH
XNMS,TLT,ISHARES TRUST 20+ YR TREAS BD ETF,TLT,https://www.nyse.com/quote/XNMS:TLT
ARCX,TLTD,FLEXSHARES TRUST MORNINGSTAR DEV EX-US MKTS FACTOR TILT,TLTD,https://www.nyse.com/quote/ARCX:TLTD
ARCX,TLTE,FLEXSHARES TRUST MORNINGSTAR EMERG MKTS FACTOR TILT IDX,TLTE,https://www.nyse.com/quote/ARCX:TLTE
BATS,TLTI,NEOS ENHANCED INCOME 20+ YEAR TREASURY BOND ETF,TLTI,https://www.nyse.com/quote/BATS:TLTI
BATS,TLTP,AMPLIFY TLT U.S. TREASURY 12% OPTION INCOME ETF,TLTP,https://www.nyse.com/quote/BATS:TLTP
BATS,TLTW,ISHARES TRUST 20+ YEAR TREASURY BOND BUY WRITE STRATEG,TLTW,https://www.nyse.com/quote/BATS:TLTW
BATS,TLTX,GLOBAL X TREASURY BOND ENHANCED INCOME ETF,TLTX,https://www.nyse.com/quote/BATS:TLTX
BATS,TMAR,FT VEST EMERGING MARKETS BUFFER ETF - MARCH,TMAR,https://www.nyse.com/quote/BATS:TMAR
BATS,TMAT,NORTHERN LIGHTS FUND TRUST IV MAIN THEMATIC INNOVATION ETF,TMAT,https://www.nyse.com/quote/BATS:TMAT
XNMS,TMB,THORNBURG MULTI SECTOR BOND ETF,TMB,https://www.nyse.com/quote/XNMS:TMB
BATS,TMDV,PROSHARES TRUST RUSSELL US DIVID GROWERS ETF,TMDV,https://www.nyse.com/quote/BATS:TMDV
XNMS,TMED,T. ROWE PRICE HEALTH CARE ETF,TMED,https://www.nyse.com/quote/XNMS:TMED
ARCX,TMF,DIREXION DAILY 20+ YEAR TREASURY BULL 3X ETF,TMF,https://www.nyse.com/quote/ARCX:TMF
BATS,TMFC,RBB FUND INC MOTLEY FOOL 100 IDX USD,TMFC,https://www.nyse.com/quote/BATS:TMFC
BATS,TMFE,MOTLEY FOOL CAPITAL EFFICIENCY 100 INDEX ETF,TMFE,https://www.nyse.com/quote/BATS:TMFE
BATS,TMFG,RBB FUND INC MOTLEY FOOL GLOBAL OPPORTUNITIES ETF,TMFG,https://www.nyse.com/quote/BATS:TMFG
BATS,TMFM,RBB FUND INC MOTLEY FOOL MID CAP GROWTH ETF,TMFM,https://www.nyse.com/quote/BATS:TMFM
BATS,TMFS,RBB FUND INC MOTLEY FOOL SMALL CAP GROWTH ETF,TMFS,https://www.nyse.com/quote/BATS:TMFS
BATS,TMFX,MOTLEY FOOL NEXT INDEX ETF,TMFX,https://www.nyse.com/quote/BATS:TMFX
ARCX,TMH,TOYOTA MOTOR CORPORATION ADRHEDGED,TMH,https://www.nyse.com/quote/ARCX:TMH
ARCX,TMLP,TORTOISE MLP ETF,TMLP,https://www.nyse.com/quote/ARCX:TMLP
XNMS,TMNL,T.ROWE PRICE LONG MUNICIPAL INCOME ETF,TMNL,https://www.nyse.com/quote/XNMS:TMNL
XNMS,TMNS,T.ROWE PRICE SHORT MUNICIPAL INCOME ETF,TMNS,https://www.nyse.com/quote/XNMS:TMNS
XNMS,TMSF,T.ROWE PRICE MULTI-SECTOR INCOME ETF,TMSF,https://www.nyse.com/quote/XNMS:TMSF
ARCX,TMSL,T ROWE PRICE EXCHANGE TRD FDS INC SMALL MID CAP ETF,TMSL,https://www.nyse.com/quote/ARCX:TMSL
ARCX,TMV,DIREXION DAILY 20+ YEAR TREASURY BEAR 3X ETF,TMV,https://www.nyse.com/quote/ARCX:TMV
ARCX,TMVE,THRIVENT MID CAP VALUE ETF,TMVE,https://www.nyse.com/quote/ARCX:TMVE
XNMS,TMYY,GRANITESHARES YIELDBOOST TSM ETF,TMYY,https://www.nyse.com/quote/XNMS:TMYY
ARCX,TNA,DIREXION DAILY SMALL CAP BULL 3X ETF,TNA,https://www.nyse.com/quote/ARCX:TNA
XNYS,TNGY,TORTOISE ENERGY ETF,TNGY,https://www.nyse.com/quote/XNYS:TNGY
ARCX,TNUK,TORTOISE NUCLEAR RENAISSANCE ETF,TNUK,https://www.nyse.com/quote/ARCX:TNUK
XNMS,TNXT,T ROWE PRICE EXCHANGE TRD FDS INC INNOVATION LEADERS ETF,TNXT,https://www.nyse.com/quote/XNMS:TNXT
ARCX,TOAK,TWIN OAK SHORT HORIZON ABSOLUTE RETURN ETF,TOAK,https://www.nyse.com/quote/ARCX:TOAK
BATS,TOAO,TWIN OAK ACTIVE OPPORTUNITIES III ETF,TOAO,https://www.nyse.com/quote/BATS:TOAO
BATS,TOCT,INNOVATOR EQUITY DEFINED PROTECTION ETF - 2 YR TO OCTOBER 2027,TOCT,https://www.nyse.com/quote/BATS:TOCT
ARCX,TOGA,TREMBLANT GLOBAL ETF,TOGA,https://www.nyse.com/quote/ARCX:TOGA
ARCX,TOK,ISHARES TRUST MSCI KOKUSAI ETF,TOK,https://www.nyse.com/quote/ARCX:TOK
BATS,TOLL,TEMA DURABLE QUALITY ETF,TOLL,https://www.nyse.com/quote/BATS:TOLL
ARCX,TOLZ,PROSHARES TRUST BROOKFIELD GLOBAL INFRASTRUCTURE ETF,TOLZ,https://www.nyse.com/quote/ARCX:TOLZ
ARCX,TOPC,ISHARES S&P 500 3% CAPPED ETF,TOPC,https://www.nyse.com/quote/ARCX:TOPC
ARCX,TOPT,ISHARES TOP 20 U.S. STOCKS ETF,TOPT,https://www.nyse.com/quote/ARCX:TOPT
BATS,TOPW,ROUNDHILL TOP WEEKLYPAY ETF,TOPW,https://www.nyse.com/quote/BATS:TOPW
BATS,TOS,TWIN OAK STRATEGIC SOLUTIONS ETF,TOS,https://www.nyse.com/quote/BATS:TOS
ARCX,TOT,LIONSHARES U.S. EQUITY TOTAL RETURN ETF,TOT,https://www.nyse.com/quote/ARCX:TOT
ARCX,TOTL,STATE STREET DOUBLELINE TOTAL RETURN TACTICAL ETF,TOTL,https://www.nyse.com/quote/ARCX:TOTL
ARCX,TOTR,T ROWE PRICE EXCHANGE TRD FDS INC TOTAL RETURN ETF,TOTR,https://www.nyse.com/quote/ARCX:TOTR
ARCX,TOUS,T ROWE PRICE EXCHANGE TRD FDS INC INTERNATIONAL EQUITY ETF,TOUS,https://www.nyse.com/quote/ARCX:TOUS
ARCX,TOV,JLENS 500 JEWISH ADVOCACY U.S. ETF,TOV,https://www.nyse.com/quote/ARCX:TOV
BATS,TOXR,21SHARES XRP ETF,TOXR,https://www.nyse.com/quote/BATS:TOXR
BATS,TPAY,ROUNDHILL S&P 500 TARGET 10 MANAGED DISTRIBUTION ETF,TPAY,https://www.nyse.com/quote/BATS:TPAY
ARCX,TPFC,TIMOTHY PLAN FREE CASH FLOW ETF,TPFC,https://www.nyse.com/quote/ARCX:TPFC
ARCX,TPFG,TIMOTHY PLAN FREE CASH FLOW GROWTH ETF,TPFG,https://www.nyse.com/quote/ARCX:TPFG
ARCX,TPFI,TIMOTHY PLAN FIXED INCOME ETF,TPFI,https://www.nyse.com/quote/ARCX:TPFI
ARCX,TPHD,TIMOTHY PLAN HIGH DIVIDEND STOCK ETF,TPHD,https://www.nyse.com/quote/ARCX:TPHD
ARCX,TPIF,TIMOTHY PLAN TIMOTHY PLAN INTERNATIONAL ETF,TPIF,https://www.nyse.com/quote/ARCX:TPIF
ARCX,TPLC,TIMOTHY PLAN TIMOTHY PLAN US LARGE MID CAP CORE ETF,TPLC,https://www.nyse.com/quote/ARCX:TPLC
XNMS,TPLS,THORNBURG CORE PLUS BOND ETF,TPLS,https://www.nyse.com/quote/XNMS:TPLS
BATS,TPLX,CORGI TPL 2X DAILY ETF,TPLX,https://www.nyse.com/quote/BATS:TPLX
ARCX,TPOR,DIREXION DAILY TRANSPORTATION BULL 3X ETF,TPOR,https://www.nyse.com/quote/ARCX:TPOR
ARCX,TPRY,VISTASHARES TARGET 15 TEPRTANTRUM CONTRARIAN DISTRIBUTION ETF,TPRY,https://www.nyse.com/quote/ARCX:TPRY
ARCX,TPSC,TIMOTHY PLAN TIMOTHY PLAN US SMALL CAP CORE ETF,TPSC,https://www.nyse.com/quote/ARCX:TPSC
ARCX,TPUT,T. ROWE PRICE CAPITAL APPRECIATION MARKET OPPORTUNITIES ETF,TPUT,https://www.nyse.com/quote/ARCX:TPUT
XNYS,TPYP,TORTOISE NORTH AMERICAN PIPELINE ETF,TPYP,https://www.nyse.com/quote/XNYS:TPYP
XNYS,TPZ,TORTOISE ELECTRIFICATION INFRASTRUCTURE ETF,TPZ,https://www.nyse.com/quote/XNYS:TPZ
XNMS,TQQQ,PROSHARES TRUST ULTRAPRO QQQ USD,TQQQ,https://www.nyse.com/quote/XNMS:TQQQ
XNMS,TQQY,GRANITESHARES YIELDBOOST QQQ ETF,TQQY,https://www.nyse.com/quote/XNMS:TQQY
XNMS,TRBF,ANGEL OAK TOTAL RETURN ETF,TRBF,https://www.nyse.com/quote/XNMS:TRBF
ARCX,TRFK,PACER FDS TR DATA AND DIGITAL REVOLUTION ETF,TRFK,https://www.nyse.com/quote/ARCX:TRFK
ARCX,TRFM,ETF SERIES SOLUTIONS AAM TRANSFORMERS ETF,TRFM,https://www.nyse.com/quote/ARCX:TRFM
BATS,TRIO,MC TRIO EQUITY BUFFERED ETF,TRIO,https://www.nyse.com/quote/BATS:TRIO
ARCX,TRND,PACER FDS TR TRENDPILOT FUND OF FUNDS ETF,TRND,https://www.nyse.com/quote/ARCX:TRND
ARCX,TROT,INVESCO MSCI TREASURY DURATION ROTATION ETF,TROT,https://www.nyse.com/quote/ARCX:TROT
BATS,TRPA,HARTFORD AAA CLO ETF,TRPA,https://www.nyse.com/quote/BATS:TRPA
BATS,TRSY,XTRACKERS US 0-1 YEAR TREASURY ETF,TRSY,https://www.nyse.com/quote/BATS:TRSY
BATS,TRTY,CAMBRIA ETF TRUST TRINITY ETF USD,TRTY,https://www.nyse.com/quote/BATS:TRTY
XNMS,TRUC,VANECK COMMUNICATION SERVICES TRUSECTOR ETF,TRUC,https://www.nyse.com/quote/XNMS:TRUC
XNMS,TRUD,VANECK CONSUMER DISCRETIONARY TRUSECTOR ETF,TRUD,https://www.nyse.com/quote/XNMS:TRUD
XNMS,TRUF,VANECK ETF TR FINANCIALS TRUSECTOR ETF,TRUF,https://www.nyse.com/quote/XNMS:TRUF
XNMS,TRUH,VANECK FUNDS HEALTHCARE TRUSECTOR ETF,TRUH,https://www.nyse.com/quote/XNMS:TRUH
XNMS,TRUI,VANECK INDUSTRIALS TRUSECTOR ETF,TRUI,https://www.nyse.com/quote/XNMS:TRUI
XNMS,TRUM,VANECK MATERIALS TRUSECTOR ETF,TRUM,https://www.nyse.com/quote/XNMS:TRUM
XNMS,TRUN,VANECK ENERGY TRUSECTOR ETF,TRUN,https://www.nyse.com/quote/XNMS:TRUN
XNMS,TRUO,VANECK CONSUMER STAPLES TRUSECTOR ETF,TRUO,https://www.nyse.com/quote/XNMS:TRUO
XNMS,TRUR,VANECK REAL ESTATE TRUSECTOR ETF,TRUR,https://www.nyse.com/quote/XNMS:TRUR
XNMS,TRUT,VANECK TECHNOLOGY TRUSECTOR ETF,TRUT,https://www.nyse.com/quote/XNMS:TRUT
XNMS,TRUU,VANECK UTILITIES TRUSECTOR ETF,TRUU,https://www.nyse.com/quote/XNMS:TRUU
XNMS,TSCM,TIMESSQUARE QUALITY MID CAP GROWTH ETF,TSCM,https://www.nyse.com/quote/XNMS:TSCM
ARCX,TSCV,THRIVENT SMALL CAP VALUE ETF,TSCV,https://www.nyse.com/quote/ARCX:TSCV
XNMS,TSDD,GRANITESHARES ETF TRUST GRANITESHARES 2X SHORT TSLA DAILY ETF,TSDD,https://www.nyse.com/quote/XNMS:TSDD
ARCX,TSEC,TOUCHSTONE ETF TRUST SECURITIZED INCOME ETF,TSEC,https://www.nyse.com/quote/ARCX:TSEC
BATS,TSEG,LEVERAGE SHARES 2X LONG TSEM DAILY ETF,TSEG,https://www.nyse.com/quote/BATS:TSEG
XNMS,TSEL,TOUCHSTONE SANDS CAPITAL US SELECT GROWTH ETF,TSEL,https://www.nyse.com/quote/XNMS:TSEL
BATS,TSEP,FT VEST EMERGING MARKET BUFFER ETF - SEPTEMBER,TSEP,https://www.nyse.com/quote/BATS:TSEP
ARCX,TSES,TRUTH SOCIAL AMERICAN ENERGY SECURITY ETF,TSES,https://www.nyse.com/quote/ARCX:TSES
BATS,TSEU,TRADR 2X LONG TSEM DAILY ETF,TSEU,https://www.nyse.com/quote/BATS:TSEU
ARCX,TSIC,TRUTH SOCIAL AMERICAN ICONS ETF,TSIC,https://www.nyse.com/quote/ARCX:TSIC
BATS,TSII,REX TSLA GROWTH & INCOME ETF,TSII,https://www.nyse.com/quote/BATS:TSII
XNMS,TSL,GRANITESHARES ETF TRUST 1.25X LONG TESLA DAILY ETF,TSL,https://www.nyse.com/quote/XNMS:TSL
XNMS,TSLG,THEMES ETF TRUST LEVERAGE SHARES 2X LONG TSLA DAILY ETF,TSLG,https://www.nyse.com/quote/XNMS:TSLG
ARCX,TSLI,PROSHARES ULTRA TSLA,TSLI,https://www.nyse.com/quote/ARCX:TSLI
XNMS,TSLL,DIREXION DAILY TSLA BULL 2X ETF,TSLL,https://www.nyse.com/quote/XNMS:TSLL
BATS,TSLP,KURV YIELD PREMIUM STRATEGY TESLA (TSLA) ETF,TSLP,https://www.nyse.com/quote/BATS:TSLP
XNMS,TSLQ,INVESTMENT MANAGERS SERIES TRUST II TRADR 2X SHORT TSLA DAILY ETF,TSLQ,https://www.nyse.com/quote/XNMS:TSLQ
XNMS,TSLR,GRANITESHARES ETF TRUST 2X LONG TSLA DAILY ETF,TSLR,https://www.nyse.com/quote/XNMS:TSLR
XNMS,TSLS,DIREXION DAILY TSLA BEAR 1X ETF,TSLS,https://www.nyse.com/quote/XNMS:TSLS
BATS,TSLT,ETF OPPORTUNITIES TR T-REX 2X LONG TESLA DAILY TARGET ETF,TSLT,https://www.nyse.com/quote/BATS:TSLT
BATS,TSLW,ROUNDHILL TSLA WEEKLYPAY ETF,TSLW,https://www.nyse.com/quote/BATS:TSLW
ARCX,TSLY,TIDAL TRUST II YIELDMAX TSLA OPTION INCOME STRATEGY ETF,TSLY,https://www.nyse.com/quote/ARCX:TSLY
BATS,TSLZ,T-REX 2X INVERSE TESLA DAILY TARGET ETF,TSLZ,https://www.nyse.com/quote/BATS:TSLZ
ARCX,TSME,THRIVENT ETF TRUST SMALL MID CAP EQUITY ETF,TSME,https://www.nyse.com/quote/ARCX:TSME
XNMS,TSMG,LEVERAGE SHARES 2X LONG TSM DAILY ETF,TSMG,https://www.nyse.com/quote/XNMS:TSMG
XNMS,TSMU,GRANITESHARES 2X LONG TSM DAILY ETF,TSMU,https://www.nyse.com/quote/XNMS:TSMU
XNMS,TSMX,DIREXION DAILY TSM BULL 2X ETF,TSMX,https://www.nyse.com/quote/XNMS:TSMX
ARCX,TSMY,YIELDMAX TSM OPTION INCOME STRATEGY ETF,TSMY,https://www.nyse.com/quote/ARCX:TSMY
XNMS,TSMZ,DIREXION DAILY TSM BEAR 1X ETF,TSMZ,https://www.nyse.com/quote/XNMS:TSMZ
ARCX,TSNF,TRUTH SOCIAL AMERICAN NEXT FRONTIERS ETF,TSNF,https://www.nyse.com/quote/ARCX:TSNF
BATS,TSOL,21SHARES SOLANA ETF,TSOL,https://www.nyse.com/quote/BATS:TSOL
ARCX,TSPA,T ROWE PRICE EXCHANGE TRD FDS INC US EQUITY RESEARCH ETF,TSPA,https://www.nyse.com/quote/ARCX:TSPA
BATS,TSPX,TWIN OAK ACTIVE OPPORTUNITIES ETF,TSPX,https://www.nyse.com/quote/BATS:TSPX
XNMS,TSPY,TAPPALPHA S&P 500 GROWTH & DAILY INCOME ETF,TSPY,https://www.nyse.com/quote/XNMS:TSPY
ARCX,TSRS,TRUTH SOCIAL AMERICAN RED STATE REITS ETF,TSRS,https://www.nyse.com/quote/ARCX:TSRS
ARCX,TSSD,TRUTH SOCIAL AMERICAN SECURITY AND DEFENSE ETF,TSSD,https://www.nyse.com/quote/ARCX:TSSD
XNMS,TSUI,21SHARES SUI ETF,TSUI,https://www.nyse.com/quote/XNMS:TSUI
ARCX,TSXD,DIREXION DAILY SEMICONDUCTORS TOP 5 BEAR 2X ETF,TSXD,https://www.nyse.com/quote/ARCX:TSXD
ARCX,TSXU,DIREXION DAILY SEMICONDUCTORS TOP 5 BULL 2X ETF,TSXU,https://www.nyse.com/quote/ARCX:TSXU
BATS,TSYW,ROUNDHILL TREASURY BOND WEEKLYPAY ETF,TSYW,https://www.nyse.com/quote/BATS:TSYW
XNMS,TSYX,TSPY LIFT ETF,TSYX,https://www.nyse.com/quote/XNMS:TSYX
XNMS,TSYY,GRANITESHARES YIELDBOOST TSLA ETF,TSYY,https://www.nyse.com/quote/XNMS:TSYY
BATS,TTDU,T-REX 2X LONG TTD DAILY TARGET ETF,TTDU,https://www.nyse.com/quote/BATS:TTDU
XNMS,TTEQ,T. ROWE PRICE TECHNOLOGY ETF,TTEQ,https://www.nyse.com/quote/XNMS:TTEQ
BATS,TTMX,TRADR 2X LONG TTMI DAILY ETF,TTMX,https://www.nyse.com/quote/BATS:TTMX
ARCX,TTOP,21SHARES FTSE CRYPTO 10 INDEX ETF,TTOP,https://www.nyse.com/quote/ARCX:TTOP
ARCX,TTT,PROSHARES TRUST PROSHARES ULTRAPRO SHRT 20+YR TREAS(P/S,TTT,https://www.nyse.com/quote/ARCX:TTT
ARCX,TTXD,DIREXION DAILY TECHNOLOGY TOP 5 BEAR 2X ETF,TTXD,https://www.nyse.com/quote/ARCX:TTXD
ARCX,TTXU,DIREXION DAILY TECHNOLOGY TOP 5 BULL 2X ETF,TTXU,https://www.nyse.com/quote/ARCX:TTXU
ARCX,TUA,SIMPLIFY EXCHANGE TRADED FUNDS SHORT TERM TREASURY FUTURES STRATEGY ETF,TUA,https://www.nyse.com/quote/ARCX:TUA
XNMS,TUG,LISTED FUND TRUST STF TACTICAL GROWTH ETF,TUG,https://www.nyse.com/quote/XNMS:TUG
XNMS,TUGN,LISTED FUND TRUST STF TACTICAL GROWTH & INCOME ETF,TUGN,https://www.nyse.com/quote/XNMS:TUGN
XNMS,TUR,ISHARES INC MSCI TURKEY ETF USD DIS,TUR,https://www.nyse.com/quote/XNMS:TUR
XNMS,TURF,T. ROWE PRICE NATURAL RESOURCE ETF,TURF,https://www.nyse.com/quote/XNMS:TURF
ARCX,TUSB,THRIVENT ULTRA SHORT BOND ETF,TUSB,https://www.nyse.com/quote/ARCX:TUSB
BATS,TUSI,TOUCHSTONE ETF TRUST ULTRA SHORT INCOME ETF,TUSI,https://www.nyse.com/quote/BATS:TUSI
ARCX,TVAL,T ROWE PRICE EXCHANGE TRD FDS INC VALUE ETF,TVAL,https://www.nyse.com/quote/ARCX:TVAL
ARCX,TWM,PROSHARES ULTRASHORT RUSSELL2000,TWM,https://www.nyse.com/quote/ARCX:TWM
BATS,TWOX,ISHARES LARGE CAP ACCELERATED OUTCOME ETF,TWOX,https://www.nyse.com/quote/BATS:TWOX
BATS,TWSC,CORGI TSM 2X DAILY ETF,TWSC,https://www.nyse.com/quote/BATS:TWSC
ARCX,TXBC,21SHARES FTSE CRYPTO 10 EX-BTC INDEX ETF,TXBC,https://www.nyse.com/quote/ARCX:TXBC
ARCX,TXNU,DIREXION DAILY TXN BULL 2X ETF,TXNU,https://www.nyse.com/quote/ARCX:TXNU
ARCX,TXS,TEXAS CAPITAL FUNDS TRUST TEXAS CAP TEX EQUITY INDEX ETF,TXS,https://www.nyse.com/quote/ARCX:TXS
XNMS,TXUE,THORNBURG INTERNATIONAL EQUITY ETF,TXUE,https://www.nyse.com/quote/XNMS:TXUE
XNMS,TXUG,THORNBURG INTERNATIONAL GROWTH FUND ETF,TXUG,https://www.nyse.com/quote/XNMS:TXUG
XNMS,TXXD,21SHARES 2X LONG DOGECOIN ETF,TXXD,https://www.nyse.com/quote/XNMS:TXXD
XNMS,TXXH,21SHARES 2X LONG HYPE ETF,TXXH,https://www.nyse.com/quote/XNMS:TXXH
ARCX,TXXI,BONDBLOXX IR+M TAX-AWARE INTERMEDIATE DURATION ETF,TXXI,https://www.nyse.com/quote/ARCX:TXXI
XNMS,TXXS,21SHARES 2X LONG SUI ETF,TXXS,https://www.nyse.com/quote/XNMS:TXXS
BATS,TYA,SIMPLIFY EXCHANGE TRADED FUNDS INTERMEDIATE TRM TREASRY FUTUR STRG ETF,TYA,https://www.nyse.com/quote/BATS:TYA
ARCX,TYD,DIREXION DAILY 7-10 YEAR TREASURY BULL 3X ETF,TYD,https://www.nyse.com/quote/ARCX:TYD
BATS,TYLD,CAMBRIA ETF TRUST TACTICAL YIELD ETF,TYLD,https://www.nyse.com/quote/BATS:TYLD
ARCX,TYLG,GLOBAL X FDS INFORMATION TECHNOLOGY COVERED CALL&GRWT,TYLG,https://www.nyse.com/quote/ARCX:TYLG
ARCX,TYO,DIREXION DAILY 7-10 YEAR TREASURY BEAR 3X ETF,TYO,https://www.nyse.com/quote/ARCX:TYO
ARCX,TYYY,XETFS TSLA DAILY INCOME ETF,TYYY,https://www.nyse.com/quote/ARCX:TYYY
ARCX,TZA,DIREXION DAILY SMALL CAP BEAR 3X ETF,TZA,https://www.nyse.com/quote/ARCX:TZA
XNMS,UAE,ISHARES TRUST MSCI UAE ETF,UAE,https://www.nyse.com/quote/XNMS:UAE
BATS,UAPR,INNOVATOR ETFS TRUST INNOVATOR US EQUTY ULTRA BUFFER ETF APRI,UAPR,https://www.nyse.com/quote/BATS:UAPR
BATS,UAUG,INNOVATOR ETFS TRUST INNOVATOR US EQUTY ULTRA BUFFER ETF AUGU,UAUG,https://www.nyse.com/quote/BATS:UAUG
BATS,UBEW,ROUNDHILL UBER WEEKLYPAY ETF,UBEW,https://www.nyse.com/quote/BATS:UBEW
XNMS,UBND,VICTORYSHARES CORE PLUS BOND ETF,UBND,https://www.nyse.com/quote/XNMS:UBND
ARCX,UBOT,"DIREXION DAILY ROBOTICS, ARTIFICIAL INTELLIGENCE & AUTOMATION INDEX BULL 2X ETF",UBOT,https://www.nyse.com/quote/ARCX:UBOT
ARCX,UBR,PROSHARES TRUST ULTRA MSCI BRAZIL CAPD (POST REV SPLIT),UBR,https://www.nyse.com/quote/ARCX:UBR
XNMS,UBRL,GRANITESHARES 2X LONG UBER DAILY ETF,UBRL,https://www.nyse.com/quote/XNMS:UBRL
ARCX,UBT,PROSHARES TRUST PROSHARES ULTRA 20+YR TREASURY,UBT,https://www.nyse.com/quote/ARCX:UBT
ARCX,UCC,PROSHARES TRUST ULTRA CONSUMER DISCRETIONARY,UCC,https://www.nyse.com/quote/ARCX:UCC
ARCX,UCO,PROSHARES TRUST II ULTA BLOMBERG CRUD OIL(POST REV SPLT),UCO,https://www.nyse.com/quote/ARCX:UCO
ARCX,UCON,FIRST TRUST SMITH UNCONSTRAINED BOND ETF,UCON,https://www.nyse.com/quote/ARCX:UCON
ARCX,UCOP,PROSHARES ULTRA COPPER K-1 FREE ETF,UCOP,https://www.nyse.com/quote/ARCX:UCOP
XNMS,UCRD,VICTORY PORTFOLIOS II SHARES CORPORATE BOND ETF,UCRD,https://www.nyse.com/quote/XNMS:UCRD
BATS,UCTX,CORGI UCTT 2X DAILY ETF,UCTX,https://www.nyse.com/quote/BATS:UCTX
XNMS,UCYB,PROSHARES TRUST ULTRA NASDAQ CYBERSECURITY USD,UCYB,https://www.nyse.com/quote/XNMS:UCYB
BATS,UDEC,INNOVATOR ETFS TRUST INNOVATOR US EQUTY ULTRA BUFFER ETF DECE,UDEC,https://www.nyse.com/quote/BATS:UDEC
ARCX,UDI,USCF ETF TRUST DIVIDEND INCOME FUND,UDI,https://www.nyse.com/quote/ARCX:UDI
ARCX,UDIV,FRANKLIN TEMPLETON ETF TR US CORE DIVIDEND TILT INDEX ETF,UDIV,https://www.nyse.com/quote/ARCX:UDIV
ARCX,UDN,INVESCO DB US DLR INDEX TR BEARISH FD ETF,UDN,https://www.nyse.com/quote/ARCX:UDN
ARCX,UDOW,PROSHARES TRUST ULTRAPRO DOW30,UDOW,https://www.nyse.com/quote/ARCX:UDOW
XNMS,UECG,LEVERAGE SHARES 2X LONG UEC DAILY ETF,UECG,https://www.nyse.com/quote/XNMS:UECG
XNMS,UEVM,VICTORY PORTFOLIOS II SHARES EMERGING MKTS VALUE MOMENTUM ETF,UEVM,https://www.nyse.com/quote/XNMS:UEVM
BATS,UFEB,INNOVATOR ETFS TRUST INNOVATOR US EQITY ULTRA BUFFER ETF FEBR,UFEB,https://www.nyse.com/quote/BATS:UFEB
XNMS,UFIV,RBB FUND INC US TREASURY 5 YEAR NOTE ETF,UFIV,https://www.nyse.com/quote/XNMS:UFIV
XNMS,UFO,PROCURE ETF TRUST II PROCURE SPACE ETF,UFO,https://www.nyse.com/quote/XNMS:UFO
BATS,UFOD,ETF OPPORTUNITIES TR TUTTLE CAP UFO DISCLOSURE ETF,UFOD,https://www.nyse.com/quote/BATS:UFOD
XNMS,UFOX,DEFIANCE SPACE AND CONNECTIVE TECH ETF,UFOX,https://www.nyse.com/quote/XNMS:UFOX
ARCX,UGA,UNITED STATES GASOLINE FUND LP PARTNERSHIP UNITS,UGA,https://www.nyse.com/quote/ARCX:UGA
ARCX,UGE,PROSHARES TRUST ULTRA CONSUMER STAPLES,UGE,https://www.nyse.com/quote/ARCX:UGE
ARCX,UGL,PROSHARES TRUST II PROSHARES ULTRA GOLD,UGL,https://www.nyse.com/quote/ARCX:UGL
ARCX,UGLD,DIREXION DAILY GOLD BULL 2X ETF,UGLD,https://www.nyse.com/quote/ARCX:UGLD
XNMS,UITB,VICTORY PORTFOLIOS II SHARES CORE INTERMEDIATE BOND ETF,UITB,https://www.nyse.com/quote/XNMS:UITB
XNMS,UIVM,VICTORY PORTFOLIOS II SHARES INTL VALUE MOMENTUM ETF,UIVM,https://www.nyse.com/quote/XNMS:UIVM
BATS,UJAN,INNOVATOR ETFS TRUST INNOVATOR US EQUTY ULTRA BUFFER ETF JANU,UJAN,https://www.nyse.com/quote/BATS:UJAN
ARCX,UJB,PROSHARES TRUST ULTRA HIGH YIELD,UJB,https://www.nyse.com/quote/ARCX:UJB
BATS,UJUL,INNOVATOR ETFS TRUST INNOVATOR US EQIY ULTRA BUFFER ETF JULY,UJUL,https://www.nyse.com/quote/BATS:UJUL
BATS,UJUN,INNOVATOR ETFS TRUST INNOVATOR US EQUTY ULTRA BUFFER ETF JUNE,UJUN,https://www.nyse.com/quote/BATS:UJUN
ARCX,ULE,PROSHARES TRUST II PROSHARES ULTRA EURO,ULE,https://www.nyse.com/quote/ARCX:ULE
ARCX,ULST,STATE STREET ULTRA SHORT TERM BOND ETF,ULST,https://www.nyse.com/quote/ARCX:ULST
XNMS,ULTI,REX INCOMEMAX OPTION STRATEGY ETF,ULTI,https://www.nyse.com/quote/XNMS:ULTI
ARCX,ULTY,TIDAL TRUST II YIELDMAX ULTRA OPTION INCM STRATEGY ETF,ULTY,https://www.nyse.com/quote/ARCX:ULTY
XNMS,ULVM,VICTORY PORTFOLIOS II SHARES US VALUE MOMENTUM ETF,ULVM,https://www.nyse.com/quote/XNMS:ULVM
BATS,UMAL,DEFIANCE DAILY TARGET 2X LONG UMAC ETF,UMAL,https://www.nyse.com/quote/BATS:UMAL
BATS,UMAR,INNOVATOR ETFS TRUST INNOVATOR US EQUTY ULTRA BUFFER ETF MARC,UMAR,https://www.nyse.com/quote/BATS:UMAR
BATS,UMAY,INNOVATOR ETFS TRUST INNOVATOR US EQUTY ULTRA BUFFER ETF MAY,UMAY,https://www.nyse.com/quote/BATS:UMAY
BATS,UMCX,CORGI UMC 2X DAILY ETF,UMCX,https://www.nyse.com/quote/BATS:UMCX
ARCX,UMDD,PROSHARES TRUST ULTRAPRO MIDCAP400,UMDD,https://www.nyse.com/quote/ARCX:UMDD
ARCX,UMI,USCF ETF TRUST USCF MIDSTREAM ENERGY INCOME FD,UMI,https://www.nyse.com/quote/ARCX:UMI
XNMS,UMMA,LISTED FUND TRUST WAHED DOW JONES ISLAMIC WORLD ETF,UMMA,https://www.nyse.com/quote/XNMS:UMMA
BATS,UN,CORGI UNH 2X DAILY ETF,UN,https://www.nyse.com/quote/BATS:UN
ARCX,UNG,UNITED STATES NATURAL GAS FUND LP UNIT USD0.001 (POST REV SPLIT),UNG,https://www.nyse.com/quote/ARCX:UNG
XNMS,UNHG,LEVERAGE SHARES 2X LONG UNH DAILY ETF,UNHG,https://www.nyse.com/quote/XNMS:UNHG
ARCX,UNHU,DIREXION DAILY UNH BULL 2X ETF,UNHU,https://www.nyse.com/quote/ARCX:UNHU
BATS,UNHW,ROUNDHILL UNH WEEKLYPAY ETF,UNHW,https://www.nyse.com/quote/BATS:UNHW
XNMS,UNIY,WISDOMTREE TRUST VOYA YIELD ENHNCD USD UNIVERSAL BD FD,UNIY,https://www.nyse.com/quote/XNMS:UNIY
ARCX,UNL,UNITED STS 12 MNTH NATURL GAS FD LP UNIT BEN INT,UNL,https://www.nyse.com/quote/ARCX:UNL
BATS,UNOV,INNOVATOR ETFS TRUST INNOVATOR US EQUTY ULTRA BUFFER ETF NOVE,UNOV,https://www.nyse.com/quote/BATS:UNOV
BATS,UNX,TRADR 2X LONG U DAILY ETF,UNX,https://www.nyse.com/quote/BATS:UNX
BATS,UOCT,INNOVATOR ETFS TRUST INNOVATOR US EQUTY ULTRA BUFFER ETF OCTO,UOCT,https://www.nyse.com/quote/BATS:UOCT
ARCX,UPAL,PROSHARES ULTRA PALLADIUM K-1 FREE ETF,UPAL,https://www.nyse.com/quote/ARCX:UPAL
ARCX,UPAR,TIDAL ETF TRUST UPAR ULTRA RISK PARITY ETF,UPAR,https://www.nyse.com/quote/ARCX:UPAR
ARCX,UPGD,INVESCO EXCHANGE TRADED FD TR BLOOMBERG ANALYST RATING IMPROVERS ETF,UPGD,https://www.nyse.com/quote/ARCX:UPGD
XNMS,UPGR,DBX ETF TRUST XTRACKERS US GREEN INFRA SELECT EQT ETF,UPGR,https://www.nyse.com/quote/XNMS:UPGR
ARCX,UPLT,PROSHARES ULTRA PLATINUM K-1 FREE ETF,UPLT,https://www.nyse.com/quote/ARCX:UPLT
ARCX,UPRO,PROSHARES TRUST PROSHARES ULTRAPRO S&P500,UPRO,https://www.nyse.com/quote/ARCX:UPRO
BATS,UPSC,CORGI UPST 2X DAILY ETF,UPSC,https://www.nyse.com/quote/BATS:UPSC
BATS,UPSD,APTUS LARGE CAP UPSIDE ETF,UPSD,https://www.nyse.com/quote/BATS:UPSD
XNMS,UPSG,LEVERAGE SHARES 2X LONG UPS DAILY ETF,UPSG,https://www.nyse.com/quote/XNMS:UPSG
BATS,UPSX,TRADR 2X LONG UPST DAILY ETF,UPSX,https://www.nyse.com/quote/BATS:UPSX
ARCX,UPV,PROSHARES TRUST ULTRA FTSE EUROPE,UPV,https://www.nyse.com/quote/ARCX:UPV
ARCX,UPW,PROSHARES TRUST PSHS ULTRA UTIL,UPW,https://www.nyse.com/quote/ARCX:UPW
ARCX,URA,GLOBAL X FDS URANIUM ETF USD,URA,https://www.nyse.com/quote/ARCX:URA
ARCX,URAA,DIREXION DAILY URANIUM INDUSTRY BULL 2X ETF,URAA,https://www.nyse.com/quote/ARCX:URAA
BATS,URAN,THEMES URANIUM & NUCLEAR ETF,URAN,https://www.nyse.com/quote/BATS:URAN
ARCX,URE,PROSHARES TRUST ULTRA REAL ESTATE NEW,URE,https://www.nyse.com/quote/ARCX:URE
XNMS,URNJ,SPROTT FDS TR JUNIOR URANIUM MINERS ETF,URNJ,https://www.nyse.com/quote/XNMS:URNJ
ARCX,URNM,SPROTT FDS TR URANIUM MINERS ETF,URNM,https://www.nyse.com/quote/ARCX:URNM
ARCX,URSP,PROSHARES ULTRA S&P 500 EQUAL WEIGHT,URSP,https://www.nyse.com/quote/ARCX:URSP
ARCX,URTH,ISHARES INC MSCI WORLD ETF,URTH,https://www.nyse.com/quote/ARCX:URTH
ARCX,URTY,PROSHARES TRUST ULTRAPRO RUSSELL2000,URTY,https://www.nyse.com/quote/ARCX:URTY
XNMS,USAF,ATLAS AMERICA FUND,USAF,https://www.nyse.com/quote/XNMS:USAF
ARCX,USAI,PACER AMERICAN ENERGY INFRASTRUCTURE ETF,USAI,https://www.nyse.com/quote/ARCX:USAI
BATS,USAX,TRADR 2X LONG USAR DAILY ETF,USAX,https://www.nyse.com/quote/BATS:USAX
ARCX,USCA,DBX ETF TRUST XTRACKERS MSCI USA CLIMATE ACTION EQUITY,USCA,https://www.nyse.com/quote/ARCX:USCA
ARCX,USCI,UNITED STS COMMODITY INDEX FD COMMODITY INDEX FD,USCI,https://www.nyse.com/quote/ARCX:USCI
XNMS,USCL,ISHARES TRUST CLIMATE CONSCIOUS & TRANSITION MSCI USA,USCL,https://www.nyse.com/quote/XNMS:USCL
ARCX,USD,PROSHARES TRUST PROSHARES ULTRA SEMICONDUCTORS,USD,https://www.nyse.com/quote/ARCX:USD
ARCX,USDU,WISDOMTREE TRUST BLOOMBERG U S DOLLAR BULLISH FD,USDU,https://www.nyse.com/quote/ARCX:USDU
XNMS,USDX,RBB FUND INC SGI ENHANCED CORE ETF,USDX,https://www.nyse.com/quote/XNMS:USDX
ARCX,USE,USCF ETF TRUST ENERGY COMMODITY STRTGEY ABSOLUTE RETURN,USE,https://www.nyse.com/quote/ARCX:USE
BATS,USEP,INNOVATOR ETFS TRUST INNOVATOR US EQUTY ULTRA BUFFER ETF SEPT,USEP,https://www.nyse.com/quote/BATS:USEP
BATS,USEW,CAMBRIA US EW ETF,USEW,https://www.nyse.com/quote/BATS:USEW
ARCX,USFE,FIRST EAGLE US EQUITY ETF,USFE,https://www.nyse.com/quote/ARCX:USFE
XNMS,USFI,FRANKLIN TEMPLETON ETF TR BRANDYWINEGLOBAL US FIXED INCOME ETF,USFI,https://www.nyse.com/quote/XNMS:USFI
ARCX,USFR,WISDOMTREE TRUST FLOATING RATE TREASURY FUND(PST REV SPT),USFR,https://www.nyse.com/quote/ARCX:USFR
ARCX,USG,USCF ETF TRUST GOLD STRATEGY PLUS INCOME ETF,USG,https://www.nyse.com/quote/ARCX:USG
XNMS,USGG,LEVERAGE SHARES 2X LONG USAR DAILY ETF,USGG,https://www.nyse.com/quote/XNMS:USGG
BATS,USHY,ISHARES TRUST BROAD USD HIGH YIELD CORPORATE BD ETF,USHY,https://www.nyse.com/quote/BATS:USHY
XNMS,USIG,ISHARES TRUST BROAD USD INVESTMENT GRADE CORP BD ETF,USIG,https://www.nyse.com/quote/XNMS:USIG
XNMS,USIN,WISDOMTREE TRUST 7-10 YR LADDERED TREAS FD,USIN,https://www.nyse.com/quote/XNMS:USIN
ARCX,USL,UNITED STS 12 MONTH OIL FD LP UNIT BEN INT,USL,https://www.nyse.com/quote/ARCX:USL
BATS,USLN,ISHARES BROAD USD FLOATING RATE LOAN ETF,USLN,https://www.nyse.com/quote/BATS:USLN
ARCX,USLV,DIREXION DAILY SILVER BULL 2X ETF,USLV,https://www.nyse.com/quote/ARCX:USLV
XNMS,USMC,PRINCIPAL EXCHANGE-TRADED FDS U.S. MEGA-CAP ETF,USMC,https://www.nyse.com/quote/XNMS:USMC
ARCX,USMD,COREVALUES AMERICA FIRST TECHNOLOGY ETF,USMD,https://www.nyse.com/quote/ARCX:USMD
BATS,USMF,WISDOMTREE TRUST US MULTIFACTOR USD,USMF,https://www.nyse.com/quote/BATS:USMF
BATS,USMV,ISHARES TRUST MSCI USA MIN VOL FACTOR ETF,USMV,https://www.nyse.com/quote/BATS:USMV
ARCX,USNG,AMPLIFY SAMSUNG U.S. NATURAL GAS INFRASTRUCTURE ETF,USNG,https://www.nyse.com/quote/ARCX:USNG
ARCX,USNZ,DBX ETF TRUST XTRACKERS NET ZERO PATHWAY PARIS ALIGNED,USNZ,https://www.nyse.com/quote/ARCX:USNZ
ARCX,USO,UNITED STATES OIL FUND LP UNITS(POST REV SPLIT),USO,https://www.nyse.com/quote/ARCX:USO
XNMS,USOY,DEFIANCE OIL ENHANCED OPTIONS INCOME ETF,USOY,https://www.nyse.com/quote/XNMS:USOY
ARCX,USPX,FRANKLIN TEMPLETON ETF TR US EQUITY INDEX ETF,USPX,https://www.nyse.com/quote/ARCX:USPX
XNMS,USRD,THEMES ETF TRUST US R&D CHAMPIONS ETF,USRD,https://www.nyse.com/quote/XNMS:USRD
ARCX,USRT,ISHARES TRUST CORE US REIT ETF,USRT,https://www.nyse.com/quote/ARCX:USRT
ARCX,USSE,SEGALL BRYANT & HAMILL TRUST SELECT EQUITY ETF,USSE,https://www.nyse.com/quote/ARCX:USSE
ARCX,USSG,XTRACKERS MSCI USA SELECTION EQUITY ETF,USSG,https://www.nyse.com/quote/ARCX:USSG
XNMS,USSH,WISDOMTREE TRUST 1-3 YR LADDERED TREAS FD,USSH,https://www.nyse.com/quote/XNMS:USSH
ARCX,UST,PROSHARES TRUST PROSHARES ULTRA 7-10 YR TREASURY,UST,https://www.nyse.com/quote/ARCX:UST
XNMS,USTB,VICTORY PORTFOLIOS II SHARES SHORT-TERM BOND ETF,USTB,https://www.nyse.com/quote/XNMS:USTB
XNMS,USVM,VICTORY PORTFOLIOS II SHARES USAA MSCI USA SMALL CAP VALUE MOM,USVM,https://www.nyse.com/quote/XNMS:USVM
XNMS,USVN,RBB FUND INC US TREASURY 7 YEAR NOTE ETF,USVN,https://www.nyse.com/quote/XNMS:USVN
BATS,USX,CORGI TOTAL U.S. MARKET 2X DAILY ETF,USX,https://www.nyse.com/quote/BATS:USX
XNMS,USXF,ISHARES TRUST ESG ADVANCED MSCI USA ETF,USXF,https://www.nyse.com/quote/XNMS:USXF
XNMS,UTEN,RBB FUND INC US TREASURY 10 YEAR NOTE ETF,UTEN,https://www.nyse.com/quote/XNMS:UTEN
ARCX,UTES,ETFIS SERIES TRUST I VIRTUS REAVES UTILITIES ETF,UTES,https://www.nyse.com/quote/ARCX:UTES
XNYS,UTES,ETFIS SER TR I,UTES,https://www.nyse.com/quote/XNYS:UTES
XNMS,UTHY,RBB FUND INC US TREASURY 30 YEAR BOND ETF,UTHY,https://www.nyse.com/quote/XNMS:UTHY
XNMS,UTRE,RBB FUND INC US TREASURY 3 YEAR NOTE ETF,UTRE,https://www.nyse.com/quote/XNMS:UTRE
ARCX,UTSL,DIREXION DAILY UTILITIES BULL 3X ETF,UTSL,https://www.nyse.com/quote/ARCX:UTSL
XNMS,UTWO,RBB FUND INC US TREAS 2 YR NT ETF,UTWO,https://www.nyse.com/quote/XNMS:UTWO
XNMS,UTWY,RBB FUND INC US TREASURY 20 YEAR BOND ETF,UTWY,https://www.nyse.com/quote/XNMS:UTWY
ARCX,UUP,INVESCO DB US DLR INDEX TR BULLISH FD ETF,UUP,https://www.nyse.com/quote/ARCX:UUP
BATS,UUPP,PRINCIPAL CLO ETF,UUPP,https://www.nyse.com/quote/BATS:UUPP
BATS,UUUC,CORGI UUUU 2X DAILY ETF,UUUC,https://www.nyse.com/quote/BATS:UUUC
XNMS,UUUG,LEVERAGE SHARES 2X LONG UUUU DAILY ETF,UUUG,https://www.nyse.com/quote/XNMS:UUUG
BATS,UVIX,2X LONG VIX FUTURES ETF,UVIX,https://www.nyse.com/quote/BATS:UVIX
BATS,UVXY,PROSHARES ULTRA VIX SHORT-TERM FUTURES ETF,UVXY,https://www.nyse.com/quote/BATS:UVXY
ARCX,UWM,PROSHARES TRUST PSHS ULTRUSS2000,UWM,https://www.nyse.com/quote/ARCX:UWM
BATS,UX,ROUNDHILL URANIUM ETF,UX,https://www.nyse.com/quote/BATS:UX
BATS,UXAP,FT VEST U.S. EQUITY UNCAPPED ACCELERATOR ETF - APRIL,UXAP,https://www.nyse.com/quote/BATS:UXAP
ARCX,UXI,PROSHARES TRUST PSHS ULTRA INDL,UXI,https://www.nyse.com/quote/ARCX:UXI
BATS,UXJA,FT VEST U.S. EQUITY UNCAPPED ACCELERATOR ETF - JANUARY,UXJA,https://www.nyse.com/quote/BATS:UXJA
BATS,UXJL,FT VEST U.S. EQUITY UNCAPPED ACCELERATOR ETF - JULY,UXJL,https://www.nyse.com/quote/BATS:UXJL
BATS,UXOC,FT VEST U.S. EQUITY UNCAPPED ACCELERATOR ETF - OCTOBER,UXOC,https://www.nyse.com/quote/BATS:UXOC
ARCX,UXRP,PROSHARES ULTRA XRP ETF,UXRP,https://www.nyse.com/quote/ARCX:UXRP
ARCX,UYG,PROSHARES TRUST ULTRA FINANCIALS NEW,UYG,https://www.nyse.com/quote/ARCX:UYG
XNMS,UYLD,ANGEL OAK ULTRASHORT INCOME ETF,UYLD,https://www.nyse.com/quote/XNMS:UYLD
ARCX,UYM,PROSHARES TRUST ULTRA MATERIALS,UYM,https://www.nyse.com/quote/ARCX:UYM
ARCX,VABS,VIRTUS ETF TRUST II VIRTUS NEWFLEET ABS/MBS ETF,VABS,https://www.nyse.com/quote/ARCX:VABS
ARCX,VAIE,VEGASHARES US EQUITY AUTOCALLABLE INCOME ETF,VAIE,https://www.nyse.com/quote/ARCX:VAIE
XNMS,VALG,LEVERAGE SHARES 2X LONG VALE DAILY ETF,VALG,https://www.nyse.com/quote/XNMS:VALG
ARCX,VALQ,AMERICAN CENTURY ETF TRUST US QUALITY VALUE ETF,VALQ,https://www.nyse.com/quote/ARCX:VALQ
BATS,VAMO,CAMBRIA ETF TRUST VALUE & MOMENTUM ETF,VAMO,https://www.nyse.com/quote/BATS:VAMO
XNMS,VAVX,VANECK AVALANCHE ETF,VAVX,https://www.nyse.com/quote/XNMS:VAVX
ARCX,VAW,VANGUARD WORLD FUND VANGUARD MATERIALS ETF,VAW,https://www.nyse.com/quote/ARCX:VAW
ARCX,VB,VANGUARD INDEX FUNDS VANGUARD SMALL-CAP ETF,VB,https://www.nyse.com/quote/ARCX:VB
XNMS,VBCA,VANGUARD TARGET MATURITY 2027 CORPORATE BOND ETF,VBCA,https://www.nyse.com/quote/XNMS:VBCA
XNMS,VBCB,VANGUARD TARGET MATURITY 2028 CORPORATE BOND ETF,VBCB,https://www.nyse.com/quote/XNMS:VBCB
XNMS,VBCC,VANGUARD TARGET MATURITY 2029 CORPORATE BOND ETF,VBCC,https://www.nyse.com/quote/XNMS:VBCC
XNMS,VBCD,VANGUARD TARGET MATURITY 2030 CORPORATE BOND ETF,VBCD,https://www.nyse.com/quote/XNMS:VBCD
XNMS,VBCE,VANGUARD TARGET MATURITY 2031 CORPORATE BOND ETF,VBCE,https://www.nyse.com/quote/XNMS:VBCE
XNMS,VBCF,VANGUARD TARGET MATURITY 2032 CORPORATE BOND ETF,VBCF,https://www.nyse.com/quote/XNMS:VBCF
XNMS,VBCG,VANGUARD TARGET MATURITY 2033 CORPORATE BOND ETF,VBCG,https://www.nyse.com/quote/XNMS:VBCG
XNMS,VBCH,VANGUARD TARGET MATURITY 2034 CORPORATE BOND ETF,VBCH,https://www.nyse.com/quote/XNMS:VBCH
XNMS,VBCI,VANGUARD TARGET MATURITY 2035 CORPORATE BOND ETF,VBCI,https://www.nyse.com/quote/XNMS:VBCI
XNMS,VBCJ,VANGUARD TARGET MATURITY 2036 CORPORATE BOND ETF,VBCJ,https://www.nyse.com/quote/XNMS:VBCJ
XNMS,VBIL,VANGUARD 0-3 MONTH TREASURY BILL ETF,VBIL,https://www.nyse.com/quote/XNMS:VBIL
ARCX,VBK,VANGUARD INDEX FUNDS VANGUARD SMALL-CAP GROWTH ETF,VBK,https://www.nyse.com/quote/ARCX:VBK
XNMS,VBNB,VANECK BNB ETF,VBNB,https://www.nyse.com/quote/XNMS:VBNB
ARCX,VBND,ETF SERIES SOLUTIONS VIDENT US BOND STRATEGY ETF,VBND,https://www.nyse.com/quote/ARCX:VBND
ARCX,VBR,VANGUARD INDEX FUNDS VANGUARD SMALL-CAP VALUE ETF,VBR,https://www.nyse.com/quote/ARCX:VBR
BATS,VBX,CORGI U.S. SMALL-CAP 2X DAILY ETF,VBX,https://www.nyse.com/quote/BATS:VBX
BATS,VCEB,VANGUARD WORLD FUND ESG US CORPORATE BOND ETF,VCEB,https://www.nyse.com/quote/BATS:VCEB
BATS,VCHY,VANGUARD U.S. HIGH-YIELD CORPORATE BOND INDEX ETF,VCHY,https://www.nyse.com/quote/BATS:VCHY
XNMS,VCIT,VANGUARD SCOTTSDALE FUNDS VANGUARD INTER-TERM CORP BD ETF,VCIT,https://www.nyse.com/quote/XNMS:VCIT
ARCX,VCLN,VIRTUS ETF TRUST II VIRTUS DUFF & PHELPS CLEAN ENERGY ETF,VCLN,https://www.nyse.com/quote/ARCX:VCLN
XNMS,VCLT,VANGUARD SCOTTSDALE FUNDS LONG-TERM CORP BOND IDX FUND,VCLT,https://www.nyse.com/quote/XNMS:VCLT
ARCX,VCOB,VOYA CORE BOND ETF,VCOB,https://www.nyse.com/quote/ARCX:VCOB
ARCX,VCR,VANGUARD WORLD FUND VANGUARD CONSUMER DISCRETIONARY ETF,VCR,https://www.nyse.com/quote/ARCX:VCR
XNMS,VCRB,VANGUARD MALVERN FUNDS CORE BD ETF USD,VCRB,https://www.nyse.com/quote/XNMS:VCRB
BATS,VCRM,VANGUARD CORE TAX-EXEMPT BOND ETF,VCRM,https://www.nyse.com/quote/BATS:VCRM
XNMS,VCSH,VANGUARD SCOTTSDALE FUNDS VANGUARD SHORT-TERM CORP BD INDEX FD ETF,VCSH,https://www.nyse.com/quote/XNMS:VCSH
ARCX,VDC,VANGUARD WORLD FUND VANGUARD CONSUMER STAPLES ETF,VDC,https://www.nyse.com/quote/ARCX:VDC
ARCX,VDE,VANGUARD WORLD FUND VANGUARD ENERGY ETF,VDE,https://www.nyse.com/quote/ARCX:VDE
BATS,VDG,VANGUARD DEVELOPED MARKETS EX-US GROWTH INDEX ETF,VDG,https://www.nyse.com/quote/BATS:VDG
ARCX,VDI,VIRTUS INTERNATIONAL DIVIDEND ETF,VDI,https://www.nyse.com/quote/ARCX:VDI
BATS,VDIG,VANGUARD WELLINGTON DIVIDEND GROWTH ACTIVE ETF,VDIG,https://www.nyse.com/quote/BATS:VDIG
BATS,VDV,VANGUARD DEVELOPED MARKETS EX-US VALUE INDEX ETF,VDV,https://www.nyse.com/quote/BATS:VDV
ARCX,VEA,VANGUARD TAX MANAGED FUND FTSE DEVELOPED MKTS ETF,VEA,https://www.nyse.com/quote/ARCX:VEA
XNMS,VEFA,VANECK ETF TR MSCI EAFE ANALYST SENTIMENT ETF,VEFA,https://www.nyse.com/quote/XNMS:VEFA
ARCX,VEGA,ADVISORSHARES TRUST STAR GLOBAL BUY-WRITE ETF,VEGA,https://www.nyse.com/quote/ARCX:VEGA
ARCX,VEGI,ISHARES INC MSCI AGRICULTURE PRODUCERS ETF,VEGI,https://www.nyse.com/quote/ARCX:VEGI
BATS,VEGN,ETF SERIES SOLUTIONS US VEGAN CLIMATE ETF,VEGN,https://www.nyse.com/quote/BATS:VEGN
BATS,VELL,DEFIANCE DAILY TARGET 2X LONG VELO ETF,VELL,https://www.nyse.com/quote/BATS:VELL
ARCX,VEM,VIRTUS EMERGING MARKETS DIVIDEND ETF,VEM,https://www.nyse.com/quote/ARCX:VEM
ARCX,VEMY,VIRTUS ETF TRUST II STONE HARBOR EMERGING MARKETS HIGH YIELD,VEMY,https://www.nyse.com/quote/ARCX:VEMY
ARCX,VERS,PROSHARES TRUST METAVERSE ETF,VERS,https://www.nyse.com/quote/ARCX:VERS
ARCX,VETZ,ACADEMY VETERAN BOND ETF,VETZ,https://www.nyse.com/quote/ARCX:VETZ
ARCX,VEU,VANGUARD INTL EQUITY INDEX FUND INC FTSE ALL-WORLD EX-US ETF,VEU,https://www.nyse.com/quote/ARCX:VEU
ARCX,VEXC,VANGUARD EMERGING MARKETS EX-CHINA ETF,VEXC,https://www.nyse.com/quote/ARCX:VEXC
ARCX,VFH,VANGUARD WORLD FUND VANGUARD FINANCIALS ETF,VFH,https://www.nyse.com/quote/ARCX:VFH
XNMS,VFLO,VICTORY PORTFOLIOS II VICTORYSHARES FREE CASH FLOW ETF,VFLO,https://www.nyse.com/quote/XNMS:VFLO
BATS,VFMF,VANGUARD WELLINGTON FUND U S MULTIFACTOR ETF,VFMF,https://www.nyse.com/quote/BATS:VFMF
BATS,VFMO,VANGUARD WELLINGTON FUND U S MOMENTUM FACTOR ETF,VFMO,https://www.nyse.com/quote/BATS:VFMO
BATS,VFMV,VANGUARD WELLINGTON FUND U S MINIMUM VOLATILITY ETF,VFMV,https://www.nyse.com/quote/BATS:VFMV
BATS,VFQY,VANGUARD WELLINGTON FUND U S QUALITY FACTOR ETF,VFQY,https://www.nyse.com/quote/BATS:VFQY
BATS,VFVA,VANGUARD WELLINGTON FUND U S VALUE FACTOR ETF,VFVA,https://www.nyse.com/quote/BATS:VFVA
BATS,VGHY,VANGUARD HIGH-YIELD ACTIVE ETF,VGHY,https://www.nyse.com/quote/BATS:VGHY
XNMS,VGIT,VANGUARD SCOTTSDALE FUNDS INTERMEDIATE-TERM TREASURY ETF,VGIT,https://www.nyse.com/quote/XNMS:VGIT
ARCX,VGK,VANGUARD INTL EQUITY INDEX FUND INC FTSE EUROPE ETF,VGK,https://www.nyse.com/quote/ARCX:VGK
XNMS,VGLT,VANGUARD SCOTTSDALE FUNDS LONG-TERM TREASURY ETF,VGLT,https://www.nyse.com/quote/XNMS:VGLT
BATS,VGMS,VANGUARD MULTI-SECTOR INCOME BOND ETF,VGMS,https://www.nyse.com/quote/BATS:VGMS
ARCX,VGRO,VIRTUS SILVANT GROWTH OPPORTUNITIES ETF,VGRO,https://www.nyse.com/quote/ARCX:VGRO
XNMS,VGSH,VANGUARD SCOTTSDALE FUNDS SHORT-TERM TREASURY ETF,VGSH,https://www.nyse.com/quote/XNMS:VGSH
XNMS,VGSR,MANAGER DIRECTED PORTFOLIOS VERT GLOBAL SUSTAINABLE REAL ESTATE ETF,VGSR,https://www.nyse.com/quote/XNMS:VGSR
ARCX,VGT,VANGUARD WORLD FUND VANGUARD INFORMATION TECHNOLOGY ETF,VGT,https://www.nyse.com/quote/ARCX:VGT
XNMS,VGUS,VANGUARD INSTL INDEX FUND ULTRA-SHORT TREASURY ETF,VGUS,https://www.nyse.com/quote/XNMS:VGUS
ARCX,VGVT,VANGUARD GOVERNMENT SECURITIES ACTIVE ETF,VGVT,https://www.nyse.com/quote/ARCX:VGVT
ARCX,VHT,VANGUARD WORLD FUND VANGUARD HEALTH CARE ETF,VHT,https://www.nyse.com/quote/ARCX:VHT
BATS,VIAG,LEVERAGE SHARES 2X LONG VIAV DAILY ETF,VIAG,https://www.nyse.com/quote/BATS:VIAG
ARCX,VICE,ADVISORSHARES TRUST VICE ETF USD DIS,VICE,https://www.nyse.com/quote/ARCX:VICE
ARCX,VIDI,ETF SERIES SOLUTIONS VIDENT INTERNATIONAL EQUITY STRATEGY ETF,VIDI,https://www.nyse.com/quote/ARCX:VIDI
ARCX,VIG,VANGUARD SPECIALIZED FUNDS VANGUARD DIVIDEND APPRECIATION ETF,VIG,https://www.nyse.com/quote/ARCX:VIG
XNAS,VIGI,VANGUARD WHITEHALL,VIGI,https://www.nyse.com/quote/XNAS:VIGI
XNMS,VIGI,VANGUARD WHITEHALL FUNDS INTERNATIONAL DIVIDEND APPRECIATION,VIGI,https://www.nyse.com/quote/XNMS:VIGI
ARCX,VIOG,VANGUARD ADMIRAL FDS INC S&P SMCAP 600 GRWTH IDX FD ETF SHS,VIOG,https://www.nyse.com/quote/ARCX:VIOG
ARCX,VIOO,VANGUARD ADMIRAL FDS INC S&P SMALLCAP 600 INDEX FD ETF SHS,VIOO,https://www.nyse.com/quote/ARCX:VIOO
ARCX,VIOV,VANGUARD ADMIRAL FDS INC S&P SMCAP 600 VALUE IDX FD ETF SHS,VIOV,https://www.nyse.com/quote/ARCX:VIOV
ARCX,VIS,VANGUARD WORLD FUND VANGUARD INDUSTRIALS ETF,VIS,https://www.nyse.com/quote/ARCX:VIS
BATS,VIXM,PROSHARES TRUST II VIX MID-TERM FUTURES (POST REV SPLIT),VIXM,https://www.nyse.com/quote/BATS:VIXM
BATS,VIXY,PROSHARES VIX SHORT-TERM FUTURES ETF,VIXY,https://www.nyse.com/quote/BATS:VIXY
ARCX,VLLU,HARBOR ALPHAEDGE LARGE CAP VALUE ETF,VLLU,https://www.nyse.com/quote/ARCX:VLLU
ARCX,VLU,STATE STREET SPDR S&P 1500 VALUE TILT ETF,VLU,https://www.nyse.com/quote/ARCX:VLU
BATS,VLUE,ISHARES TRUST MSCI USA VALUE FACTOR ETF,VLUE,https://www.nyse.com/quote/BATS:VLUE
BATS,VMAX,LATTICE STRATEGIES TR HARTFORD US VALUE ETF,VMAX,https://www.nyse.com/quote/BATS:VMAX
XNMS,VMBS,VANGUARD SCOTTSDALE FUNDS VANGUARD MTG BACKED SECS ETF,VMBS,https://www.nyse.com/quote/XNMS:VMBS
ARCX,VMSB,VOYA MULTI SECTOR INCOME ETF,VMSB,https://www.nyse.com/quote/ARCX:VMSB
ARCX,VNAM,GLOBAL X FDS GLOBAL X MSCI VIETNAM ETF,VNAM,https://www.nyse.com/quote/ARCX:VNAM
ARCX,VNIE,VONTOBEL INTERNATIONAL EQUITY ACTIVE ETF,VNIE,https://www.nyse.com/quote/ARCX:VNIE
XNYS,VNLA,JANUS DETROIT STR,VNLA,https://www.nyse.com/quote/XNYS:VNLA
ARCX,VNLA,JANUS DETROIT STREET TRUST HENDERSON SHORT DURATION INCOME ETF,VNLA,https://www.nyse.com/quote/ARCX:VNLA
BATS,VNM,VANECK ETF TR VANECK VIETNAM ETF,VNM,https://www.nyse.com/quote/BATS:VNM
ARCX,VNQ,VANGUARD INDEX FUNDS REAL ESTATE ETF,VNQ,https://www.nyse.com/quote/ARCX:VNQ
XNMS,VNQI,VANGUARD INTL EQUITY INDEX FUND INC GLOBAL EX US REAL ESTATE IDX FD ETF SHS,VNQI,https://www.nyse.com/quote/XNMS:VNQI
ARCX,VNSE,NATIXIS ETF TR II VAUGHAN NELSON SELECT ETF,VNSE,https://www.nyse.com/quote/ARCX:VNSE
ARCX,VO,VANGUARD INDEX FUNDS VANGUARD MID-CAP ETF,VO,https://www.nyse.com/quote/ARCX:VO
ARCX,VOE,VANGUARD INDEX FUNDS VANGUARD MID-CAP VALUE ETF,VOE,https://www.nyse.com/quote/ARCX:VOE
XNMS,VOLT,TEMA ELECTRIFICATION ETF,VOLT,https://www.nyse.com/quote/XNMS:VOLT
XNMS,VONE,VANGUARD SCOTTSDALE FUNDS VANGUARD RUSSELL 1000 IDX FD ETF SHS,VONE,https://www.nyse.com/quote/XNMS:VONE
XNMS,VONG,VANGUARD SCOTTSDALE FUNDS VANGUARD RUSS1000 GROWTH IDX FD ETF,VONG,https://www.nyse.com/quote/XNMS:VONG
XNMS,VONV,VANGUARD SCOTTSDALE FUNDS VANGUARD RUSS1000 VALUE IDX FD ETF,VONV,https://www.nyse.com/quote/XNMS:VONV
ARCX,VOO,VANGUARD INDEX FUNDS S&P 500 ETF USD,VOO,https://www.nyse.com/quote/ARCX:VOO
ARCX,VOOG,VANGUARD ADMIRAL FDS INC S&P 500 GROWTH INDEX FD ETF SHS,VOOG,https://www.nyse.com/quote/ARCX:VOOG
ARCX,VOOV,VANGUARD ADMIRAL FDS INC S&P 500 VALUE INDEX FD ETF SHS,VOOV,https://www.nyse.com/quote/ARCX:VOOV
BATS,VOOX,CORGI U.S. LARGE-CAP 2X DAILY ETF,VOOX,https://www.nyse.com/quote/BATS:VOOX
ARCX,VOT,VANGUARD INDEX FUNDS VANGUARD MID-CAP GROWTH ETF,VOT,https://www.nyse.com/quote/ARCX:VOT
XNMS,VOTE,TCW TRANSFORM 500 ETF,VOTE,https://www.nyse.com/quote/XNMS:VOTE
ARCX,VOX,VANGUARD WORLD FUND VANGUARD COMMNCTN SERV ETF,VOX,https://www.nyse.com/quote/ARCX:VOX
BATS,VOXP,VOX POPULI ETF,VOXP,https://www.nyse.com/quote/BATS:VOXP
ARCX,VPC,ETFIS SERIES TRUST I VIRTUS PRIVATE CREDIT STRATEGY ETF,VPC,https://www.nyse.com/quote/ARCX:VPC
ARCX,VPL,VANGUARD INTL EQUITY INDEX FUND INC FTSE PACIFIC ETF,VPL,https://www.nyse.com/quote/ARCX:VPL
XNMS,VPLS,VANGUARD MALVERN FUNDS CORE PLUS BD ETF USD,VPLS,https://www.nyse.com/quote/XNMS:VPLS
ARCX,VPU,VANGUARD WORLD FUND VANGUARD UTILITIES ETF,VPU,https://www.nyse.com/quote/ARCX:VPU
ARCX,VPX,VARIANT PERCEPTION CYCLE AWARE US EQUITY ETF,VPX,https://www.nyse.com/quote/ARCX:VPX
ARCX,VRAI,ETFIS SERIES TRUST I VIRTUS REAL ASSET INCOME ETF,VRAI,https://www.nyse.com/quote/ARCX:VRAI
XNAS,VRIG,INVESCO ACTIVELY M,VRIG,https://www.nyse.com/quote/XNAS:VRIG
XNMS,VRIG,INVESCO ACTIVELY MANAGED ETF TRUST VAR RATE INVT GRADE ETF,VRIG,https://www.nyse.com/quote/XNMS:VRIG
ARCX,VRP,INVESCO EXCHANGE TRADED FD TR II VAR RATE PFD ETF,VRP,https://www.nyse.com/quote/ARCX:VRP
XNMS,VRTL,GRANITESHARES 2X LONG VRT DAILY ETF,VRTL,https://www.nyse.com/quote/XNMS:VRTL
XNMS,VSDA,VICTORY PORTFOLIOS II VICTORYSHARES DIVID ACCELERATOR ETF,VSDA,https://www.nyse.com/quote/XNMS:VSDA
BATS,VSDB,VANGUARD SHORT DURATION BOND ETF,VSDB,https://www.nyse.com/quote/BATS:VSDB
BATS,VSDM,VANGUARD SHORT DURATION TAX-EXEMPT BOND ETF,VSDM,https://www.nyse.com/quote/BATS:VSDM
BATS,VSGX,VANGUARD WORLD FUND ESG INTERNATIONAL STOCK ETF,VSGX,https://www.nyse.com/quote/BATS:VSGX
ARCX,VSHY,VIRTUS ETF TRUST II NEWFLEET SHORT DURATION HIGH YIELD BOND,VSHY,https://www.nyse.com/quote/ARCX:VSHY
ARCX,VSLU,ETF OPPORTUNITIES TR APPLIED FINANCE VALUATION LARGE CAP ETF,VSLU,https://www.nyse.com/quote/ARCX:VSLU
XNMS,VSMV,VICTORY PORTFOLIOS II VICTORYSHARES US MULTFCTR MIN VLTLTY ETF,VSMV,https://www.nyse.com/quote/XNMS:VSMV
XNMS,VSOL,VANECK SOLANA ETF,VSOL,https://www.nyse.com/quote/XNMS:VSOL
ARCX,VSS,VANGUARD INTL EQUITY INDEX FUND INC FTSE ALL-WORLD EX USA SMALL CAP ETF,VSS,https://www.nyse.com/quote/ARCX:VSS
XNMS,VSTL,DEFIANCE DAILY TARGET 2X LONG VST ETF,VSTL,https://www.nyse.com/quote/XNMS:VSTL
ARCX,VT,VANGUARD INTL EQUITY INDEX FUND INC TOTAL WORLD STK INDEX FUND ETF SHS,VT,https://www.nyse.com/quote/ARCX:VT
XNMS,VTC,VANGUARD SCOTTSDALE FUNDS TOTAL CORPORATE BOND ETF,VTC,https://www.nyse.com/quote/XNMS:VTC
ARCX,VTEB,VANGUARD MUNICIPAL BOND FUNDS TAX-EXEMPT BOND INDEX FUND ETF,VTEB,https://www.nyse.com/quote/ARCX:VTEB
BATS,VTEC,VANGUARD CALIFORNIA TAX-FREE FUNDS TAX-EXEMPT BOND ETF USD,VTEC,https://www.nyse.com/quote/BATS:VTEC
BATS,VTEI,VANGUARD MUNICIPAL BOND FUNDS INTERMEDIATE TERM TAX EXEMPT BOND ETF US,VTEI,https://www.nyse.com/quote/BATS:VTEI
BATS,VTEL,VANGUARD LONG-TERM TAX-EXEMPT BOND ETF,VTEL,https://www.nyse.com/quote/BATS:VTEL
ARCX,VTES,VANGUARD WELLINGTON FUND SHORT TERM TAX EXEMPT BOND ETF USD,VTES,https://www.nyse.com/quote/ARCX:VTES
ARCX,VTG,VANGUARD TOTAL TREASURY ETF,VTG,https://www.nyse.com/quote/ARCX:VTG
XNMS,VTHR,VANGUARD SCOTTSDALE FUNDS VANGUARD RUSS3000 IDX FD ETF SHS,VTHR,https://www.nyse.com/quote/XNMS:VTHR
ARCX,VTI,VANGUARD INDEX FUNDS VANGUARD TOTAL STOCK MARKET ETF,VTI,https://www.nyse.com/quote/ARCX:VTI
XNMS,VTIP,VANGUARD MALVERN FUNDS SH-TERM INFLATION PROTECTED SECS INX ETF,VTIP,https://www.nyse.com/quote/XNMS:VTIP
ARCX,VTP,VANGUARD TOTAL INFLATION-PROTECTION SECURITIES ETF,VTP,https://www.nyse.com/quote/ARCX:VTP
ARCX,VTV,VANGUARD INDEX FUNDS VANGUARD VALUE ETF,VTV,https://www.nyse.com/quote/ARCX:VTV
XNMS,VTWG,VANGUARD SCOTTSDALE FUNDS VANGUARD RUSS200 GRW IDX ETF SHS,VTWG,https://www.nyse.com/quote/XNMS:VTWG
XNMS,VTWO,VANGUARD SCOTTSDALE FUNDS VANGUARD RUSS2000IDX FD ETF SHS,VTWO,https://www.nyse.com/quote/XNMS:VTWO
XNMS,VTWV,VANGUARD SCOTTSDALE FUNDS VANGUARD RUSS2000 VAL IDX FD ETF SHS,VTWV,https://www.nyse.com/quote/XNMS:VTWV
ARCX,VUG,VANGUARD INDEX FUNDS VANGUARD GROWTH ETF,VUG,https://www.nyse.com/quote/ARCX:VUG
ARCX,VUS,VIRTUS US DIVIDEND ETF,VUS,https://www.nyse.com/quote/ARCX:VUS
BATS,VUSB,VANGUARD BD INDEX FDS ULTRA SHORT BD ETF USD,VUSB,https://www.nyse.com/quote/BATS:VUSB
ARCX,VUSE,ETF SERIES SOLUTIONS VIDENT U.S. EQUITY STRATEGY ETF,VUSE,https://www.nyse.com/quote/ARCX:VUSE
BATS,VUSG,VANGUARD WELLINGTON U.S. GROWTH ACTIVE ETF,VUSG,https://www.nyse.com/quote/BATS:VUSG
ARCX,VUSI,VOYA ULTRA SHORT INCOME ETF,VUSI,https://www.nyse.com/quote/ARCX:VUSI
BATS,VUSV,VANGUARD WELLINGTON U.S. VALUE ACTIVE ETF,VUSV,https://www.nyse.com/quote/BATS:VUSV
ARCX,VV,VANGUARD INDEX FUNDS VANGUARD LARGE-CAP ETF,VV,https://www.nyse.com/quote/ARCX:VV
ARCX,VWO,VANGUARD INTL EQUITY INDEX FUND INC FTSE EMERGING MARKETS ETF,VWO,https://www.nyse.com/quote/ARCX:VWO
XNMS,VWOB,VANGUARD WHITEHALL FUNDS EMERGING MKT GOVT BOND INDEX ETF CL,VWOB,https://www.nyse.com/quote/XNMS:VWOB
ARCX,VXF,VANGUARD INDEX FUNDS VANGUARD EXTENDED MARKET ETF,VXF,https://www.nyse.com/quote/ARCX:VXF
XNMS,VXUS,VANGUARD STAR FUND TOTAL INTL STOCK INDEX FD ETF SHS,VXUS,https://www.nyse.com/quote/XNMS:VXUS
XNYS,VXXRD,iPath Series B S&#38;P 500 VIX Short-Term Futures ETN,VXXRD,https://www.nyse.com/quote/XNYS:VXXRD
ARCX,VYLD,"INVERSE VIX SHORT-TERM FUTURES ETNS DUE MARCH 22, 2045",VYLD,https://www.nyse.com/quote/ARCX:VYLD
ARCX,VYM,VANGUARD WHITEHALL FUNDS VANGUARD HIGH DIVIDEND YIELD ETF,VYM,https://www.nyse.com/quote/ARCX:VYM
XNAS,VYMI,VANGUARD WHITEHALL,VYMI,https://www.nyse.com/quote/XNAS:VYMI
XNMS,VYMI,VANGUARD WHITEHALL FUNDS INTERNATIONAL HIGH DIVIDEND YIELD,VYMI,https://www.nyse.com/quote/XNMS:VYMI
XNMS,WABF,FRANKLIN TEMPLETON ETF TR WESTN ASSET BD ETF,WABF,https://www.nyse.com/quote/XNMS:WABF
ARCX,WAGN,PABRAI WAGONS ETF,WAGN,https://www.nyse.com/quote/ARCX:WAGN
XNMS,WAMA,WISDOMTREE US ADAPTIVE MOVING AVERAGE FUND,WAMA,https://www.nyse.com/quote/XNMS:WAMA
ARCX,WANT,DIREXION DAILY CONSUMER DISCRETIONARY BULL 3X ETF,WANT,https://www.nyse.com/quote/ARCX:WANT
ARCX,WAR,U.S. GLOBAL TECHNOLOGY AND AEROSPACE & DEFENSE ETF,WAR,https://www.nyse.com/quote/ARCX:WAR
XNMS,WARP,VANECK SPACE ETF,WARP,https://www.nyse.com/quote/XNMS:WARP
BATS,WATS,CORGI BATTERY ENERGY STORAGE SYSTEMS ETF,WATS,https://www.nyse.com/quote/BATS:WATS
ARCX,WBIF,ABSOLUTE SHS TR WBI BULLBEAR VALUE 3000 ETF,WBIF,https://www.nyse.com/quote/ARCX:WBIF
ARCX,WBIG,ABSOLUTE SHS TR WBI BULLBEAR YIELD 3000 ETF,WBIG,https://www.nyse.com/quote/ARCX:WBIG
ARCX,WBIL,ABSOLUTE SHS TR WBI BULLBEAR QUALITY 3000 ETF,WBIL,https://www.nyse.com/quote/ARCX:WBIL
XNYS,WBIY,WBI POWER FACTOR HIGH DIVIDEND ETF,WBIY,https://www.nyse.com/quote/XNYS:WBIY
ARCX,WCAP,WARCAP UNCONSTRAINED EQUITY ETF,WCAP,https://www.nyse.com/quote/ARCX:WCAP
XNMS,WCBR,WISDOMTREE TRUST CYBERSECURITY USD,WCBR,https://www.nyse.com/quote/XNMS:WCBR
ARCX,WCEO,TWO RDS SHARED TRUST HYPATIA WOMEN CEO ETF,WCEO,https://www.nyse.com/quote/ARCX:WCEO
XNMS,WCLD,WISDOMTREE TRUST CLOUD COMPUTING FD,WCLD,https://www.nyse.com/quote/XNMS:WCLD
ARCX,WCME,FIRST TRUST WCM DEVELOPING WORLD EQUITY ETF,WCME,https://www.nyse.com/quote/ARCX:WCME
ARCX,WCMG,FIRST TRUST WCM GLOBAL EQUITY ETF,WCMG,https://www.nyse.com/quote/ARCX:WCMG
ARCX,WCMI,FIRST TRUST WCM INTERNATIONAL EQUITY ETF,WCMI,https://www.nyse.com/quote/ARCX:WCMI
ARCX,WCPB,WEITZ CORE PLUS BOND ETF,WCPB,https://www.nyse.com/quote/ARCX:WCPB
XNMS,WDAF,WISDOMTREE ASIA DEFENSE FUND,WDAF,https://www.nyse.com/quote/XNMS:WDAF
BATS,WDAI,PACER S&P WORLD 3AI TOP 300 ETF,WDAI,https://www.nyse.com/quote/BATS:WDAI
BATS,WDCC,CORGI WDC 2X DAILY ETF,WDCC,https://www.nyse.com/quote/BATS:WDCC
BATS,WDCX,TRADR 2X LONG WDC DAILY ETF,WDCX,https://www.nyse.com/quote/BATS:WDCX
BATS,WDE,PRINCIPAL SECURITIZED DEBT ETF,WDE,https://www.nyse.com/quote/BATS:WDE
ARCX,WDEF,WISDOMTREE EUROPE DEFENSE FUND,WDEF,https://www.nyse.com/quote/ARCX:WDEF
XNMS,WDGF,WISDOMTREE GLOBAL DEFENSE FUND,WDGF,https://www.nyse.com/quote/XNMS:WDGF
BATS,WDIG,WISDOMTREE EFFICIENT RARE EARTH PLUS STRATEGIC METALS FUND,WDIG,https://www.nyse.com/quote/BATS:WDIG
ARCX,WDIV,STATE STREET SPDR S&P GLOBAL DIVIDEND ETF,WDIV,https://www.nyse.com/quote/ARCX:WDIV
BATS,WDNA,WISDOMTREE TRUST BIOREVOLUTION ETF USD,WDNA,https://www.nyse.com/quote/BATS:WDNA
BATS,WDRN,WISDOMTREE PHYSICAL AI HUMANOIDS AND DRONES FUND,WDRN,https://www.nyse.com/quote/BATS:WDRN
ARCX,WDTE,DEFIANCE S&P 500 WEEKLY DISTRIBUTION ETF,WDTE,https://www.nyse.com/quote/ARCX:WDTE
ARCX,WEAT,TEUCRIUM COMMODITY TRUST WHEAT FD NEW (REV SPT),WEAT,https://www.nyse.com/quote/ARCX:WEAT
ARCX,WEBL,DIREXION DAILY DOW JONES INTERNET BULL 3X ETF,WEBL,https://www.nyse.com/quote/ARCX:WEBL
ARCX,WEBS,DIREXION DAILY DOW JONES INTERNET BEAR 3X ETF,WEBS,https://www.nyse.com/quote/ARCX:WEBS
BATS,WEBX,CORGI CHINESE INTERNET 2X DAILY ETF,WEBX,https://www.nyse.com/quote/BATS:WEBX
BATS,WEED,LISTED FUND TRUST ROUNDHILL CANNABIS ETF NEW (P/S),WEED,https://www.nyse.com/quote/BATS:WEED
XNMS,WEEI,WESTWOOD SALIENT ENHANCED ENERGY INCOME ETF,WEEI,https://www.nyse.com/quote/XNMS:WEEI
BATS,WEEK,ROUNDHILL WEEKLY T-BILL ETF,WEEK,https://www.nyse.com/quote/BATS:WEEK
ARCX,WEEL,PEERLESS OPTION INCOME WHEEL ETF,WEEL,https://www.nyse.com/quote/ARCX:WEEL
ARCX,WELD,TEMA U.S. MANUFACTURING & RESHORING ETF,WELD,https://www.nyse.com/quote/ARCX:WELD
ARCX,WEPN,NICHOLAS DEFENSE AND RARE EARTH INCOME ETF,WEPN,https://www.nyse.com/quote/ARCX:WEPN
XNMS,WGMI,COINSHARES BITCOIN MINING ETF,WGMI,https://www.nyse.com/quote/XNMS:WGMI
XNMS,WIMA,WISDOMTREE INTERNATIONAL ADAPTIVE MOVING AVERAGE FUND,WIMA,https://www.nyse.com/quote/XNMS:WIMA
XNYS,WINN,HARBOR ETF TRUST HARBOR LONG TERM GROWERS ETF,WINN,https://www.nyse.com/quote/XNYS:WINN
ARCX,WIP,STATE STREET SPDR FTSE INTERNATIONAL GOVERNMENT INFLATION-PROTECTED BOND ETF,WIP,https://www.nyse.com/quote/ARCX:WIP
XNMS,WISE,THEMES ETF TRUST GENERATIVE ARTIFICIAL INTELLIGENCE ETF,WISE,https://www.nyse.com/quote/XNMS:WISE
BATS,WLDR,SIMPLIFY AFFINITY WORLD LEADERS EQUITY ETF,WLDR,https://www.nyse.com/quote/BATS:WLDR
BATS,WLDU,LEVERAGE SHARES 2X LONG WORLD STOCK DAILY ETF,WLDU,https://www.nyse.com/quote/BATS:WLDU
XNYS,WLTG,WEALTHTRUST DBS LONG TERM GROWTH ETF,WLTG,https://www.nyse.com/quote/XNYS:WLTG
ARCX,WMSB,WEITZ MULTISECTOR BOND ETF,WMSB,https://www.nyse.com/quote/ARCX:WMSB
BATS,WMTI,REX WMT GROWTH & INCOME ETF,WMTI,https://www.nyse.com/quote/BATS:WMTI
BATS,WNDR,CORGI TRAVEL & LEISURE ETF,WNDR,https://www.nyse.com/quote/BATS:WNDR
ARCX,WNTR,YIELDMAX MSTR SHORT OPTION INCOME STRATEGY ETF,WNTR,https://www.nyse.com/quote/ARCX:WNTR
ARCX,WOMN,IMPACT SHARES WOMENS EMPOWERMENT ETF,WOMN,https://www.nyse.com/quote/ARCX:WOMN
XNMS,WOOD,ISHARES TRUST GLOBAL TIMBER & FORESTRY ETF,WOOD,https://www.nyse.com/quote/XNMS:WOOD
BATS,WQTM,WISDOMTREE QUANTUM COMPUTING FUND,WQTM,https://www.nyse.com/quote/BATS:WQTM
BATS,WR,CORGI U.S. WAR MACHINE ETF,WR,https://www.nyse.com/quote/BATS:WR
XNMS,WRND,NEW YORK LIFE INVESTMENTS ETF TRUST NYLI GLOBAL EQUITY R&D LEADERS ETF,WRND,https://www.nyse.com/quote/XNMS:WRND
XNMS,WRTH,WORTH CHARTING OPTIONS INCOME ETF,WRTH,https://www.nyse.com/quote/XNMS:WRTH
ARCX,WSDB,WEITZ SHORT DURATION BOND ETF,WSDB,https://www.nyse.com/quote/ARCX:WSDB
XNMS,WSGE,WARREN STREET GLOBAL EQUITY ETF,WSGE,https://www.nyse.com/quote/XNMS:WSGE
XNMS,WSML,ISHARES MSCI WORLD SMALL-CAP ETF,WSML,https://www.nyse.com/quote/XNMS:WSML
XNMS,WSPC,WISDOMTREE SPACE ECONOMY FUND,WSPC,https://www.nyse.com/quote/XNMS:WSPC
BATS,WTAI,WISDOMTREE TRUST ARTIFICIAL INTELLIGENCE & INNOVATION FD,WTAI,https://www.nyse.com/quote/BATS:WTAI
XNMS,WTBN,WISDOMTREE TRUST BIANCO TOTAL RETURN FD,WTBN,https://www.nyse.com/quote/XNMS:WTBN
ARCX,WTIB,USCF OIL PLUS BITCOIN STRATEGY FUND,WTIB,https://www.nyse.com/quote/ARCX:WTIB
ARCX,WTID,BANK OF MONTREAL MICROSECTORS ENERGY 3X INVERSE LEVERAGED,WTID,https://www.nyse.com/quote/ARCX:WTID
XNYS,WTID,BANK OF MONTREAL,WTID,https://www.nyse.com/quote/XNYS:WTID
XNMS,WTIP,WISDOMTREE INFLATION PLUS FUND,WTIP,https://www.nyse.com/quote/XNMS:WTIP
XNYS,WTIU,BANK OF MONTREAL,WTIU,https://www.nyse.com/quote/XNYS:WTIU
ARCX,WTIU,BANK OF MONTREAL MICROSECTORS ENERGY 3X LEVERAGED ETNS,WTIU,https://www.nyse.com/quote/ARCX:WTIU
BATS,WTLS,WISDOMTREE EFFICIENT LONG/SHORT U.S. EQUITY FUND,WTLS,https://www.nyse.com/quote/BATS:WTLS
ARCX,WTMF,WISDOMTREE TRUST MANAGED FUTURES STRATEGY FD,WTMF,https://www.nyse.com/quote/ARCX:WTMF
XNMS,WTMU,WISDOMTREE CORE LADDERED MUNICIPAL FUND,WTMU,https://www.nyse.com/quote/XNMS:WTMU
XNMS,WTMY,WISDOMTREE HIGH INCOME LADDERED MUNICIPAL FUND,WTMY,https://www.nyse.com/quote/XNMS:WTMY
ARCX,WTPI,WISDOMTREE EQUITY PREMIUM INCOME FUND,WTPI,https://www.nyse.com/quote/ARCX:WTPI
ARCX,WTRE,WISDOMTREE TRUST NEW ECONOMY REAL ESTATE FUND,WTRE,https://www.nyse.com/quote/ARCX:WTRE
ARCX,WTV,WISDOMTREE TRUST WISDOMTREE US VALUE FUND,WTV,https://www.nyse.com/quote/ARCX:WTV
BATS,WUGI,INVESTMENT MANAGERS SERIES TR II AXS ESOTERICA NEXTG ECONOMY ETF,WUGI,https://www.nyse.com/quote/BATS:WUGI
BATS,WULX,TRADR 2X LONG WULF DAILY ETF,WULX,https://www.nyse.com/quote/BATS:WULX
ARCX,WWJD,NORTHERN LIGHTS FUND TRUST IV INSPIRE INTERNATIONAL ETF,WWJD,https://www.nyse.com/quote/ARCX:WWJD
BATS,WX,CORGI ALL WORLD 2X DAILY ETF,WX,https://www.nyse.com/quote/BATS:WX
ARCX,WXET,TEUCRIUM 2X DAILY WHEAT ETF,WXET,https://www.nyse.com/quote/ARCX:WXET
BATS,WYFL,DEFIANCE DAILY TARGET 2X LONG WYFI ETF,WYFL,https://www.nyse.com/quote/BATS:WYFL
BATS,WZRD,OPPORTUNISTIC TRADER ETF,WZRD,https://www.nyse.com/quote/BATS:WZRD
BATS,XA,CORGI AI CYBERSECURITY ETF,XA,https://www.nyse.com/quote/BATS:XA
ARCX,XAGG,EATON VANCE INCOME OPPORTUNITIES ETF,XAGG,https://www.nyse.com/quote/ARCX:XAGG
BATS,XAGI,CORGI AGIX 2X DAILY ETF,XAGI,https://www.nyse.com/quote/BATS:XAGI
XNMS,XAIX,XTRACKERS ARTIFICIAL INTELLIGENCE AND BIG DATA ETF,XAIX,https://www.nyse.com/quote/XNMS:XAIX
BATS,XAPR,FT VEST U.S. EQUITY ENHANCE & MODERATE BUFFER ETF - APRIL,XAPR,https://www.nyse.com/quote/BATS:XAPR
ARCX,XAR,STATE STREET SPDR S&P AEROSPACE & DEFENSE ETF,XAR,https://www.nyse.com/quote/ARCX:XAR
BATS,XAUG,FIRST TR EXCHANGE TRADED FD VIII VEST US EQUITY ENH& MODE BUFFER ETF AUG,XAUG,https://www.nyse.com/quote/BATS:XAUG
ARCX,XB,BONDBLOXX ETF TRUST B RATED USD HIGH YIELD CORP BOND ETF,XB,https://www.nyse.com/quote/ARCX:XB
BATS,XBAP,INNOVATOR ETFS TRUST US EQTY ACCELERATED 9 9 BUFF APR ETF,XBAP,https://www.nyse.com/quote/BATS:XBAP
ARCX,XBB,BONDBLOXX ETF TRUST BB RATED USD HIGH YIELD CORPORATE BD ETF,XBB,https://www.nyse.com/quote/ARCX:XBB
XNMS,XBCI,NEOS BOOSTED BITCOIN HIGH INCOME ETF,XBCI,https://www.nyse.com/quote/XNMS:XBCI
ARCX,XBFR,INNOVATOR EQUITY MANAGED 10 BUFFER ETF,XBFR,https://www.nyse.com/quote/ARCX:XBFR
ARCX,XBI,STATE STREET SPDR S&P BIOTECH ETF,XBI,https://www.nyse.com/quote/ARCX:XBI
XNMS,XBIL,RBB FUND INC US TREASURY 6 MONTH BILL ETF,XBIL,https://www.nyse.com/quote/XNMS:XBIL
BATS,XBIX,CORGI U.S. BIOTECH 2X DAILY ETF,XBIX,https://www.nyse.com/quote/BATS:XBIX
BATS,XBJA,INNOVATOR ETFS TRUST US EQUITY ACCELERATED 9 BUFFER ETF JAN,XBJA,https://www.nyse.com/quote/BATS:XBJA
BATS,XBJL,INNOVATOR ETFS TRUST US EQUITY ACCELERATED 9 BUFFER ETF,XBJL,https://www.nyse.com/quote/BATS:XBJL
ARCX,XBNB,TEUCRIUM XETFS 2X LONG DAILY BNB ETF,XBNB,https://www.nyse.com/quote/ARCX:XBNB
BATS,XBOC,INNOVATOR ETFS TRUST US EQTY ACCELERATED 9 BUFFER OCTOBER ETF,XBOC,https://www.nyse.com/quote/BATS:XBOC
BATS,XBOX,ROUNDHILL ULTRA SHORT DURATION NO DIVIDEND TARGET ETF,XBOX,https://www.nyse.com/quote/BATS:XBOX
XNMS,XBTY,GRANITESHARES YIELDBOOST BITCOIN ETF,XBTY,https://www.nyse.com/quote/XNMS:XBTY
ARCX,XC,WISDOMTREE TRUE EMERGING MARKETS FUND,XC,https://www.nyse.com/quote/ARCX:XC
ARCX,XCCC,BONDBLOXX ETF TRUST CCC RATED USD HIGH YIELD CORPORATE BOND,XCCC,https://www.nyse.com/quote/ARCX:XCCC
ARCX,XCEM,COLUMBIA ETF TR II COLUMBIA EM CORE EX CHINA ETF,XCEM,https://www.nyse.com/quote/ARCX:XCEM
ARCX,XCHG,AB US EQUITY ETF,XCHG,https://www.nyse.com/quote/ARCX:XCHG
ARCX,XCLR,GLOBAL X FDS S&P 500 COLLAR 95-110 ETF,XCLR,https://www.nyse.com/quote/ARCX:XCLR
XNMS,XCNY,STATE STREET SPDR S&P EMERGING MARKETS EX-CHINA ETF,XCNY,https://www.nyse.com/quote/XNMS:XCNY
BATS,XCOM,CORGI ALL COMMODITIES 2X DAILY ETF,XCOM,https://www.nyse.com/quote/BATS:XCOM
ARCX,XCOR,FUNDX INVT TR ETF,XCOR,https://www.nyse.com/quote/ARCX:XCOR
BATS,XDAT,FRANKLIN TEMPLETON ETF TR EXPONENTIAL DATA ETF,XDAT,https://www.nyse.com/quote/BATS:XDAT
BATS,XDEC,FIRST TR EXCHANGE TRADED FD VIII VEST US EQTY ENH & MOD BUFFER DEC ETF,XDEC,https://www.nyse.com/quote/BATS:XDEC
XNMS,XDEF,XTRACKERS EUROPE DEFENSE TECHNOLOGIES ETF,XDEF,https://www.nyse.com/quote/XNMS:XDEF
BATS,XDIV,ROUNDHILL S&P 500 NO DIVIDEND TARGET ETF,XDIV,https://www.nyse.com/quote/BATS:XDIV
BATS,XDQQ,INNOVATOR ETFS TRUST GROWTH 100 ACCELERATED QUARTERLY ETF,XDQQ,https://www.nyse.com/quote/BATS:XDQQ
BATS,XDSQ,INNOVATOR ETFS TRUST US EQTY ACCELERATED QUARTERLY ETF,XDSQ,https://www.nyse.com/quote/BATS:XDSQ
BATS,XDTE,ROUNDHILL ETF TRUST S&P 500 0DTE COVERED CALL STRATEGY ETF,XDTE,https://www.nyse.com/quote/BATS:XDTE
BATS,XEMD,BONDBLOXX ETF TRUST JP MORGAN USD EMERGING MKTS 1-10 YR BD E,XEMD,https://www.nyse.com/quote/BATS:XEMD
BATS,XEML,XTRACKERS EUROPE MARKET LEADERS ETF,XEML,https://www.nyse.com/quote/BATS:XEML
ARCX,XES,STATE STREET SPDR S&P OIL & GAS EQUIPMENT & SERVICES ETF,XES,https://www.nyse.com/quote/ARCX:XES
BATS,XEUR,CORGI EUROPE EQUITIES 2X DAILY ETF,XEUR,https://www.nyse.com/quote/BATS:XEUR
XNMS,XEY,GRANITESHARES YIELDBOOST ETHER ETF,XEY,https://www.nyse.com/quote/XNMS:XEY
BATS,XFEB,FIRST TR EXCHANGE TRADED FD VIII FT VEST US EQT ENHANCE MODE BUF ETF FEB,XFEB,https://www.nyse.com/quote/BATS:XFEB
ARCX,XFIV,BONDBLOXX ETF TRUST BLOOMBERG FIVE YR TRGT DURTN US TRSY ETF,XFIV,https://www.nyse.com/quote/ARCX:XFIV
ARCX,XFLX,FUNDX INVT TR FLEXIBLE ETF,XFLX,https://www.nyse.com/quote/ARCX:XFLX
ARCX,XHB,STATE STREET SPDR S&P HOMEBUILDERS ETF,XHB,https://www.nyse.com/quote/ARCX:XHB
ARCX,XHE,STATE STREET SPDR S&P HEALTH CARE EQUIPMENT ETF,XHE,https://www.nyse.com/quote/ARCX:XHE
ARCX,XHLF,BONDBLOXX ETF TRUST BLOOMBERG SIX MNTH TRGT DRTN US TRSY ETF,XHLF,https://www.nyse.com/quote/ARCX:XHLF
BATS,XHOA,CORGI U.S. REAL ESTATE 2X DAILY ETF,XHOA,https://www.nyse.com/quote/BATS:XHOA
ARCX,XHS,STATE STREET SPDR S&P HEALTH CARE SERVICES ETF,XHS,https://www.nyse.com/quote/ARCX:XHS
BATS,XIDE,FIRST TR EXCHANGE TRADED FD VIII FT VEST US EQT BUF PREM INCM ETF DEC,XIDE,https://www.nyse.com/quote/BATS:XIDE
ARCX,XIDV,FRANKLIN INTERNATIONAL DIVIDEND BOOSTER INDEX ETF,XIDV,https://www.nyse.com/quote/ARCX:XIDV
BATS,XIGV,DEFIANCE US 100 TECH EX SOFTWARE ETF,XIGV,https://www.nyse.com/quote/BATS:XIGV
BATS,XIJN,FT VEST U.S. EQUITY BUFFER & PREMIUM INCOME ETF - JUNE,XIJN,https://www.nyse.com/quote/BATS:XIJN
BATS,XIMR,FIRST TR EXCHANGE TRADED FD VIII FT VEST US EQT BUFF PREMI INCM ETF MAR,XIMR,https://www.nyse.com/quote/BATS:XIMR
BATS,XISE,FIRST TR EXCHANGE TRADED FD VIII FT VEST US EQT BUFF PREUM INCM ETF SEP,XISE,https://www.nyse.com/quote/BATS:XISE
XNYS,XITK,SPDR SERIES TRUST,XITK,https://www.nyse.com/quote/XNYS:XITK
ARCX,XITK,STATE STREET SPDR FACTSET INNOVATIVE TECHNOLOGY ETF,XITK,https://www.nyse.com/quote/ARCX:XITK
BATS,XIWC,CORGI U.S. MICRO-CAP 2X DAILY ETF,XIWC,https://www.nyse.com/quote/BATS:XIWC
BATS,XJAN,FIRST TR EXCHANGE TRADED FD VIII VEST US EQUITY ENHANCE & MODERATE BUFFER,XJAN,https://www.nyse.com/quote/BATS:XJAN
BATS,XJH,ISHARES ESG SELECT SCREENED S&P MID-CAP ETF,XJH,https://www.nyse.com/quote/BATS:XJH
BATS,XJR,ISHARES ESG SELECT SCREENED S&P SMALL-CAP ETF,XJR,https://www.nyse.com/quote/BATS:XJR
BATS,XJUL,FIRST TR EXCHANGE TRADED FD VIII FT VST US EQ ENHC MDRT BUF ETF JULY,XJUL,https://www.nyse.com/quote/BATS:XJUL
BATS,XJUN,FIRST TR EXCHANGE TRADED FD VIII VEST US EQTY ENH& MOD BUFFER ETF JUNE,XJUN,https://www.nyse.com/quote/BATS:XJUN
BATS,XKRE,CORGI U.S. REGIONAL BANKS 2X DAILY ETF,XKRE,https://www.nyse.com/quote/BATS:XKRE
ARCX,XLB,SELECT SECTOR SPDR TRUST STATE STREET MTRLS SLCT SCTR SPDR ETF,XLB,https://www.nyse.com/quote/ARCX:XLB
ARCX,XLBI,STATE STREET MATERIALS SELECT SECTOR SPDR PREMIUM INCOME ETF,XLBI,https://www.nyse.com/quote/ARCX:XLBI
BATS,XLBX,CORGI U.S. MATERIALS 2X DAILY ETF,XLBX,https://www.nyse.com/quote/BATS:XLBX
ARCX,XLC,SELECT SECTOR SPDR TRUST STATE STREET COMMUNICATION SERVICES SELE,XLC,https://www.nyse.com/quote/ARCX:XLC
ARCX,XLCI,STATE STREET COMMUNICATION SERVICES SELECT SECTOR SPDR PREMIUM INCOME ETF,XLCI,https://www.nyse.com/quote/ARCX:XLCI
ARCX,XLE,SELECT SECTOR SPDR TRUST STATE STREET ENERGY SELECT SECTOR SPDR E,XLE,https://www.nyse.com/quote/ARCX:XLE
ARCX,XLEI,STATE STREET ENERGY SELECT SECTOR SPDR PREMIUM INCOME ETF,XLEI,https://www.nyse.com/quote/ARCX:XLEI
BATS,XLEX,CORGI U.S. ENERGY 2X DAILY ETF,XLEX,https://www.nyse.com/quote/BATS:XLEX
ARCX,XLF,STATE STREET FINANCIAL SELECT SECTOR SPDR ETF,XLF,https://www.nyse.com/quote/ARCX:XLF
ARCX,XLFI,STATE STREET FINANCIAL SELECT SECTOR SPDR PREMIUM INCOME ETF,XLFI,https://www.nyse.com/quote/ARCX:XLFI
BATS,XLFX,CORGI U.S. FINANCIALS 2X DAILY ETF,XLFX,https://www.nyse.com/quote/BATS:XLFX
ARCX,XLG,INVESCO EXCHANGE TRADED FD TR S&P 500 TOP 50 ETF,XLG,https://www.nyse.com/quote/ARCX:XLG
ARCX,XLI,SELECT SECTOR SPDR TRUST STATE STREET INDUSTRIAL SELECT SECTOR SP,XLI,https://www.nyse.com/quote/ARCX:XLI
ARCX,XLII,STATE STREET INDUSTRIAL SELECT SECTOR SPDR PREMIUM INCOME ETF,XLII,https://www.nyse.com/quote/ARCX:XLII
BATS,XLIX,CORGI U.S. INDUSTRIALS 2X DAILY ETF,XLIX,https://www.nyse.com/quote/BATS:XLIX
ARCX,XLK,SELECT SECTOR SPDR TRUST STATE STREET TECHNOLOGY SELECT SECTOR SP,XLK,https://www.nyse.com/quote/ARCX:XLK
ARCX,XLKI,STATE STREET TECHNOLOGY SELECT SECTOR SPDR PREMIUM INCOME ETF,XLKI,https://www.nyse.com/quote/ARCX:XLKI
BATS,XLKX,CORGI U.S. TECHNOLOGY 2X DAILY ETF,XLKX,https://www.nyse.com/quote/BATS:XLKX
ARCX,XLP,STATE STREET CONSUMER STAPLES SELECT SECTOR SPDR ETF,XLP,https://www.nyse.com/quote/ARCX:XLP
BATS,XLPX,CORGI U.S. CONSUMER STAPLES 2X DAILY ETF,XLPX,https://www.nyse.com/quote/BATS:XLPX
ARCX,XLRE,SELECT SECTOR SPDR TRUST STATE STREET REAL ESTATE SELECT SECTOR S,XLRE,https://www.nyse.com/quote/ARCX:XLRE
ARCX,XLRI,STATE STREET REAL ESTATE SELECT SECTOR SPDR PREMIUM INCOME ETF,XLRI,https://www.nyse.com/quote/ARCX:XLRI
ARCX,XLSI,STATE STREET CONSUMER STAPLES SELECT SECTOR SPDR PREMIUM INCOME ETF,XLSI,https://www.nyse.com/quote/ARCX:XLSI
ARCX,XLSR,STATE STREET US SECTOR ROTATION ETF,XLSR,https://www.nyse.com/quote/ARCX:XLSR
ARCX,XLU,SELECT SECTOR SPDR TRUST STATE STREET UTLTS SLCT SCTR SPDR ETF,XLU,https://www.nyse.com/quote/ARCX:XLU
ARCX,XLUI,STATE STREET UTILITIES SELECT SECTOR SPDR PREMIUM INCOME ETF,XLUI,https://www.nyse.com/quote/ARCX:XLUI
BATS,XLUX,CORGI U.S. UTILITIES 2X DAILY ETF,XLUX,https://www.nyse.com/quote/BATS:XLUX
ARCX,XLV,SELECT SECTOR SPDR TRUST STATE STREET HEALTH CARE SELECT SECTOR S,XLV,https://www.nyse.com/quote/ARCX:XLV
ARCX,XLVI,STATE STREET HEALTH CARE SELECT SECTOR SPDR PREMIUM INCOME ETF,XLVI,https://www.nyse.com/quote/ARCX:XLVI
BATS,XLVX,CORGI U.S. HEALTHCARE 2X DAILY ETF,XLVX,https://www.nyse.com/quote/BATS:XLVX
ARCX,XLY,SELECT SECTOR SPDR TRUST SST CNSMR DISCRETIONARY SLCT SCTR SPDR E,XLY,https://www.nyse.com/quote/ARCX:XLY
ARCX,XLYI,STATE STREET CONSUMER DISCRETIONARY SELECT SECTOR SPDR PREMIUM INCOME ETF,XLYI,https://www.nyse.com/quote/ARCX:XLYI
BATS,XLYX,CORGI U.S. CONSUMER DISCRETIONARY 2X DAILY ETF,XLYX,https://www.nyse.com/quote/BATS:XLYX
XNMS,XMAG,DEFIANCE LARGE CAP EX-MAG 7 ETF,XMAG,https://www.nyse.com/quote/XNMS:XMAG
BATS,XMAR,FIRST TR EXCHANGE TRADED FD VIII FT VEST US EQUITY ENH&MOD BUFFER ETF MAR,XMAR,https://www.nyse.com/quote/BATS:XMAR
BATS,XMAY,FT VEST U.S. EQUITY ENHANCE & MODERATE BUFFER ETF - MAY,XMAY,https://www.nyse.com/quote/BATS:XMAY
ARCX,XME,STATE STREET SPDR S&P METALS & MINING ETF,XME,https://www.nyse.com/quote/ARCX:XME
ARCX,XMHQ,INVESCO EXCHANGE TRADED FD TR S&P MIDCAP QUALITY ETF,XMHQ,https://www.nyse.com/quote/ARCX:XMHQ
ARCX,XMLV,INVESCO EXCHANGE TRADED FD TR II S&P MIDCAP LOW VOLATILITY ETF,XMLV,https://www.nyse.com/quote/ARCX:XMLV
ARCX,XMMO,INVESCO EXCHANGE TRADED FD TR S&P MIDCAP MOMENTUM ETF,XMMO,https://www.nyse.com/quote/ARCX:XMMO
BATS,XMPT,VANECK ETF TR VANECK CEF MUNI INCOME ETF,XMPT,https://www.nyse.com/quote/BATS:XMPT
ARCX,XMVM,INVESCO EXCHANGE TRADED FD TR S&P MIDCAP VALUE WITH MOMENTUM ETF,XMVM,https://www.nyse.com/quote/ARCX:XMVM
ARCX,XNAV,FUNDX INVT TR AGGRESSIVE ETF,XNAV,https://www.nyse.com/quote/ARCX:XNAV
BATS,XNDX,TRADR 2X LONG XNDU DAILY ETF,XNDX,https://www.nyse.com/quote/BATS:XNDX
BATS,XNOV,FIRST TR EXCHANGE TRADED FD VIII FT VEST US EQT ENHAN MODE BUF ETF NOV,XNOV,https://www.nyse.com/quote/BATS:XNOV
ARCX,XNTK,STATE STREET SPDR NYSE TECHNOLOGY ETF,XNTK,https://www.nyse.com/quote/ARCX:XNTK
BATS,XOCT,FIRST TR EXCHANGE TRADED FD VIII FT VEST US EQT ENH MOD BUFF ETF OCT,XOCT,https://www.nyse.com/quote/BATS:XOCT
ARCX,XOEF,ISHARES S&P 500 EX S&P 100 ETF,XOEF,https://www.nyse.com/quote/ARCX:XOEF
BATS,XOEX,XTRACKERS S&P 100 EX TOP 20 ETF,XOEX,https://www.nyse.com/quote/BATS:XOEX
ARCX,XOMO,TIDAL TRUST II YIELDMAX XOM OPTION INCOME STRATEGY ETF,XOMO,https://www.nyse.com/quote/ARCX:XOMO
XNMS,XOMX,DIREXION DAILY XOM BULL 2X ETF,XOMX,https://www.nyse.com/quote/XNMS:XOMX
ARCX,XONE,BONDBLOXX ETF TRUST BLOOMBERG ONE YR TRGT DURTN US TRSRY ETF,XONE,https://www.nyse.com/quote/ARCX:XONE
ARCX,XOP,STATE STREET SPDR S&P OIL & GAS EXPLORATION & PRODUCTION ETF,XOP,https://www.nyse.com/quote/ARCX:XOP
BATS,XOVL,DEFIANCE DAILY TARGET 2X LONG XOVR ETF,XOVL,https://www.nyse.com/quote/BATS:XOVL
XNMS,XOVR,ENTREPRENEURSHARES SERIES TRUST ERSHARES PRIVATE-PUBLIC CROSSOVER ETF,XOVR,https://www.nyse.com/quote/XNMS:XOVR
BATS,XPAV,CORGI U.S. INFRASTRUCTURE 2X DAILY ETF,XPAV,https://www.nyse.com/quote/BATS:XPAV
ARCX,XPAY,ROUNDHILL S&P 500 TARGET 20 MANAGED DISTRIBUTION ETF,XPAY,https://www.nyse.com/quote/ARCX:XPAY
XNMS,XPEG,LEVERAGE SHARES 2X LONG XPEV DAILY ETF,XPEG,https://www.nyse.com/quote/XNMS:XPEG
ARCX,XPH,STATE STREET SPDR S&P PHARMACEUTICALS ETF,XPH,https://www.nyse.com/quote/ARCX:XPH
ARCX,XPND,FIRST TR EXCHANGE TRADED FD VIII EXPANDED TECHNOLOGY ETF,XPND,https://www.nyse.com/quote/ARCX:XPND
ARCX,XPP,PROSHARES TRUST ULTRA FTSE/XINHUA CHINA 50,XPP,https://www.nyse.com/quote/ARCX:XPP
XNMS,XQQI,NEOS BOOSTED NASDAQ-100 HIGH INCOME ETF,XQQI,https://www.nyse.com/quote/XNMS:XQQI
BATS,XQTM,CORGI QUANTUM COMPUTING 2X DAILY ETF,XQTM,https://www.nyse.com/quote/BATS:XQTM
ARCX,XRLX,FUNDX INVT TR CONSERVATIVE ETF,XRLX,https://www.nyse.com/quote/ARCX:XRLX
ARCX,XRMI,GLOBAL X FDS S&P 500 RISK MANAGED INCOME ETF,XRMI,https://www.nyse.com/quote/ARCX:XRMI
ARCX,XRP,BITWISE XRP ETF,XRP,https://www.nyse.com/quote/ARCX:XRP
XNMS,XRPC,CANARY XRP ETF,XRPC,https://www.nyse.com/quote/XNMS:XRPC
XNMS,XRPI,VOLATILITY SHARES TRUST XRP ETF,XRPI,https://www.nyse.com/quote/XNMS:XRPI
BATS,XRPM,AMPLIFY XRP 3% MONTHLY OPTION INCOME ETF,XRPM,https://www.nyse.com/quote/BATS:XRPM
BATS,XRPR,REX-OSPREY XRP ETF,XRPR,https://www.nyse.com/quote/BATS:XRPR
XNMS,XRPT,VOLATILITY SHARES TRUST 2X XRP ETF,XRPT,https://www.nyse.com/quote/XNMS:XRPT
ARCX,XRPZ,FRANKLIN XRP ETF,XRPZ,https://www.nyse.com/quote/ARCX:XRPZ
ARCX,XRT,STATE STREET SPDR S&P RETAIL ETF,XRT,https://www.nyse.com/quote/ARCX:XRT
ARCX,XSD,STATE STREET SPDR S&P SEMICONDUCTOR ETF,XSD,https://www.nyse.com/quote/ARCX:XSD
BATS,XSEM,CORGI U.S. SEMICONDUCTORS 2X DAILY ETF,XSEM,https://www.nyse.com/quote/BATS:XSEM
BATS,XSEP,FIRST TR EXCHANGE TRADED FD VIII VEST US EQTY ENH & MOD BUFFER SEP,XSEP,https://www.nyse.com/quote/BATS:XSEP
BATS,XSHD,INVESCO EXCHANGE TRADED FD TR II S&P SMALLCAP HIGH DIVIDEND,XSHD,https://www.nyse.com/quote/BATS:XSHD
XNYS,XSHD,Invesco S P SmallCap High Dividend Low Volatility ETF,XSHD,https://www.nyse.com/quote/XNYS:XSHD
BATS,XSHP,KURV SPACEX ENHANCED INCOME ETF,XSHP,https://www.nyse.com/quote/BATS:XSHP
BATS,XSHQ,INVESCO EXCHANGE TRADED FD TR II S&P SMALLCAP QUALITY ETF,XSHQ,https://www.nyse.com/quote/BATS:XSHQ
ARCX,XSLV,INVESCO EXCHANGE TRADED FD TR II S&P SMALLCAP LOW VOLATILITY ETF,XSLV,https://www.nyse.com/quote/ARCX:XSLV
ARCX,XSMO,INVESCO EXCHANGE TRADED FD TR S&P SMALLCAP MOMENTUM ETF,XSMO,https://www.nyse.com/quote/ARCX:XSMO
ARCX,XSOE,WISDOMTREE TRUST EMG MKTS EX STATE OWN ENTERPRISES USD,XSOE,https://www.nyse.com/quote/ARCX:XSOE
XNMS,XSPC,VEGASHARES SPACEX & BEYOND EARTH ETF,XSPC,https://www.nyse.com/quote/XNMS:XSPC
XNMS,XSPI,NEOS BOOSTED S&P 500 HIGH INCOME ETF,XSPI,https://www.nyse.com/quote/XNMS:XSPI
ARCX,XSVM,INVESCO EXCHANGE TRADED FD TR S&P SMALLCAP VALUE WITH MOMENTUM ETF,XSVM,https://www.nyse.com/quote/ARCX:XSVM
ARCX,XSVN,BONDBLOXX ETF TRUST BLOOMBERG SEVEN YR TRGT DRTN US TRSY ETF,XSVN,https://www.nyse.com/quote/ARCX:XSVN
ARCX,XSW,STATE STREET SPDR S&P SOFTWARE & SERVICES ETF,XSW,https://www.nyse.com/quote/ARCX:XSW
XNMS,XT,ISHARES FUTURE EXPONENTIAL TECHNOLOGIES ETF,XT,https://www.nyse.com/quote/XNMS:XT
BATS,XTAI,CORGI TAIWAN 2X DAILY ETF,XTAI,https://www.nyse.com/quote/BATS:XTAI
BATS,XTAP,INNOVATOR ETFS TRUST US EQTY ACCELERATED PLUS APR ETF,XTAP,https://www.nyse.com/quote/BATS:XTAP
ARCX,XTEN,BONDBLOXX ETF TRUST BLOOMBERG TEN YR TRGT DURTN US TRSY ETF,XTEN,https://www.nyse.com/quote/ARCX:XTEN
BATS,XTJA,INNOVATOR ETFS TRUST U S EQUITY ACCELERATED PLUS ETF JANUARY,XTJA,https://www.nyse.com/quote/BATS:XTJA
BATS,XTJL,INNOVATOR ETFS TRUST US EQUITY ACCELERATED PLUS ETF,XTJL,https://www.nyse.com/quote/BATS:XTJL
ARCX,XTL,STATE STREET SPDR S&P TELECOM ETF,XTL,https://www.nyse.com/quote/ARCX:XTL
ARCX,XTN,STATE STREET SPDR S&P TRANSPORTATION ETF,XTN,https://www.nyse.com/quote/ARCX:XTN
BATS,XTOC,INNOVATOR ETFS TRUST US EQTY ACCELERATED PLUS OCTOBER ETF USD,XTOC,https://www.nyse.com/quote/BATS:XTOC
ARCX,XTR,GLOBAL X FDS S&P 500 TAIL RISK ETF,XTR,https://www.nyse.com/quote/ARCX:XTR
ARCX,XTRE,BONDBLOXX ETF TRUST BLOOMBERG THREE YR TRGT DRTN US TRSY ETF,XTRE,https://www.nyse.com/quote/ARCX:XTRE
ARCX,XTWO,BONDBLOXX ETF TRUST BLOOMBERG TWO YR TRGT DURTN US TRSRY ETF,XTWO,https://www.nyse.com/quote/ARCX:XTWO
ARCX,XTWY,BONDBLOXX ETF TRUST BLOOMBERG TWENTY YR TRGT DURTN US TRSRY,XTWY,https://www.nyse.com/quote/ARCX:XTWY
ARCX,XUDV,FRANKLIN U.S. DIVIDEND BOOSTER INDEX ETF,XUDV,https://www.nyse.com/quote/ARCX:XUDV
BATS,XUSP,INNOVATOR ETFS TRUST US EQTY ACCELERATED PLUS OCTOBER ETF USD,XUSP,https://www.nyse.com/quote/BATS:XUSP
ARCX,XV,SIMPLIFY TARGET 15 DISTRIBUTION ETF,XV,https://www.nyse.com/quote/ARCX:XV
BATS,XVO,CORGI U.S. MID-CAP 2X DAILY ETF,XVO,https://www.nyse.com/quote/BATS:XVO
BATS,XVUG,CORGI U.S. GROWTH 2X DAILY ETF,XVUG,https://www.nyse.com/quote/BATS:XVUG
BATS,XVV,ISHARES ESG SELECT SCREENED S&P 500 ETF,XVV,https://www.nyse.com/quote/BATS:XVV
BATS,XW,CORGI EX-U.S. EQUITIES 2X DAILY ETF,XW,https://www.nyse.com/quote/BATS:XW
ARCX,XXRP,TEUCRIUM 2X LONG DAILY XRP ETF,XXRP,https://www.nyse.com/quote/ARCX:XXRP
ARCX,XXV,SIMPLIFY ANCORATO TARGET 25 DISTRIBUTION ETF,XXV,https://www.nyse.com/quote/ARCX:XXV
XNMS,XXX,CYBER HORNET TR S&P 500 AND XRP 75/25 STRATEGY ETF,XXX,https://www.nyse.com/quote/XNMS:XXX
ARCX,XYLD,GLOBAL X FDS S&P 500 COVERED CALL ETF,XYLD,https://www.nyse.com/quote/ARCX:XYLD
ARCX,XYLG,GLOBAL X FDS S&P 500 COVERED CALL & GROWTH ETF,XYLG,https://www.nyse.com/quote/ARCX:XYLG
XNMS,XYZG,LEVERAGE SHARES 2X LONG XYZ DAILY ETF,XYZG,https://www.nyse.com/quote/XNMS:XYZG
ARCX,XYZY,YIELDMAX XYZ OPTION INCOME STRATEGY ETF,XYZY,https://www.nyse.com/quote/ARCX:XYZY
ARCX,YALL,TRUTH SOCIAL GOD BLESS AMERICA ETF,YALL,https://www.nyse.com/quote/ARCX:YALL
ARCX,YANG,DIREXION DAILY FTSE CHINA BEAR 3X ETF,YANG,https://www.nyse.com/quote/ARCX:YANG
ARCX,YBIT,YIELDMAX BITCOIN OPTION INCOME STRATEGY ETF,YBIT,https://www.nyse.com/quote/ARCX:YBIT
XNMS,YBMN,DEFIANCE BMNR OPTION INCOME ETF,YBMN,https://www.nyse.com/quote/XNMS:YBMN
XNMS,YBST,GRANITESHARES YIELDBOOST SINGLE STOCK UNIVERSE ETF,YBST,https://www.nyse.com/quote/XNMS:YBST
BATS,YBTC,ROUNDHILL ETF TRUST BITCOIN COVERED CALL STRATEGY ETF,YBTC,https://www.nyse.com/quote/BATS:YBTC
XNMS,YBTY,GRANITESHARES YIELDBOOST TOPYIELDERS ETF,YBTY,https://www.nyse.com/quote/XNMS:YBTY
ARCX,YCL,PROSHARES TRUST II ULTRA YEN,YCL,https://www.nyse.com/quote/ARCX:YCL
ARCX,YCLO,FRANKLIN BSP CLO ETF,YCLO,https://www.nyse.com/quote/ARCX:YCLO
ARCX,YCS,PROSHARES TRUST II PROSHS ULRASHRT YEN,YCS,https://www.nyse.com/quote/ARCX:YCS
BATS,YDEC,FIRST TR EXCHANGE TRADED FD VIII FT VEST INTERNATIONAL EQUITY MODE DEC,YDEC,https://www.nyse.com/quote/BATS:YDEC
ARCX,YEAR,AB ACTIVE ETFS INC ULTRA SHORT INCOME ETF,YEAR,https://www.nyse.com/quote/ARCX:YEAR
BATS,YETH,ROUNDHILL ETHER COVERED CALL STRATEGY ETF,YETH,https://www.nyse.com/quote/BATS:YETH
ARCX,YFFI, INDEXPERTS YIELD FOCUSED FIXED INCOME ETF,YFFI,https://www.nyse.com/quote/ARCX:YFFI
ARCX,YFYA,YIELDS FOR YOU INCOME STRATEGY A ETF,YFYA,https://www.nyse.com/quote/ARCX:YFYA
ARCX,YGLD,SIMPLIFY GOLD STRATEGY ETF,YGLD,https://www.nyse.com/quote/ARCX:YGLD
ARCX,YINN,DIREXION DAILY FTSE CHINA BULL 3X ETF,YINN,https://www.nyse.com/quote/ARCX:YINN
BATS,YJUN,FT VEST INTERNATIONAL EQUITY MODERATE BUFFER ETF - JUNE,YJUN,https://www.nyse.com/quote/BATS:YJUN
XNYS,YLD,PRINCIPAL EXCHANGE,YLD,https://www.nyse.com/quote/XNYS:YLD
ARCX,YLD,PRINCIPAL EXCHANGE-TRADED FDS PRINCIPAL ACTIVE HIGH YIELD ETF,YLD,https://www.nyse.com/quote/ARCX:YLD
XNMS,YLDE,LEGG MASON ETF INVESTMENT TRUST FRANKLIN CLEARBRIDGE ENHANCED INCOME ETF,YLDE,https://www.nyse.com/quote/XNMS:YLDE
ARCX,YLDW,WESTWOOD ENHANCED INCOME OPPORTUNITY ETF,YLDW,https://www.nyse.com/quote/ARCX:YLDW
ARCX,YMAG,TIDAL TRUST II YIELDMAX MAGNIFICENT 7 FUND OF OPTION,YMAG,https://www.nyse.com/quote/ARCX:YMAG
BATS,YMAR,FIRST TR EXCHANGE TRADED FD VIII FT VEST INTL EQTY MODERTE BUFFER ETF MAR,YMAR,https://www.nyse.com/quote/BATS:YMAR
ARCX,YMAX,TIDAL TRUST II YIELDMAX UNIVERSE FUND OF OPTION INC ETF,YMAX,https://www.nyse.com/quote/ARCX:YMAX
XNMS,YNOT,HORIZON DIGITAL FRONTIER ETF,YNOT,https://www.nyse.com/quote/XNMS:YNOT
XNMS,YOKE,YOKE CORE ETF,YOKE,https://www.nyse.com/quote/XNMS:YOKE
ARCX,YOLO,ADVISORSHARES TRUST PURE CANNABIS ETF,YOLO,https://www.nyse.com/quote/ARCX:YOLO
XNMS,YQQQ,TIDAL TRUST II YIELDMAX SHORT N100 OPT INCM STRTGY ETF,YQQQ,https://www.nyse.com/quote/XNMS:YQQQ
BATS,YSEP,FT VEST INTERNATIONAL EQUITY MODERATE BUFFER ETF - SEPTEMBER,YSEP,https://www.nyse.com/quote/BATS:YSEP
XNMS,YSPY,GRANITESHARES YIELDBOOST SPY ETF,YSPY,https://www.nyse.com/quote/XNMS:YSPY
BATS,YUNG,CORGI LONGEVITY CONSUMER ETF,YUNG,https://www.nyse.com/quote/BATS:YUNG
ARCX,YXI,PROSHARES TRUST SHORT FTSE CHINA 50 NEW(P/S),YXI,https://www.nyse.com/quote/ARCX:YXI
ARCX,YYY,AMPLIFY CEF HIGH INCOME ETF,YYY,https://www.nyse.com/quote/ARCX:YYY
ARCX,YYYM,AMPLIFY MUNICIPAL CEF HIGH INCOME ETF,YYYM,https://www.nyse.com/quote/ARCX:YYYM
BATS,ZALT,INNOVATOR ETFS TRUST US EQUITY 10 BUFFER ETF QUARTERLY,ZALT,https://www.nyse.com/quote/BATS:ZALT
XNMS,ZAP,GLOBAL X U.S. ELECTRIFICATION ETF,ZAP,https://www.nyse.com/quote/XNMS:ZAP
BATS,ZAPR,INNOVATOR EQUITY DEFINED PROTECTION ETF - 1 YR APRIL,ZAPR,https://www.nyse.com/quote/BATS:ZAPR
BATS,ZAUG,INNOVATOR EQUITY DEFINED PROTECTION ETF - 1 YR AUGUST,ZAUG,https://www.nyse.com/quote/BATS:ZAUG
ARCX,ZCBA,GLOBAL X ZERO COUPON BOND 2030 ETF,ZCBA,https://www.nyse.com/quote/ARCX:ZCBA
ARCX,ZCBB,GLOBAL X ZERO COUPON BOND 2031 ETF,ZCBB,https://www.nyse.com/quote/ARCX:ZCBB
ARCX,ZCBC,GLOBAL X ZERO COUPON BOND 2032 ETF,ZCBC,https://www.nyse.com/quote/ARCX:ZCBC
ARCX,ZCBE,GLOBAL X ZERO COUPON BOND 2033 ETF,ZCBE,https://www.nyse.com/quote/ARCX:ZCBE
ARCX,ZCBF,GLOBAL X ZERO COUPON BOND 2034 ETF,ZCBF,https://www.nyse.com/quote/ARCX:ZCBF
ARCX,ZCBG,GLOBAL X ZERO COUPON BOND 2035 ETF,ZCBG,https://www.nyse.com/quote/ARCX:ZCBG
BATS,ZDEK,INNOVATOR EQUITY DEFINED PROTECTION ETF - 1 YR DECEMBER,ZDEK,https://www.nyse.com/quote/BATS:ZDEK
BATS,ZECP,ZACKS TR EARNINGS CONSTANT PORT ETF USD,ZECP,https://www.nyse.com/quote/BATS:ZECP
ARCX,ZETX,DEFIANCE DAILY TARGET 2X LONG ZETA ETF,ZETX,https://www.nyse.com/quote/ARCX:ZETX
BATS,ZFEB,INNOVATOR EQUITY DEFINED PROTECTION ETF - 1 YR FEBRUARY,ZFEB,https://www.nyse.com/quote/BATS:ZFEB
ARCX,ZHDG,TIDAL ETF TRUST ZEGA BUY & HEDGE ETF,ZHDG,https://www.nyse.com/quote/ARCX:ZHDG
XNMS,ZHOG,F/M OPPORTUNISTIC INCOME ETF,ZHOG,https://www.nyse.com/quote/XNMS:ZHOG
ARCX,ZIG,ETF SERIES SOLUTIONS ACQUIRERS FUND,ZIG,https://www.nyse.com/quote/ARCX:ZIG
ARCX,ZINC,ZACKS INCOME ETF,ZINC,https://www.nyse.com/quote/ARCX:ZINC
BATS,ZJAN,INNOVATOR EQUITY DEFINED PROTECTION ETF - 1 YR JANUARY,ZJAN,https://www.nyse.com/quote/BATS:ZJAN
BATS,ZJUL,INNOVATOR EQUITY DEFINED PROTECTION ETF - 1 YR JULY,ZJUL,https://www.nyse.com/quote/BATS:ZJUL
BATS,ZJUN,INNOVATOR EQUITY DEFINED PROTECTION ETF - 1 YR JUNE,ZJUN,https://www.nyse.com/quote/BATS:ZJUN
BATS,ZMAR,INNOVATOR EQUITY DEFINED PROTECTION ETF - 1 YR MARCH,ZMAR,https://www.nyse.com/quote/BATS:ZMAR
BATS,ZMAY,INNOVATOR EQUITY DEFINED PROTECTION ETF - 1 YR MAY,ZMAY,https://www.nyse.com/quote/BATS:ZMAY
XNMS,ZMUN,F/M ULTRASHORT TAX-FREE MUNICIPAL ETF,ZMUN,https://www.nyse.com/quote/XNMS:ZMUN
BATS,ZNOV,INNOVATOR EQUITY DEFINED PROTECTION ETF - 1 YR NOVEMBER,ZNOV,https://www.nyse.com/quote/BATS:ZNOV
BATS,ZOCT,INNOVATOR EQUITY DEFINED PROTECTION ETF - 1 YR OCTOBER,ZOCT,https://www.nyse.com/quote/BATS:ZOCT
ARCX,ZROZ,PIMCO ETF TRUST 25+ YR ZERO CPN US TREAS INDEX FD ETF,ZROZ,https://www.nyse.com/quote/ARCX:ZROZ
ARCX,ZSB,USCF ETF TRUST SUSTAINABLE BATTERY METALS STRATEGY FUND,ZSB,https://www.nyse.com/quote/ARCX:ZSB
ARCX,ZSC,USCF ETF TRUST USCF SUSTAINABLE COMMODITY STRATEGY FUND,ZSC,https://www.nyse.com/quote/ARCX:ZSC
BATS,ZSEP,INNOVATOR EQUITY DEFINED PROTECTION ETF - 1 YR SEPTEMBER,ZSEP,https://www.nyse.com/quote/BATS:ZSEP
ARCX,ZSL,PROSHARES ULTRASHORT SILVER,ZSL,https://www.nyse.com/quote/ARCX:ZSL
ARCX,ZTAX,X-SQUARE MUNICIPAL INCOME ETF,ZTAX,https://www.nyse.com/quote/ARCX:ZTAX
XNMS,ZTEN,F/M 10-YEAR INVESTMENT GRADE CORPORATE BOND ETF,ZTEN,https://www.nyse.com/quote/XNMS:ZTEN
XNMS,ZTOP,F/M HIGH YIELD 100 ETF,ZTOP,https://www.nyse.com/quote/XNMS:ZTOP
XNMS,ZTRE,F/M 3-YEAR INVESTMENT GRADE CORPORATE BOND ETF,ZTRE,https://www.nyse.com/quote/XNMS:ZTRE
XNMS,ZTWO,F/M 2-YEAR INVESTMENT GRADE CORPORATE BOND ETF,ZTWO,https://www.nyse.com/quote/XNMS:ZTWO
BATS,ZVOL,VOLATILITY PREMIUM PLUS ETF,ZVOL,https://www.nyse.com/quote/BATS:ZVOL
